:100000000C9495150C94CE150C94CE150C94CE151D
:100010000C94CE150C94CE150C94CE150C94CE15D4
:100020000C94CE150C94CE150C94CE150C94CE15C4
:100030000C94CE150C942FCA0C94CE150C94CE159E
:100040000C948AC10C94CE150C9424BC0C94CE153F
:100050000C94D6790C94CC790C94CE150C94CE15C6
:100060000C94CE150C94CE150C94CE150C94CE1584
:100070000C94CE150C94CE150C94CE150C94CE1574
:100080000C94DE700C94CE150C94CE15076342369A
:10009000B79BD8A71A39685618AEBAAB558C1D3C19
:1000A000B7CC5763BD6DEDFD753EF6177231BF00DD
:1000B0000000803F08000000BE922449123EABAA17
:1000C000AA2ABECDCCCC4C3E00000080BEABAAAA72
:1000D000AA3E00000000BF000000803F00000000BA
:1000E00000084178D3BB4387D1133D190E3CC3BDF3
:1000F0004282AD2B3E68EC8276BED98FE1A93E4CA0
:1001000080EFFFBE01C4FF7F3F00000000004E41B2
:100110004E494E495459494E46CDCCCC3D0AD72381
:100120003C17B7D13877CC2B329595E6241FB14FC9
:100130000A000020410000C84200401C4620BCBE0E
:100140004CCA1B0E5AAEC59D7400407A10F35A007B
:10015000A0724E18090010A5D4E80000E8764817F0
:100160000000E40B54020000CA9A3B000000E1F5D5
:1001700005000080969800000040420F000000A09B
:100180008601000000102700000000E803000000C6
:10019000006400000000000A0000000000010000F0
:1001A0000000002C76D888DC674F0823DFC1DFAE63
:1001B00059E1B1B796E5E3E453C63AE6519976962C
:1001C000E8E6C28426EB898C9B62ED407C6FFCEFF5
:1001D000BC9C9F40F2BAA56FA5F490055A2AF75C23
:1001E000936B6CF9676DC11BFCE0E40D47FEF520D5
:1001F000E6B500D0ED902E0300943577050080849D
:100200001E080000204E0A000000C80C33333333B0
:100210000F986E12831141EF8D2114893BE655161C
:10022000CFFEE6DB18D1844B381BF77C1D901DA454
:10023000BBE424203284725E228100C9F124ECA147
:10024000E53D2741425300504C41004572723A202F
:10025000454550524F4D20436F7272757074004582
:1002600072723A20454550524F4D2043524300454B
:1002700072723A20454550524F4D2053697A6500BD
:100280004572723A20454550524F4D205665727363
:10029000696F6E0020002000200020002000250053
:1002A00020202020202020002020202000657272A5
:1002B000001FE020102010201010201020201020FF
:1002C0001030300840048003001FE03FF03FF03F53
:1002D000F01FE01FE03FF03FF03FF00FC00780034A
:1002E000003FFFF038007030FC3020FC1020781008
:1002F0002030102C00D02E31D02F7BD02F7BD02E51
:1003000031D02C00D020301020781020FC1030FC90
:10031000303800703FFFF03FFFF03800703186301A
:100320002387102787902F87D02F03D020301020CD
:1003300078102078102030102F03D02F87D02787F7
:10034000902387103186303800703FFFF01FFFF890
:100350001FFFF80410400208200208200410400883
:10036000208010410010410008208004104000004F
:10037000001FFFF81FFFF83E0FF0C18618C1860C62
:100380000186040306041F0604030604018604C153
:10039000860CC186183E0FF042656400456E636CA2
:1003A0006F73757265003F0049676E6F726500522A
:1003B0006573657400496E697469616C697A65205A
:1003C000454550524F4D0046696C2E204469612EC0
:1003D000004F6666004F6E004520696E206D6D5EB1
:1003E000330020082046616374002008204D6178A6
:1003F000002008204D696E004D696E2054726176B0
:10040000656C205370656564004D696E2056656C9F
:100410006F63697479004D61782040205370656581
:1004200064004D6178204520416363656C004D6137
:1004300078204020416363656C0054726176656C7E
:1004400020416363656C005265747261637420417E
:100450006363656C00416363656C00402073746581
:1004600070732F6D6D00416476616E636564205317
:10047000657474696E6773003F0043616E63656CF9
:1004800000496E6974004D34323800496E697469F0
:10049000616C697A6520454550524F4D0046696C44
:1004A000616D656E740054656D706572617475720E
:1004B000650053746570732F6D6D004A756E6374BB
:1004C000696F6E2044657600416363656C65726197
:1004D00074696F6E004D61782053706565642028E3
:1004E0006D6D2F73290053657420486F6D65204F23
:1004F00066667365747300436F6E666967757261D3
:1005000074696F6E0053572D4D6F64650053746F9F
:1005100077004465706C6F790053656C662D546587
:10052000737400526573657400426564004E6F7A9F
:100530007A6C650046616E20537065656400436F98
:100540006E66696775726174696F6E005265737467
:100550006F72652044656661756C7473004C6F61E1
:10056000642053657474696E67730053746F7265A9
:100570002053657474696E677300507265686561B5
:1005800074202420436F6E66696700424C546F7577
:10059000636800416476616E6365642053657474BA
:1005A000696E6773004D61696E204D656E7500431D
:1005B0006F6E66696775726174696F6E0054656D00
:1005C00070657261747572650050726F626520614A
:1005D0006E64204C6576656C004D6F74696F6E00BB
:1005E00054756E6500496E666F2053637265656E63
:1005F000002100486F74656E6420746F6F20636F14
:100600006C64004261636B0050726F6365656400E7
:100610004D6F7665204578747275646572004D6F14
:1006200074696F6E0044697361626C652053746510
:100630007070657273004D3834004175746F2048D6
:100640006F6D65004D61696E204D656E7500537468
:100650006F72652053657474696E67730050726FB2
:1006600062652040204F66667365740053746F772F
:10067000205A2D50726F6265004D3430320044654F
:10068000706C6F79205A2D50726F6265004D343056
:1006900031004661646520486569676874004C658F
:1006A00076656C20426564004732394E0047323926
:1006B000004F6666004F6E00426564204C657665AB
:1006C0006C696E67004175746F20486F6D650047F7
:1006D0003238004D61696E204D656E75005072654F
:1006E0006865617420242042656400507265686505
:1006F0006174202420456E640054656D70657261DC
:10070000747572650047024302436F6F6C646F77C4
:100710006E005072656865617420240046616E2029
:10072000537065656400426564004E6F7A7A6C654B
:10073000004D61696E204D656E750042616279738E
:10074000746570205A00426162797374657020404C
:1007500000466C6F770046616E20537065656400DB
:10076000426564004E6F7A7A6C650053706565640B
:10077000004D61696E204D656E7500486F6D696E44
:1007800067204661696C6564006F70656E00545245
:1007900049474745524544003A20007A5F6D696EEB
:1007A00000795F6D696E00785F6D696E00526570EB
:1007B0006F7274696E6720656E6473746F702073F6
:1007C00074617475730A0020746F6F206C6F6E67AC
:1007D00020657874727573696F6E207072657665C6
:1007E0006E7465640A0020636F6C642065787472AF
:1007F0007573696F6E2070726576656E7465640AD4
:1008000000486F6D6520257320466972737400007F
:1008100000000000000000000000005761726E69D7
:100820006E673A20486F6D696E672042756D702063
:1008300044697669736F72203C20310A0002020419
:100840000000A0400000A0400000004053544F5062
:100850005045442E20005072696E74657220737486
:100860006F707065642064756520746F20657272A6
:100870006F72732E204669782074686520657272E5
:100880006F7220616E6420757365204D393939208F
:10089000746F20726573746172742E202854656DB4
:1008A0007065726174757265206973207265736515
:1008B000742E2053657420697420616674657220FB
:1008C00072657374617274696E67290A00206572BB
:1008D000726F72202D207265737461727420776953
:1008E0007468204D3939390A00424C546F75636879
:1008F0000021212053544F502063616C6C656420AB
:1009000062656361757365206F6620000000A04317
:10091000000096430000C8430000000000000000F3
:100920000000000053657474696E67732053746F20
:1009300072656400290A002062797465733B206344
:100940007263200053657474696E67732053746F0B
:10095000726564202800204D61726C696E3D5639C5
:1009600030290A00454550524F4D20766572736913
:100970006F6E206D69736D61746368202845455002
:10098000524F4D3D00454550524F4D2064617461BA
:1009900073697A65206572726F722E0A00576172F0
:1009A0006E696E673A00202863616C63756C6174D0
:1009B000656429210A0020213D2000454550524F01
:1009C0004D20435243206D69736D61746368202D1F
:1009D000202873746F726564292000454550524F7A
:1009E0004D20436F72727570740A002053697A65E6
:1009F0003A2000496E6465783A2000206279746577
:100A0000733B2063726320002073746F72656420EF
:100A100073657474696E6773207265747269657644
:100A2000656420280048617264636F6465642044D3
:100A3000656661756C742053657474696E677320A4
:100A40004C6F616465640000401C4500401C45001B
:100A500000C8420000C8410000A0420000A04200BF
:100A600000C8430000BE42F4010000F4010000642D
:100A70000000008813000020286D6D29004F4646B5
:100A8000004F4E00203B204C6576656C696E6720F8
:100A90000020204D3432302053004175746F2042C5
:100AA0006564204C6576656C696E670020460020A1
:100AB000420020480020204D3134352053004D6144
:100AC00074657269616C206865617475702070610D
:100AD00072616D657465727300204A002020473290
:100AE00039205720490020204D3134392043203B04
:100AF00020556E69747320696E2043656C73697547
:100B0000730A0054656D7065726174757265205565
:100B10006E697473002020473231203B004C696EAF
:100B200065617220556E69747300434F4D4D554E8B
:100B300049434154494F4E0044525952554E004585
:100B400052524F525300494E464F004543484F00C2
:100B500053544F505045442E20005072696E7465B6
:100B6000722073746F707065642064756520746F93
:100B7000206572726F72732E2046697820746865E2
:100B8000206572726F7220616E6420757365204DEE
:100B900039393920746F20726573746172742E2034
:100BA0002854656D70657261747572652069732073
:100BB00072657365742E20536574206974206166B4
:100BC0007465722072657374617274696E67290A44
:100BD000004E6F20436865636B73756D2077697491
:100BE00068206C696E65206E756D6265722C204C94
:100BF000617374204C696E653A2000636865636BAD
:100C000073756D206D69736D617463682C204C6120
:100C10007374204C696E653A20004C696E65204EF5
:100C2000756D626572206973206E6F74204C6173FC
:100C300074204C696E65204E756D6265722B312C87
:100C4000204C617374204C696E653A20004D31313F
:100C5000300053657269616C207374617475732020
:100C60006D69736D617463680A00746F6F206D75D0
:100C7000636820696E6163746976652074696D6567
:100C8000202D2063757272656E7420636F6D6D61C7
:100C90006E643A20002121204B494C4C2063617541
:100CA0007365642062792000627573793A207061FF
:100CB0007573656420666F7220696E7075740A00C2
:100CC000627573793A2070617573656420666F721E
:100CD00020757365720A00627573793A2070726FBD
:100CE00063657373696E670A00506C656173652094
:100CF0005265736574005052494E54455220484124
:100D00004C5445440025533A202553004B494C4C44
:100D100045442E20005072696E7465722068616CC3
:100D20007465642E206B696C6C28292063616C6C7F
:100D30006564210A006563686F3A004572726F72DC
:100D40003A0042696C696E656172204C6576656C2B
:100D5000696E6720477269643A0A0050726F62696F
:100D60006E6720506F696E740025532025692F250A
:100D700069002E0A002F0050726F62696E67206D45
:100D800065736820706F696E742000202844525982
:100D900052554E2900473239204175746F20426503
:100DA00064204C6576656C696E67003F20284C2C8A
:100DB000522C462C4229206F7574206F6620626F7A
:100DC000756E64732E0A00290A003F4665656472D9
:100DD0006174652028532920746F6F206C6F772E03
:100DE00020285573696E6720003F28562965726276
:100DF0006F7365206C6576656C20696D706C6175CC
:100E00007369626C652028302D34292E0A004261F6
:100E100064205A2076616C75650A004E6F20626905
:100E20006C696E65617220677269640A0020440013
:100E300020204D32303020530020284469736162F5
:100E40006C6564293A0046696C616D656E74207347
:100E5000657474696E67730020204D3230312058FC
:100E6000004D617820416363656C65726174696FE0
:100E70006E2028756E6974732F7332290020204DFF
:100E80003230332058004D617820666565647261A8
:100E90007465732028756E6974732F73290020524E
:100EA0000020204D323034205000416363656C6572
:100EB000726174696F6E2028756E6974732F733256
:100EC000292028503C7072696E742D616363656CD3
:100ED0003E20523C726574726163742D6163636578
:100EE0006C3E20543C74726176656C2D6163636561
:100EF0006C3E2900204A0020540020530020204D41
:100F0000323035204200416476616E63656420288A
:100F1000423C6D696E5F7365676D656E745F746981
:100F20006D655F75733E20533C6D696E5F666565E8
:100F300064726174653E20543C6D696E5F747261C9
:100F400076656C5F66656564726174653E204A3CD7
:100F50006A756E635F6465763E290020440020490F
:100F60000020204D333031205000486F74656E648E
:100F7000205049440020440020490020204D3330B7
:100F80003420500042656420504944002E0A00027B
:100F9000149F299C299929206E6F742064697361BC
:100FA000626C65642E205368617265642077697491
:100FB0006800536C6565702E2E2E005A2050726F9B
:100FC00062652050617374204265640A005A2050A3
:100FD000726F62652050617374204265640047320D
:100FE000384C30005A2050726F6265205061737423
:100FF0002042656400205A3A0020593A0042656454
:1010000020583A004D65736820706F696E74206FC8
:101010007574206F662072616E67650A00436C69A3
:10102000636B20746F20526573756D652E2E2E00D4
:10103000616C736F20656E61626C6564290A004E95
:101040006F204D6F76652E002569730025696D2030
:10105000256973002569682025696D20256973005D
:10106000256964202569682025696D20256973003C
:1010700025697920256964202569682025696D2006
:10108000256973005072696E742074696D653A2029
:10109000006F6B004C696E653A20006F6666004B0E
:1010A0000B460B3F0B380B2A0B44454255473A0081
:1010B0004D3131322053687574646F776E004D3155
:1010C0003133205300427269782043522D31302051
:1010D0004F46462E0020732E0A00496E61637469E4
:1010E000766974792074696D656F75742000434F5B
:1010F0004E4649475F4558504F5254004D45415464
:101100005041434B00434F4F4C45525F54454D5067
:1011100045524154555245004348414D4245525F66
:1011200054454D50455241545552450045505F423B
:10113000414259535445500042414259535445503D
:1011400050494E470041524353004D4F54494F4E72
:101150005F4D4F44455300544845524D414C5F50FC
:10116000524F54454354494F4E00455854454E4400
:1011700045445F4D323000435553544F4D5F46490F
:10118000524D574152455F55504C4F4144004C46DB
:101190004E5F5752495445004C4F4E475F46494CAD
:1011A000454E414D45004155544F5245504F5254C4
:1011B0005F53445F5354415455530053445F575257
:1011C000495445005245504541540053444341520F
:1011D000440050524F4D50545F535550504F52544D
:1011E00000484F53545F414354494F4E5F434F4D66
:1011F0004D414E445300454D455247454E43595F7E
:1012000050415253455200434153455F4C49474872
:10121000545F4252494748544E45535300544F4738
:10122000474C455F4C494748545300534F46545729
:101230004152455F504F574552004255494C445F1B
:1012400050455243454E54004C4556454C494E4737
:101250005F44415441005A5F50524F42450052553D
:101260004E4F5554004155544F4C4556454C005037
:1012700052494E545F4A4F420050524F47524553D5
:1012800053004155544F5245504F52545F54454DB1
:1012900050004155544F5245504F52545F504F5398
:1012A00000564F4C554D4554524943004545505208
:1012B0004F4D0042494E4152595F46494C455F549B
:1012C00052414E534645520053455249414C5F5896
:1012D0004F4E5F584F4646004649524D5741524582
:1012E0005F4E414D453A4D61726C696E20322E3130
:1012F0002E332D62657461332028466562202036C6
:1013000020323032362031313A34303A33372920E6
:10131000534F555243455F434F44455F55524C3AF6
:101320006769746875622E636F6D2F4D61726C69A9
:101330006E4669726D776172652F4D61726C696E70
:101340002050524F544F434F4C5F56455253494FD4
:101350004E3A312E30204D414348494E455F545955
:1013600050453A427269782043522D3130204B4922
:101370004E454D41544943533A4361727465736914
:10138000616E2045585452554445525F434F554E67
:10139000543A3120555549443A63656465326132A7
:1013A000662D343161322D343734382D3962313283
:1013B0002D633535633632663336376666002F2F38
:1013C000004D31343520533C696E6465783E206FA2
:1013D0007574206F662072616E67652028302D312C
:1013E000290A003F4A206F7574206F662072616E73
:1013F00067652028302E303120746F20302E33293D
:101400000A002058003B200020204D61783A20003F
:10141000200020204D696E3A2000203B2000202033
:101420004D323131205300250A0046523A00204601
:101430006C6F773A20003A200020536572766F2057
:1014400000206F7574206F662072616E67650A00F8
:10145000536572766F200064697300656E004329DE
:101460000061626C656420286D696E2074656D7022
:101470002000436F6C642065787472756465732016
:1014800061726520004F46460A0046616465204847
:1014900065696768742000426564204C6576656CF8
:1014A000696E6720004661696C656420746F206511
:1014B0006E61626C6520426564204C6576656C697E
:1014C0006E670A00496E76616C6964206D657368A9
:1014D0002E0A004D34323120696E636F727265637B
:1014E0007420706172616D657465722075736167D7
:1014F000650A004D65736820706F696E74206F75A2
:1015000074206F662072616E67650A004F666673AD
:10151000657473204170706C696564004D494E2F8D
:101520004D415820546F6F2046617200546F6F20F8
:101530006661722066726F6D204D494E2F4D415885
:101540000A00454550524F4D204F4B0A00290A00D2
:1015500020746F20003F5A206F7574206F662072D0
:10156000616E6765202800290A0020746F20003F03
:1015700059206F7574206F662072616E6765202830
:1015800000290A0020746F20003F58206F757420D6
:101590006F662072616E67652028006F6B002020E7
:1015A0004D323036205800486F6D65206F66667387
:1015B0006574004361703A00203B0020204D3835AF
:1015C000312058005A2D50726F6265204F66667345
:1015D00065740020573A00436F6F6C696E672E2E5A
:1015E0002E0045312025530020573A0042656420E3
:1015F000436F6F6C696E672E2E2E00426564204823
:10160000656174696E672E2E2E0023646566696EAF
:10161000652044454641554C545F000062656400B6
:101620004B6420004B6920004B7020002066696EDF
:101630006973686564212050757420746865206C36
:10164000617374204B702C204B6920616E64204BB9
:101650006420636F6E7374616E74732066726F6D55
:101660002062656C6F7720696E746F20436F6E66C1
:10167000696775726174696F6E2E680A005049441B
:10168000204175746F74756E6500206661696C65C4
:1016900064212074696D656F75740A005049442097
:1016A0004175746F74756E6500206661696C656460
:1016B000212054656D706572617475726520746F58
:1016C0006F20686967680A00504944204175746F4B
:1016D00074756E6500504944204379636C657300EE
:1016E00025532025692F256900204B643A200020CE
:1016F0004B693A2000204B703A200020436C617304
:1017000073696320504944200A00204E6F206F7691
:10171000657273686F6F740A002054753A20002058
:101720004B753A2000206D61783A2000206D696E7B
:101730003A200020643A200020626961733A200058
:1017400048656174696E672E2E2E00207374617275
:10175000740A00504944204175746F74756E6500B9
:10176000206661696C6564212054656D70657261E5
:101770007475726520746F6F20686967680A00501D
:101780004944204175746F74756E6500504944205A
:101790004175746F74756E6500206661696C65646F
:1017A0002120426164206865617465722069640A61
:1017B00000504944204175746F74756E6500457220
:1017C000723A207574663820666F6E74206E6F747E
:1017D00020696E697469616C697A65642E0045726E
:1017E000723A207574663820666F6E74206E6F745E
:1017F00020696E697469616C697A65642E0045724E
:10180000723A207574663820666F6E74206E6F743D
:1018100020696E697469616C697A65642E002000C4
:101820003A003A00000C0F00FE07022503BB017FBF
:10183000FE08FE08FE05080806000040F0C888887B
:10184000987810050808060000C0F88888888888FD
:10185000F80505050600012030F8302005080806C7
:1018600000002070F820202020E00509090600FF74
:101870002070A8A8B888887020070505070001D83F
:101880006C366CD80509090600FFF8A88888888896
:1018900088A8F8050A0A0600FE205050505088A873
:1018A000A8887003030306000340A040FFFFFFFF6A
:1018B000FFFFFFFFFFFFFFFFFFFFFFFFFFFFFFFF38
:1018C000FFFF0000000605FF0107070602008080F9
:1018D0008080800080030303060105A0A0A0050608
:1018E0000606000050F85050F8500509090600FFA0
:1018F0002070A8A07028A87020050707060000C85F
:10190000C8102040989805070706000040A0A04096
:10191000A890680103030602058080800309090678
:1019200001FF2040408080804040200309090601DB
:10193000FF8040402020204040800507070600002F
:1019400020A8702070A8200505050600012020F8B9
:1019500020200203030601FFC040800501010600AC
:1019600003F8020202060100C0C0050707060000D6
:101970000810102040408005070706000070889876
:10198000A8C8887003070706010040C040404040D7
:10199000E0050707060000708808102040F80507DA
:1019A00007060000F80810300888700507070600D1
:1019B0000010305090F81010050707060000F8805E
:1019C000F008088870050707060000304080F0889E
:1019D0008870050707060000F80810102020200571
:1019E000070706000070888870888870050707065A
:1019F000000070888878081060020505060100C0A4
:101A0000C000C0C00206060601FFC0C000C0408082
:101A10000305050601012040804020050303060060
:101A200002F800F80305050601018040204080050A
:101A30000707060000708810202000200507070611
:101A400000007088B8A8B88070050707060000700D
:101A50008888F8888888050707060000F0484870DD
:101A60004848F0050707060000708880808088706D
:101A7000050707060000F04848484848F0050707F2
:101A8000060000F88080F08080F805070706000057
:101A9000F88080F08080800507070600007088804D
:101AA00080988870050707060000888888F888886D
:101AB00088030707060100E04040404040E005077A
:101AC0000706000038101010109060050707060088
:101AD000008890A0C0A090880507070600008080BD
:101AE00080808080F805070706000088D8A88888CD
:101AF00088880507070600008888C8A89888880590
:101B00000707060000708888888888700507070620
:101B10000000F08888F080808005070706000070CC
:101B2000888888A89068050707060000F08888F074
:101B3000A0908805070706000070888070088870EC
:101B4000050707060000F8202020202020050707B1
:101B500006000088888888888870050707060000C6
:101B600088888888505020050707060000888888E4
:101B700088A8A850050707060000888850205088CC
:101B800088050707060000888850202020200507C8
:101B900007060000F80810204080F8030909060134
:101BA000FFE080808080808080E0050707060000DD
:101BB000804040201010080309090601FFE02020A2
:101BC0002020202020E00503030600052050880582
:101BD00001010600FEF8030303060105804020050D
:101BE00005050600007008788878050707060000DC
:101BF0008080F0888888F0050505060000708080E8
:101C00008870050707060000080878888888780526
:101C100005050600007088F08070050707060000C3
:101C2000304840E04040400507070600FE708888C5
:101C3000887808700507070600008080F08888888B
:101C4000880307070601004000C0404040E0040947
:101C5000090601FE100030101010109060050707F3
:101C600006000080808890E0908803070706010046
:101C7000C04040404040E0050505060000D0A8A84F
:101C8000A8A8050505060000B0C8888888050505D0
:101C900006000070888888700507070600FEF08837
:101CA0008888F080800507070600FE788888887895
:101CB0000808050505060000B0C8808080050505F8
:101CC00006000078807008F0050707060000202055
:101CD000F8202020180505050600008888889868E7
:101CE00005050506000088888850200505050600C2
:101CF000008888A8A85005050506000088502050D7
:101D0000880507070600FE88888850204080050562
:101D100005060000F8102040F80309090601FF201D
:101D200040404080404040200109090602FF808079
:101D3000808080808080800309090601FF80404008
:101D400040204040408005030306000248A890FF61
:101D500024F4D43050C38D20C3A24117828B70115C
:101D6000127A900D826CDA0AA861E108C7586607FA
:101D7000615142061F4B5E05C145A6041B4112047A
:101D8000093D9703723931034136DB026633920213
:101D9000D4305302812E1D02642CEE01762AC50137
:101DA000B128A101102781018F2564012B244A014C
:101DB000E1223401AD2120018D200C01811FFC00A6
:101DC000851EED00981DDF00B91CD200E71BC7007F
:101DD000201BBB00651AB200B319A9000A19A000A4
:101DE0006A189800D217920040178A00B61684002D
:101DF00032167E00B41579003B157400C7146F00CD
:101E000058146A00EE1366008813620026135E0001
:101E1000C8125B006D12570016125500C111510017
:101E200070114E0022114C00D61049008D10460052
:101E30004710450002104200C00F4000800F3E00D6
:101E4000420F3C00060F3A00CC0E3900930E3700CB
:101E50005C0E3500270E3400F30D3200C10D310049
:101E6000900D2F00610D2F00320D2D00050D2C005F
:101E7000D90C2A00AF0C2A00850C28005D0C280024
:101E8000350C27000E0C2500E90B2500C40B24009F
:101E9000A00B23007D0B22005B0B21003A0B2100DD
:101EA000190B2000F90A1F00DA0A1F00BB0A1E00E6
:101EB0009D0A1D00800A1C00640A1C00480A1C00C0
:101EC0002C0A1B00110A1A00F7091A00DD09190073
:101ED000C4091900AB091800930918007B09170001
:101EE000640917004D09170036091600200915006E
:101EF0000B091500F6081500E1081500CC081400C0
:101F0000B8081400A4081300910813007E081300F9
:101F10006B08120059081200470812003508120019
:101F2000230811001208110001081000F107110028
:101F3000E0071000D0071000C0070F00B107100025
:101F4000A1070F0092070F0083070F0074070E0010
:101F500066070E0058070E004A070E003C070E00E9
:101F60002E070D0021070D0014070D0007070D00B7
:101F7000FA060D00ED060C00E1060D00D4060C007B
:101F8000C8060C00BC060C00B0060B00A5060C0031
:101F900099060B008E060B0083060B0078060B00DB
:101FA0006D060B0062060B0057060A004D060A007C
:101FB00043060B0038060A002E060A002406090014
:101FC0001B060A0011060A0007060900FE050A00A2
:101FD000F4050900EB050900E2050900D90509002F
:101FE000D0050900C7050800BF050900B6050900AE
:101FF000AD050800A50508009D0508009505090028
:102000008C050800840508007C050700750508009C
:102010006D050800650507005E0508005605070008
:102020004F05080047050700400507003905070070
:10203000320507002B050700240507001D050700D2
:10204000160507000F050600090507000205060032
:10205000FC040700F5040600EF040700E80406008E
:10206000E2040600DC040600D6040600D0040700E3
:10207000C9040500C4040600BE040600B804060036
:10208000B2040600AC040600A6040500A104060084
:102090009B04050096040600900405008B040600CE
:1020A00085040500800405007B0405007604060015
:1020B000700405006B04050066040500610405005A
:1020C0005C04050057040500520405004D0405009A
:1020D00048040400440405003F0405003A040400D9
:1020E00036040500310405002C0404002804050012
:1020F000230404001F0405001A040400160404004D
:10210000120405000D040400090404000504040081
:1021100001040500FC030400F8030400F4030400B8
:10212000F0030400EC030400E8030400E4030400EB
:10213000E0030400DC030400D8030400D40303001C
:10214000D1030400CD030400C9030400C503040047
:10215000000000000000000000000000000000007F
:102160000000000000000000D1036D6403570D0360
:1021700047C6023B8B023259022B2E02250902214F
:10218000E8011CCC011AB201179B011487011374DA
:10219000011163010F54010E46010D39010D2C018F
:1021A0000B21010A17010A0D0109040108FC0008AE
:1021B000F40007ED0007E60007DF0006D90006D3AC
:1021C0000005CE0006C80005C30004BF0005BA0024
:1021D00004B60004B20004AE0004AA0004A6000382
:1021E000A300049F00039C0003990003960003933F
:1021F00000029100038E00028C0003890002870018
:10220000038400028200028000027E00027C000241
:102210007A000278000276000175000273000271F4
:1022200000017000026E00016D00026B00016A0087
:10223000026800016700026500016400016300019B
:102240006200026000015F00015E00015D00015C50
:1022500000015B00015A00015900015800015700BC
:1022600001560001550001540001530001520001C4
:102270005100005100015000014F00014E00014D7E
:1022800000004D00014C00014B00014A00004A00D3
:1022900001490001480000480001470001460000D4
:1022A0004600014500004500014400014300004391
:1022B00000014200004200014100004100014000D5
:1022C000004000013F00003F00013E00003E0001D1
:1022D0003D00003D00013C00003C00013B00003B94
:1022E00000013A00003A00013900003900003900CD
:1022F00001380000380001370000370000370001C6
:10230000360000360000360001350000350001348B
:1023100000003400003400013300003300003300BB
:1023200001320000320000320001310000310000B3
:102330003100003100013000003000003000012F7A
:1023400000002F00002F00002F00012E00002E00A3
:10235000002E00012D00002D00002D00002D000199
:102360002C00002C00002C00002C00012B00002B66
:1023700000002B00002B00012A00002A00002A0088
:10238000002A00002A00012900002900002900007D
:10239000290001280000280000280000280000284B
:1023A0000001270000270000270000270000270069
:1023B000012600002600002600002600002600005E
:1023C000260001250000250000250000250000252D
:1023D0000000250001240000240000240000240047
:1023E000002400002400012300002300002300003B
:1023F000230000230000230001220000220000220D
:102400000000220000220000220000220001210022
:102410000021000021000021000021000021000017
:1024200021000120000020000020000020000020EA
:1024300000002000002000002000011F00001F00FD
:10244000001F00001F00001F00001F00001F0000F1
:1024500020436F756E7420583A0042656400453120
:1024600000626564002C2073797374656D20737449
:102470006F7070656421204865617465725F4944BE
:102480003A20004572723A204D415854454D500053
:102490004D415854454D50207472696767657265A7
:1024A000640048656174696E67204661696C6564A3
:1024B0000048656174696E67206661696C656400D7
:1024C0004572723A204D494E54454D50004D494E8B
:1024D00054454D5020747269676765726564005495
:1024E0004845524D414C2052554E41574159005498
:1024F0006865726D616C2052756E6177617900203C
:102500002F002042403A0020403A00000000000026
:102510000000600000000000FC00000FF000000060
:102520000007E00000000001861FC01870000000D6
:102530000000603C0C000001830C601030000000C3
:102540000000603C0C000001830C303030000000C3
:10255000000060000C000000030C183000000000B8
:10256000000060003F0F3C00030C0C6001DF0FE037
:10257000FE00601C1C061800060C0C6000F31831ED
:102580008300600C0C0318001E0C0C6000E0303956
:102590008300600C0C033000030C0C6000C030386A
:1025A0000F00600C0C033000018C0C6000C03FF881
:1025B000FB00600C0C033000018C0C6030C030015B
:1025C0008300600C0C01F001818C0C6030C0300184
:1025D0008300600C0C00E001818C183030C0183191
:1025E0008300600C0C40E001838C301860C00C61EB
:1025F00087C0E01C0CC06000C30C600FC3F007C0B4
:10260000FFC7FC7F0781C0007E1FC00000000000E4
:1026100000000000000700000000000000000000B3
:1026200000000000000700000000006D61726C698E
:102630006E66772E6F726700322E312E332D6265F3
:10264000746133001FFFFFFFFFFFFF600000000009
:1026500001FF400000000000FF8000000000007F3C
:1026600083CF00000C303F87FF80000C301F86793D
:1026700080000C000F8C30C7838C30E78C30CFC7C4
:10268000CC31F38C30DCECEC33B98C30D86C6C335F
:10269000198C30D06C0C33198C30D86C0C33198CED
:1026A00030DC6C0E3B198C30CF7C079F198C30C707
:1026B0007C038F1940000000000002600000000051
:1026C00000061FFFFFFFFFFFF82001400130013B24
:1026D00001400136016001310170012C0190012798
:1026E00001B0012201C0011D01F001180110021307
:1026F0000130020E016002090190020401C002FFD4
:10270000000003FA004003F5008003F000D003EB63
:10271000002004E6007004E100E004DC004005D77E
:1027200000C005D2004006CD00D006C8008007C317
:10273000003008BE00F008B900C009B400B00AAF0C
:1027400000B00BAA00D00CA500000EA000500F9BFB
:1027500000C01096005012910000148C00C0158724
:1027600000B0178200B0197D00D01B7800001E73E6
:102770000040206E0090226900F024640040275F32
:102780000090295A00E02B5500102E500020304BAD
:102790000010324600E033410090353C00103737DE
:1027A0000070383200A0392D00B03A2800A03B2339
:1027B00000603C1E00103D1900903D1400103E0FBB
:1027C00000703E0A00C03E0500003F0000403FFB95
:1027D000FF803FF6FFC03FF1FF2020506C616E6E1E
:1027E000657242756666657242797465733A200057
:1027F0002046726565204D656D6F72793A20002024
:10280000436F6D70696C65643A20466562202036BE
:1028100020323032360A00204C61737420557064C7
:10282000617465643A20323032352D30362D3235C0
:10283000207C20417574686F723A2028437265616C
:102840006C6974792043522D3130290A004D617230
:102850006C696E20322E312E332D62657461330A1D
:102860000020536F667477617265205265736574DA
:102870000A00205761746368646F6720526573654E
:10288000740A002042726F776E206F757420526553
:102890007365740A002045787465726E616C20520D
:1028A000657365740A00506F77657255700A00731E
:1028B000746172740A00456E6473746F70730025DE
:1028C0005320256320256320256320256300205A9B
:1028D0003A0020593A0020583A00656E6473746FCC
:1028E0007073206869743A2000000000010200093A
:1028F0000A000000000403080700000000000000B8
:10290000000000000000000000302E3032350030A2
:102910002E3100312E30004D6F766520246D6D0014
:102920003130000000A043000096430000C8434D32
:102930006F76652041786973004D6F7665202A00B7
:102940004D6F76652040002000200020002000FF11
:10295000FFFF205A3A200020593A200042656420A7
:10296000583A200050726F62696E67204661696C48
:1029700065640A0050726F62696E67204661696C17
:10298000656400220A00556E6B6E6F776E20636F70
:102990006D6D616E643A202200204500205A0020AF
:1029A000590020204D39322058005374657073202F
:1029B00070657220756E697400DB0FC93F45BCDA23
:1029C0003F8FB30240FCF0274056946140FE4B9B82
:1029D0004084A5D840E0231841346A5641E859970D
:1029E0004164DBD5416E271742B4B75542CE1A97E2
:1029F00042C8AED542B5885A43D40684BFA65FA765
:102A0000BF7443E0BF10B11AC01C2C58C0E8F69741
:102A1000C0B849D6C04E4E17C124D355C1802497A3
:102A2000C1A0B5D5C1121A17C244AE55C2781797C6
:102A3000C26CACD5C267885AC320746F6F206C6FAC
:102A40006E6720657874727573696F6E2070726539
:102A500076656E7465640A0020636F6C6420657827
:102A600074727573696F6E2070726576656E7465C9
:102A7000640A006F6B0A00526573656E643A200049
:102A800020453A00205A3A0020593A00583A0000AE
:102A9000002200250028002B000000210024002730
:102AA000002A0002020202020202020404040404D8
:102AB00004040403030303030303030101010101ED
:102AC00001010101020408102040800102040810E5
:102AD000204080010204081020408080402010081F
:102AE0000402014572726F722077726974696E67B1
:102AF00020746F20454550524F4D210A00427269A3
:102B0000782043522D31302052656164792E005077
:102B100072696E74696E672E2E2E005072696E7423
:102B20002050617573656400B2CC11241FBECFEFD5
:102B3000D0E4DEBFCDBF84B78093720F14BE0FB652
:102B4000F894A8958091600088618093600010924D
:102B500060000FBE12E0A0E0B1E0E8E3F3EC01E0BA
:102B60000BBF02C007900D92A035B107D9F72FE037
:102B7000A0E5B2E001C01D92A237B207E1F715E16E
:102B8000C5E9D5E104C02197FE010E94A3DDC43947
:102B9000D107C9F70E94B6CD0C949AE10C940000BD
:102BA000CF92DF92EF92FF9280918202882309F404
:102BB00057C0C0907E02D0907F02E0908002F090DB
:102BC000810220E030E0A901C701B6010E94D8D6F9
:102BD000882309F445C020E030E040E05FE3C7010E
:102BE000B6010E943DD79B01AC010E943DD72BED61
:102BF0003FE049E450E40E943DD79B01AC0160E016
:102C000070E080E89FE30E946DDE6B017C01C09262
:102C10006902D0926A02E0926B02F0926C026091BB
:102C20001A0170911B01072E000C880B990B0E9452
:102C3000DED62AE037ED43E25CE30E943DD7A701F0
:102C400096010E943DD76093640170936501809363
:102C5000660190936701FF90EF90DF90CF90089509
:102C6000C12CD12C80E8E82E8FE3F82ED0CFFC01C8
:102C70007081472F50E0062E02C0559547950A9463
:102C8000E2F740FF14C040914F0450E0062E02C00E
:102C9000559547950A94E2F740FF09C021E030E0DE
:102CA00001C0220F6A95EAF7209527232083089513
:102CB0009C0197FF26C0EE27FF27E81BF90B2D3953
:102CC0008FEF38070CF05DC08DE28093A806CF012E
:102CD00064E670E00E9490DDCB012AE030E0B901AB
:102CE0000E9490DD805D8093A906CF01B9010E940A
:102CF00090DDCB01B9010E9490DD805D8093AA0632
:102D00002AC0283E83E03807B4F1C90168EE73E0B9
:102D10000E9490DDCB01EAE0F0E0BF010E9490DD6F
:102D2000805D8093A806C90164E670E00E9490DD92
:102D3000CB01BF010E9490DD805D8093A906C9018F
:102D4000BF010E9490DDCB01BF010E9490DD805D3C
:102D50008093AA06F901CF016AE070E00E9490DD3D
:102D6000805D8093AB0688EA96E008958DE237FD9A
:102D7000C5CF80E2C3CFF90180E2243631050CF0E3
:102D8000A4CF80E28093A8068093A906EA30F105DB
:102D90006CF38DE237FF80E28093A906CF016AE0F1
:102DA00070E00E9490DD605D6093AA06D4CF9C0124
:102DB000EAE0F0E0BF010E9490DD805D8093AB0609
:102DC0002A303105CCF0CB01BF010E9490DD805D3F
:102DD0008093AA062436310594F0C90164E670E0B8
:102DE0000E9490DDCB01BF010E9490DD805D809349
:102DF000A90689EA96E008958BEA96E008958AEAA2
:102E000096E008959C018436910544F164E670E0F3
:102E10000E9490DDCB016AE070E00E9490DD805D51
:102E20008093A90680E22A3031055CF0EAE0F0E008
:102E3000C901BF010E9490DDCB01BF010E9490DD5E
:102E4000805D8093AA06C9016AE070E00E9490DD6F
:102E5000805D8093AB0689EA96E0089580E237FFB3
:102E6000DFCF3195219531098DE2DACF94E6899F44
:102E70009001112421583F4FC9016FEF70E00E946B
:102E800090DDFB01862F91E3643609F090E2909388
:102E9000A8068A30D8F0C90166EF79E00E9490DD7B
:102EA000CB016AE070E00E9490DD805D8093A9060E
:102EB000CF016AE070E00E9490DD805D8093AA06F9
:102EC00085E28093AB0688EA96E0089580E2EECF33
:102ED000FC0184910895FC018081089560911A019C
:102EE00070911B01072E000C880B990B0E94DED6F7
:102EF0002AE037ED43E25CE30E943DD7209169026E
:102F000030916A0240916B0250916C020E943DD751
:102F100060936401709365018093660190936701EB
:102F200008958091D206811104C08091A0068093FB
:102F3000FC060895CF93DF93EC01CB01BA010E9408
:102F4000DED620E030E040E251E40E946DDE2AE06F
:102F500037ED43E25CE30E94F6DD688379838A8380
:102F60009B83DF91CF910895CF93DF93EC01CB0149
:102F7000BA010E94DED6688379838A839B83DF91BE
:102F8000CF910895CF93DF93EC01CB01BA010E945A
:102F9000DED6688379838A839B83DF91CF910895FE
:102FA000CF92DF92EF92FF920E94DED66B017C01FE
:102FB00020E030E0A9010E94D8D62DEB37E346E0AF
:102FC00055E387FF04C02DEB37E346E055EBC7011F
:102FD000B6010E94F6DD6B017C0120E030E0A90122
:102FE0000E94D8D620E030E040E05FE387FF04C0D5
:102FF00020E030E040E05FEBC701B6010E94F6DD63
:103000000E94D5DECB01FEDEFF90EF90DF90CF90E7
:103010000895CF93DF93EC01642F70E090E080E09F
:103020000E94DED629EC38EC48EC5EE30E946DDEAF
:1030300020E030E040E05FE30E94F6DD0E94DADE4F
:103040006883DF91CF91089570E090E080E00E9466
:10305000DED629EC38EC48EC5EE30E946DDE20E021
:1030600030E040E05FE30E94F6DD0E94DADE862F6A
:10307000FDCEE091D20686E0E802F0011124EB5388
:10308000F94F8091A00690E0958384830895CF93B3
:10309000DF93EC01CB01BA010E94DED620E030E0E4
:1030A00048EC52E40E946DDE2FE632E143E85AE339
:1030B0000E94F6DD688379838A839B83DF91CF91B9
:1030C0000895CF93DF93EC01CB01BA010E94DED6C5
:1030D00020E030E048EC52E40E946DDE2FE632E161
:1030E00043E85AE30E94F6DD688379838A839B83F1
:1030F000DF91CF910895CF93DF93EC01CB01BA011B
:103100000E94DCD62AE037ED43E25DE30E946DDEEB
:103110000E94DADE688379838A839B83DF91CF9173
:103120000895CF93DF93EC01CB01BA010E94DED664
:103130002AE037ED43E25DE30E946DDE6883798328
:103140008A839B83DF91CF910895FC015183408353
:103150000895CB0157CECF93DF93EC01CB01BA0199
:103160000E94DED620E030E04AE754E40E946DDEA3
:1031700027E137EB41ED58E30E94F6DD6883798360
:103180008A839B83DF91CF910895FC01A081B18157
:103190001C92A281B3818C918F5F8C930280F3810A
:1031A000E02D90818CE0989F800D1124E4E5FEE0F5
:1031B00013AE84AF08954091550421E0422761E0A9
:1031C00070E00C9465B24091550421E042276CE018
:1031D00070E00C9465B24091550421E0422761E013
:1031E00070E00C9465B24091550421E0422768E0FC
:1031F00070E00C9465B24091550421E042276CE0E8
:1032000070E00C9465B24091550421E0422762E0E1
:1032100070E00C9465B24091550421E0422764E0CF
:1032200070E00C9465B241E061E070E00C9465B22E
:1032300041E062E070E00C9465B24091550421E0F9
:1032400042270C9465B264E070E00C948DBB61E0A1
:1032500070E00C948DBB62E070E00C948DBB61E07B
:1032600070E00C948DBB6CE070E00C948DBBCF9340
:10327000DF93C82FCB010E94D871C1110EC0C9E8DD
:10328000D7E088E997E00E94D871CE010E94D871FA
:103290000E943B72DF91CF910895CEE8D7E0F1CF45
:1032A0009091870281E089270C94EC6A61E080EAC2
:1032B00096E00C94196BA4E0B0E0E1E6F9E10C941F
:1032C000CEDD19821A821B821C82AE014F5F5F4FD6
:1032D000BC0182E498E00E9470B32496E2E00C9472
:1032E000EADDCF93DF93C0918B08D0918C082097B3
:1032F00029F16091870870918808809189089091E0
:103300008A080E94D5DE6E5F7F4F24976C177D0779
:10331000ACF47093F8046093F7040E94E3BB605C24
:1033200073468F4F9F4F6093F9047093FA04809314
:10333000FB049093FC04DF91CF9108951092F9045F
:103340001092FA041092FB041092FC04F4CFC9CF3F
:10335000CF92DF92EF92FF92CF93C82F0E94E3BBF0
:103360006B017C0124EA30E74DE75FE360911001D7
:103370007091110180911201909113010E94D8D691
:1033800087FD18C08AEF90E0A0E0B0E08C0D9D1D95
:10339000AE1DBF1D8093D0039093D103A093D203A1
:1033A000B093D303C0930E01CF91FF90EF90DF90C5
:1033B000CF90089580E090E0DC01E8CFA4E0B0E099
:1033C000E4EEF9E10C94CEDD84EF91E0A0E0B0E012
:1033D00089839A83AB83BC83BE016F5F7F4F88E78D
:1033E0000E94E46F2496E2E00C94EADDB0E0A0E0F5
:1033F000ECEFF9E10C94CEDD20E24F8158856E812F
:103400008D810E9410B8E2E00C94EADDCF92DF9249
:10341000EF92FF92CF93DF9300D000D0CDB7DEB70D
:103420006B017C0120E030E0A9010E94D8D687FD25
:103430001DC06DEB77E386E095E3A70196010E943E
:10344000F6DD69837A838B839C8362E070E0CE0132
:1034500001960E9487B90F900F900F900F90DF9107
:10346000CF91FF90EF90DF90CF9008956DEB77E3D1
:1034700086E095EBE2CF0E94DED620E030E04AE71E
:1034800054E40E946DDE27E137EB41ED58E30E94E2
:10349000F6DDBCCF62E675E482E00C9479CA64E69E
:1034A00075E481E00C9479CA66E675E480E00C94DA
:1034B00079CA63E67EE383E00C9479CAB0E0A0E0C9
:1034C000E4E6FAE10C94C6DDEC018B01A42EB22EE9
:1034D0008091520E9091530E8C179D0709F44CC0A9
:1034E0001092500426E5CA39D20709F04AC08C5E12
:1034F000974371F40E94E3BB6E517B4F8F4F9F4FF8
:1035000060932D0470932E0480932F0490933004C5
:103510008091520E9091530E8C5E974341F486E554
:10352000CA39D80721F4109241080E94DBB1D09328
:10353000530EC093520E30E020E00093B406109377
:10354000B5062093B6063093B706A092AD06B092AA
:10355000AE06CC5ED74321F41092320410922C04B4
:1035600082E080935D0181E08093C40610922B0479
:103570001092330410923104CDB7DEB7EAE00C9418
:10358000E2DD27E3CC3ED20719F68A599645F1F4DD
:10359000C0902D04D0902E04E0902F04F0903004C1
:1035A0000E94E3BBC61AD70AE80AF90A1C141D04D4
:1035B0001E041F045CF48091D7068770873031F4B5
:1035C0000E94EB6EC9EEDAE18111A2CFCCEED7E317
:1035D0009FCF20E040E070E060E086ED9EE36EDF8C
:1035E00081E0809332041092DC061092DB0608958D
:1035F00020E040E070E060E089E59AE15FCFCF93A2
:10360000C1E0C0933204FC0180819181A281B38129
:103610008093100190931101A0931201B0931301B4
:1036200020E040E070E060E080919E0690919F066F
:1036300045DFC0935004CF910895A4E0B0E0E3E2E9
:10364000FBE10C94CEDD8DEC9CECACECBCE389830F
:103650009A83AB83BC83CE010196D1DF2496E2E04E
:103660000C94EADDA4E0B0E0E8E3FBE10C94CEDDED
:103670008DEC9CECACECBDE389839A83AB83BC837B
:10368000CE010196BCDF2496E2E00C94EADDA4E0D2
:10369000B0E0EDE4FBE10C94CEDD80E090E0A0E84A
:1036A000BFE389839A83AB83BC83CE010196A7DFF6
:1036B0002496E2E00C94EADDA4E0B0E0E2E6FBE16F
:1036C0000C94CEDD80E090E0A0E2B1E489839A839F
:1036D000AB83BC83CE01019692DF2496E2E00C948A
:1036E000EADD20E040E070E060E08CEE97E3E6CEBB
:1036F0006FEF8091A0060E94A3B8F3CFF9CF62E0EC
:103700008091A0060E94A3B8ECCFF9CF1092FC06DE
:103710000E94DAC1E6CF61E08091A0060E94A3B8C2
:10372000E0CF86E894E09093100580930F05D9CF01
:10373000EF92FF920F931F93CF93DF93EC018B01D6
:103740007A018A859B858617970731F08881998150
:103750000E94A3BD1B870A87B701888199810E94B7
:1037600071B82E813F81820F932F911D9F838E838D
:1037700090E080E0CDB7DEB7E6E00C94E6DDB0E0A7
:10378000A0E0E5ECFBE10C94C6DDEC017B018A01D5
:103790008A859B858617970731F0888199810E94D9
:1037A000A3BDFB86EA8688859985019609F5CC80BC
:1037B000DA808E81D80EA880B980D5015596ED911A
:1037C000FC91C5010995C80E780110E0F70121911F
:1037D0007F0121111FC08E819F81810F911D9F83C9
:1037E0008E8390E080E0CDB7DEB7EAE00C94E2DDB6
:1037F000EE80FF80B801888199810E9471B88E0D9A
:103800009F2D911D288539852817390780F681E07D
:1038100090E0E9CF4C2D6D2DC5010E9472BED80EEF
:10382000180FD4CF8091B502982F977F9093B5024F
:10383000982F937081E011F080E008955E9A0895CA
:103840005E988091B50288608093B5020895E82F54
:10385000F0E021E030E0082E02C0220F331F0A946E
:10386000E2F7209530959091B50292239093B5029E
:10387000E351FE4F2081922321E019F020E0822FB6
:103880000895813079F038F08230C9F7159A909117
:10389000D7069B7F04C05E9A9091D7069E7F909337
:1038A000D706EDCF5E9A9091D7069D7FF8CF8130F5
:1038B000A9F0A0F08230A1F021E030E0082E01C094
:1038C000220F0A94EAF79091B502922B9093B502D9
:1038D000823019F481E08093B40208955E98ECCFB1
:1038E0001598EACFB0E0A0E0E8E7FCE10C94BFDD7A
:1038F000382E41E06DE17BE00E948F72311002C0F2
:103900000E942B7285E19BE00E94D87187E79AE0C4
:103910000E94D8710E943B7241E063E07BE0832DFE
:103920000E948F72311002C00E942B7286EE9AE0C4
:103930000E94D871832D0E94AD78832D0E94BCB364
:10394000832D0E944D78832D0E947578832D0E94CF
:103950002D78832D0E94F977832D0E94A9776AE93B
:103960007AE0832D0E94B1B3C09187020DE71AE07F
:10397000CC2311F001E81AE0C0908302D0908402B9
:10398000E0908502F090860281E99AE00E94D87169
:103990006C2F70E090E080E00E944AB28CE999E2DE
:1039A0000E94D87142E0C701B6010E946B7184E8A1
:1039B0009AE00E94D871C8010E94D8710E943B729F
:1039C00020E030E0A9016091880270918902809125
:1039D0008A0290918B020E94D8D6882309F447C0AE
:1039E000C0E9D2E0C12CD12C76018E01812C912C22
:1039F0005401311002C00E942B72F80140805180A6
:103A0000628073808CED9AE00E94D871C501B40188
:103A10000E94EDB189ED9AE00E94D871C701B6010C
:103A20000E94EDB18CE999E20E94D87145E0C30192
:103A3000B2010E946B710E943B72045F1F4FFFEF47
:103A40008F1A9F0AAF0ABF0A83E088169104A10467
:103A5000B10479F6EFEFCE1ADE0AEE0AFE0A2496DA
:103A6000F3E0CF16D104E104F10409F0BECF41E048
:103A70006EEB7AE0832D0E948F72C5ECD6E010E0E9
:103A8000311002C00E942B7285EB9AE00E94D8711F
:103A9000812F0E94E66A68817981072E000C880BCD
:103AA000990B0E94DED6AB01BC0182EB9AE00E942A
:103AB00018726A817B81072E000C880B990B0E947B
:103AC000DED6AB01BC018FEA9AE00E941872EC804E
:103AD000FD808CEA9AE00E94D871C7010E94E66ED0
:103AE0000E943B722696113071F4832D0E94A572BC
:103AF000832D0E94C977832D0E943D72CDB7DEB71A
:103B0000E1E10C94DBDD11E0BBCFA8E8B0E0EBE82D
:103B1000FDE10C94C8DDC358DF4F188219821A8268
:103B20001B82CD57D04084E690E090935308809359
:103B3000520810925A0810925908809141029091AF
:103B40004202A0914302B0914402CF57DF4F8883D5
:103B50009983AA83BB83C158D04064E070E0CE0152
:103B60008F579F4F0E948DBB8091520890915308B0
:103B70000296909353088093520810925A0810921C
:103B8000590881E692E0CB57DF4F99838883C55867
:103B9000D040CE018B579F4F5EDB81E0C857DF4F8F
:103BA0008883C858D040CE0188579F4F58DB68E4BF
:103BB00070E080E197E00E948DBB80E1E8E6F1E0F3
:103BC0008E010F5F1F4FD80101900D928A95E1F78A
:103BD00060E170E0C8010E948DBB80EE96E033DBAF
:103BE00082E095E040DB7E018DE6E80EF11C8FEF70
:103BF000F7018083C70133DB19821A821B821C8282
:103C0000C80121DB8091830290918402A0918502FA
:103C1000B091860289839A83AB83BC83C80113DB8E
:103C200087E491E018DB85E491E015DB89E491E01D
:103C30000ADBC358DF4F188219821A821B82CD57C4
:103C4000D04083E0EA968FAFEA97F7018083CE01F8
:103C500083589F4FF8DACE0187589F4F00DBC7018A
:103C6000FEDA80E09CE09A838983C801F4DA2AE0D6
:103C7000D22EDA94DD2029F0CE0183589F4FE3DA6B
:103C8000F8CF85ED98E0EFDAC358DF4F188219823C
:103C90001A821B82CD57D0409AE0D92EDA94DD20CB
:103CA00029F0CE0183589F4FCEDAF8CF83E0F70199
:103CB0008083EA968FAFEA97C701D1DACE018758A1
:103CC0009F4FCDDA80E09CE09A838983C801C3DAF4
:103CD00068E070E088E892E00E948DBB68E070E0E8
:103CE00086E792E00E948DBB64E270E080E992E09A
:103CF0000E948DBB1982DD24DA94F701D082C801BD
:103D0000A6DAC701ACDA64E070E085E092E00E94D8
:103D10008DBB809100058983C80199DA6CE070E061
:103D200085EC96E00E948DBB80919F089091A00841
:103D3000A091A108B091A20889839A83AB83BC8328
:103D400021E732EB47E25EE36091A3087091A4089B
:103D50008091A5089091A6080E946DDE6D837E83F8
:103D60008F83988721E732EB47E25EE36091A708F3
:103D70007091A8088091A9089091AA080E943DD747
:103D800069877A878B879C8780E090E0A0E8BFE313
:103D90008D879E87AF87B88B198A1A8A1B8A1C8ADF
:103DA00064E170E0C8010E948DBB84E190E09A83D9
:103DB0008983C80150DA8091770890917808A091A2
:103DC0007908B0917A0889839A83AB83BC8321E711
:103DD00032EB47E25EE360917B0870917C08809152
:103DE0007D0890917E080E946DDE6D837E838F83B7
:103DF000988721E732EB47E25EE360917F0870919C
:103E0000800880918108909182080E943DD769873F
:103E10007A878B879C876CE070E0C8010E948DBB1D
:103E20008CE0E8E7F1E0D80101900D928A95E1F786
:103E30006CE070E0C8010E948DBB1982C8010FDAE6
:103E40008FE78983C8010BDAD982C80108DA85E0D7
:103E5000E4E8F1E0D80101900D928A95E1F765E080
:103E600070E0C8010E948DBBF70110821A8219828E
:103E7000C701EDD9C801EFD980E2E9E8F1E0D80146
:103E800001900D928A95E1F760E270E0C8010E940E
:103E90008DBBF7011082C701DAD982E892E0D7D949
:103EA0008EE792E0D0D9C358DF4F188219821A8268
:103EB0001B82CD57D040CE0183589F4FC4D982E199
:103EC000F80111928A95E9F762E170E0C8010E9459
:103ED0008DBB84E2E9EAF1E0D80101900D928A9568
:103EE000E1F764E270E0C8010E948DBB80E1D82E4A
:103EF000F8018D2D11928A95E9F760E170E0C80113
:103F00000E948DBB1A82198262E070E0C8010E9493
:103F10008DBBF8011192DA94E9F760E170E0C80115
:103F20000E948DBB8CE6F80111928A95E9F76CE648
:103F300070E0C8010E948DBB8CE0F70111928A9558
:103F4000E9F7C957DF4F1882C758D04080E090E0AA
:103F5000A0E4B0E4ED968CAF9DAFAEAFBFAFED97F0
:103F6000C70181D9CE0189579F4F79D9CE01875892
:103F70009F4F69D9009152081091530804561109B6
:103F80008091590890915A08F7019183808384E6C3
:103F900090E0909353088093520864E070E089E0C9
:103FA00092E00E948DBBC70156D90E942B7284E417
:103FB00099E00E94D871C8010E94E66EF701C080A6
:103FC000D180F12CE12C87E399E00E94D871C701E0
:103FD000B6010E94EDB184E399E00E94D8710136E8
:103FE000F2E01F0771F08DE999E00E94D87185E831
:103FF00099E00E94D87180E0C857DF4FE8E00C9448
:10400000E4DD84E299E00E94F2B281E0F5CF7DCD5B
:104010004F925F926F927F928F929F92AF92BF92D8
:10402000CF92DF92EF92FF92CF93DF9300D000D038
:1040300000D0CDB7DEB79E838D830E94E66B4B0127
:104040005C01AD81BE8118964D905D906D907C9025
:104050001B97AC019B01C301B2010E94F5DD6B010E
:104060007C018091830290918402A0918502B0919D
:10407000860289839A83AB83BC8320E030E0A90168
:10408000BC01CD010E94D8D6882349F020E030E061
:10409000A901C701B6010E94D8D61816ECF0AD816F
:1040A000BE811896CD92DD92ED92FC921B972696DA
:1040B0000FB6F894DEBF0FBECDBFDF91CF91FF905A
:1040C000EF90DF90CF90BF90AF909F908F907F90B8
:1040D0006F905F904F90089529813A814B815C8168
:1040E000C301B2010E9459DF87FFE1CF2091720224
:1040F000309173024091740250917502C501B40170
:104100000E943DD79B01AC0160E070E080E89FE336
:104110000E94F5DD9B01AC01C701B6010E946DDE76
:10412000ED81FE816087718782879387C0CF84305D
:1041300021E0920714F084E091E090938C08809342
:104140008B08CFC88091A0069091A106F0CFCF93A5
:10415000DF932091710221111DC0909150049111A3
:104160001AC0C0912001D0912101219720E030E0B8
:1041700040E05FE36091870870918808809189082A
:1041800090918A080E94F6DD0E94D5DE21E06C172E
:104190007D070CF020E0822FDF91CF910895D7DFCB
:1041A000882339F020E040E070E060E088E390E5AB
:1041B00085C91ECAB0E0A0E0E0EEF0E20C94C6DDD6
:1041C000C0E1D7E004EE16E080E2A82E87E0B82E2A
:1041D000C12CD12C7601C3946991799189919991DF
:1041E0000E94DCD6288939894A895B890E943DD79B
:1041F0000E94DADEF80161937193819391938F01AC
:10420000C616D706E806F90610F46B017C01AC1659
:10421000BD0611F76FEF7FEFCB01A70196010E945A
:1042200006DD2093F4063093F5064093F60650938E
:10423000F706CDB7DEB7EAE00C94E2DD0F931F93EB
:10424000CF93DF9304E217E0CDEFD6E0F8012191A0
:104250003191419151918F0160E070E080E89FE3DE
:104260000E946DDE6993799389939993F7E0CD303D
:10427000DF0761F70E9496B39DDFDF91CF911F9119
:104280000F910895DBCFDACF95CF94CF93CF92CF14
:104290009091E5088091E608981306C080910D077B
:1042A00090910E07892B21F080E00E94007AF0CFD8
:1042B00008959091E5088091E608981308C08091D0
:1042C0000D0790910E07892B11F40C946ECA80E0B3
:1042D0000E94007AEECF8F929F92AF92BF92CF92C0
:1042E000DF92EF92FF92CF93DF93209187022223F8
:1042F00009F482C0EC018090830290908402A09027
:104300008502B090860220E030E0A901C501B40129
:104310000E94D8D6882309F47AC0C884D984EA8454
:10432000FB8420E030E0A901C701B6010E94D8D685
:1043300018160CF06CC0A7019601C501B4010E94CB
:10434000D8D618160CF058C020916D0230916E022C
:1043500040916F0250917002C701B6010E94D8D6F9
:10436000882321F1C0926D02D0926E02E0926F021A
:10437000F0927002209172023091730240917402A7
:1043800050917502C701B6010E943DD79B01AC0157
:1043900060E070E080E89FE30E94F5DD60931C011F
:1043A00070931D0180931E0190931F01C0901C010A
:1043B000D0901D01E0901E01F0901F0120E030E040
:1043C000A901C701B6010E94D8D68823A9F0CE0161
:1043D0000E94E66B9B01AC01C701B6010E943DD76C
:1043E0009B01AC01688579858A859B850E94F6DDF5
:1043F000688779878A879B87DF91CF91FF90EF90BD
:10440000DF90CF90BF90AF909F908F900895C12C78
:10441000D12C80E8E82E8FE3F82ED9CFA6E1B0E0CA
:10442000E4E1F2E20C94C0DD8C015A01DC01559606
:104430004D905D906D907C905897FB01C080D1802D
:10444000E280F38020E030E0A901C701B6010E94BC
:10445000D8D6882309F434C1A3019201C701B6015B
:104460000E943DD70E945EDF6B017C01D5012D913A
:104470003D914D915C91C301B2010E943DD70E94D4
:104480005EDFCD82DE82EF82F886A70196012032C0
:1044900031054105510548F420E2822E912CA12CD2
:1044A000B12C8D829E82AF82B88669837A838B839A
:1044B0009C83603271058105910548F480E2882E65
:1044C000912CA12CB12C89829A82AB82BC82F801FA
:1044D000FE9680819181A281B3818097A105B1056B
:1044E00040F480E290E0A0E0B0E080839183A2837A
:1044F000B383D8019D968D909D90AD90BC90D09740
:104500008B8A9C8AAD8ABE8AF801E65BFF4F608188
:10451000718182819381611571058105910509F48D
:10452000D7C00E94DED69B01AC0160E070E080E85D
:104530009FE30E946DDE20E030E040E05FE30E94F8
:104540003DD76B017C01F801FE966081718182810B
:1045500093810E94DCD69B01AC010E943DD72B01C8
:104560003C0169817A818B819C810E94DCD69B0110
:10457000AC010E943DD79B01AC01C301B2010E9476
:10458000F5DDA70196010E943DD769877A878B8761
:104590009C876D817E818F8198850E94DCD69B01EE
:1045A000AC010E943DD79B01AC01C301B2010E9446
:1045B000F5DDA70196010E943DD72B013C010E9429
:1045C0005ADE0E94D5DE6B017C0169857A858B8578
:1045D0009C850E945ADE0E94D5DE46015701860E58
:1045E000971EA81EB91E2B893C894D895E89281902
:1045F00039094A095B0957FF32C06B897C898D896B
:104600009E890E94DCD6A30192010E94F6DD2985D5
:104610003A854B855C850E94F5DD20E030E040E086
:104620005FE30E943DD70E945EDFC12CD12C760152
:1046300097FD0DC06B017C018B889C88AD88BE887E
:104640008C149D04AE04BF0414F4750164016B89DD
:104650007C898D899E896C197D098E099F09D801F5
:10466000D196CD92DD92ED92FC92D4978B889C8866
:10467000AD88BE88861A970AA80AB90AD501C4016E
:10468000F80185AB96ABA7ABB0AFEE5BFF4F8D806B
:104690009E80AF80B88480829182A282B38298018A
:1046A0002A5B3F4FD90189809A80AB80BC808D9274
:1046B0009D92AD92BC9213976696E0E10C94DCDD7E
:1046C000F801EE5BFF4FC080D180E280F380CECE58
:1046D000C12CD12C760160E070E0CB01C0CF90916D
:1046E0006F0081E091FD02C080E0089590916F001D
:1046F0009D7F90936F000895F2DF1092F80610925C
:10470000F9061092FA061092FB0681110C94A46E21
:104710000895FC01208131814281538160913007ED
:104720007091310780913207909133070E943DD7F5
:104730000E945EDF6093F3087093F4088093F5089D
:104740009093F6089091E5088091E608981711F08B
:104750000C9432B39DDDC3DF4091F3085091F4080F
:104760006091F5087091F6084093EC045093ED04C5
:104770006093EE047093EF0481110C94A46E08957D
:104780004F925F926F927F928F929F92AF92BF9261
:10479000CF92DF92EF92FF92CF93DF93EC012091C3
:1047A00030073091310740913207509133076C85C3
:1047B0007D858E859F850E943DD70E945EDF6B01BF
:1047C0007C0120912C0730912D0740912E075091AC
:1047D0002F07688579858A859B850E943DD70E9431
:1047E0005EDF4B015C012091280730912907409141
:1047F0002A0750912B076C817D818E819F810E94B9
:104800003DD70E945EDF2B013C01209124073091AF
:1048100025074091260750912707688179818A8171
:104820009B810E943DD70E945EDF6093E7087093F2
:10483000E8088093E9089093EA084092EB085092C8
:10484000EC086092ED087092EE088092EF0890926A
:10485000F008A092F108B092F208C092F308D0924A
:10486000F408E092F508F092F6089091E50880913E
:10487000E608981789F00E9432B3DF91CF91FF903C
:10488000EF90DF90CF90BF90AF909F908F907F90F0
:104890006F905F904F900895FBDC21DFC82F87EE6B
:1048A00098E00E94D9C4CC2341F30E94A46EE5CFC6
:1048B000CF92DF92EF92FF92CF93DF93C82F0FDF5B
:1048C00094E0C99FE0011124FE01E052FB4FC0803B
:1048D000D180E280F38081110E94A46EC350D94F31
:1048E000C701B6010E94DED6288139814A815B81E9
:1048F0000E943DD7DF91CF91FF90EF90DF90CF9056
:1049000008958F929F92AF92BF92CF92DF92EF92D3
:10491000FF921F93CF93DF93CDB7DEB760970FB6AB
:10492000F894DEBF0FBECDBF182F80E0C1DF4B0172
:104930005C0180923D0490923E04A0923F04B092AC
:10494000400481E0B5DF6B017C01C0924104D0924C
:104950004204E0924304F092440482E0A9DF6093B1
:1049600045047093460480934704909348041D8641
:104970001E861F86188A89829A82AB82BC82CD826B
:10498000DE82EF82F88669877A878B879C8783E04F
:104990008FDF6D877E878F87988B80918702882332
:1049A00019F0CE01019634DB1E3FD9F480E1FE01FF
:1049B0003196A2E4B8E001900D928A95E1F76096F5
:1049C0000FB6F894DEBF0FBECDBFDF91CF911F9120
:1049D000FF90EF90DF90CF90BF90AF909F908F901F
:1049E000089584E0189FF0011124DF01AE5BB74FFA
:1049F00081E090E08C0F9D1FE80FF91F40815181ED
:104A0000628173814D935D936D937C931397D7CFA0
:104A1000CF92DF92EF92FF92CF93DF93C82F5FDEAA
:104A200094E0C99FE0011124FE01EC52FB4FC080CD
:104A3000D180E280F38081110E94A46EC350D94FCF
:104A4000C701B6010E94DED6288139814A815B8187
:104A50000E943DD7DF91CF91FF90EF90DF90CF90F4
:104A600008950E9427BF8DE00E9464718AE00C9433
:104A70006471A1E0B0E0EFE3F5E20C94CEDD898350
:104A800060E0CE0101960E94371661E0CE010196EA
:104A90000E94371662E0CE0101960E943716898186
:104AA0002196E2E00C94EADD4F925F926F927F9242
:104AB0008F929F92AF92BF92CF92DF92EF92FF922E
:104AC000FC01408051806280738084809580A68044
:104AD000B780C084D184E284F38420E030E0A9016F
:104AE000C301B2010E94D8D6811125C020E030E078
:104AF000A901C501B4010E94D8D681111CC020E0D3
:104B000030E0A901C701B6010E9459DF87FF04C048
:104B1000F7FAF094F7F8F094C701B601FF90EF9020
:104B2000DF90CF90BF90AF909F908F907F906F90CD
:104B30005F904F900895A3019201C301B2010E94BA
:104B40003DD72B013C01A5019401C501B4010E9490
:104B50003DD79B01AC01C301B2010E94F6DD4B01C0
:104B60005C01A7019601C701B6010E943DD79B01D8
:104B7000AC01C501B4010E94F6DD0E94DFDF6B01CC
:104B80007C01CACFA4E3B0E0E8ECF5E20C94BEDD12
:104B900080912201882309F4BEC080914F04082F20
:104BA00010E080FF3CC0C0902401D0902501E0902F
:104BB0002601F09027012091590230915A0240912C
:104BC0005B0250915C02C701B6010E9459DF1816C2
:104BD00044F4C0925902D0925A02E0925B02F092E1
:104BE0005C02C0903001D0903101E0903201F09031
:104BF00033012091590230915A0240915B02509149
:104C00005C02C701B6010E94D8D687FF08C0C092D7
:104C10005902D0925A02E0925B02F0925C0201FFCC
:104C20003CC0C0902801D0902901E0902A01F0906A
:104C30002B0120915D0230915E0240915F02509104
:104C40006002C701B6010E9459DF181644F4C092F1
:104C50005D02D0925E02E0925F02F0926002C0902C
:104C60003401D0903501E0903601F0903701209169
:104C70005D0230915E0240915F0250916002C70177
:104C8000B6010E94D8D687FF08C0C0925D02D092BC
:104C90005E02E0925F02F092600202FF3CC0C090B0
:104CA0002C01D0902D01E0902E01F0902F01209149
:104CB0006102309162024091630250916402C70127
:104CC000B6010E9459DF181644F4C0926102D092D6
:104CD0006202E0926302F0926402C0903801D090C8
:104CE0003901E0903A01F0903B012091610230914E
:104CF00062024091630250916402C701B6010E94B2
:104D0000D8D687FF08C0C0926102D0926202E092BA
:104D10006302F092640280910F0783FD6EC02091C0
:104D20004E0830914F0840915008509151086091C1
:104D300065027091660280916702909168020E94FC
:104D4000D8D6882309F459C002DA182F882331F005
:104D50000E942B7286EE97E00E94D87120914E0837
:104D600030914F0840915008509151086091650270
:104D70007091660280916702909168020E94F5DD51
:104D80006B017C0120E030E0A9010E9459DF87FF20
:104D900004C0F7FAF094F7F8F09420916401309190
:104DA00065014091660150916701C701B6010E94FB
:104DB0003DD720E030E04AE754E40E9459DF18165E
:104DC000D4F40E942B7287EC97E00E94D8718091F6
:104DD000650290916602A0916702B091680280938B
:104DE0004E0890934F08A0935008B093510885E661
:104DF00092E08FDC02C01111EACF2AE037ED43E2E6
:104E00005CE36091160170911701809118019091F7
:104E100019010E943DD76B017C01609114017091D2
:104E20001501072E000C880B990B0E94DED69B0102
:104E3000AC01C701B6010E943DD76DA37EA38FA32D
:104E400098A780918702882309F18090830290902F
:104E50008402A0908502B0908602C0906102D0903A
:104E60006202E0906302F090640220E030E0A90169
:104E7000C501B4010E94D8D6882319F1A701960173
:104E8000C501B4010E9459DF1816DCF019821A829C
:104E90001B821C82AE014F5F5F4FBE016B5D7F4F77
:104EA00089E592E00E9470B380E1E9E5F2E0A2E4D6
:104EB000B8E001900D928A95E1F7E496E2E10C9456
:104EC000DADD209142083091430840914408509126
:104ED00045086091590270915A0280915B0290914D
:104EE0005C020E94F5DD69A77AA78BA79CA7698B56
:104EF0007A8B8B8B9C8B2091460830914708409190
:104F000048085091490860915D0270915E0280915D
:104F10005F02909160020E94F5DD6DA77EA78FA7CA
:104F200098AB6D8B7E8B8F8B988F20914A08309138
:104F30004B0840914C0850914D08C701B6010E94A2
:104F4000F5DD69AB7AAB8BAB9CAB698F7A8F8B8FBE
:104F50009C8F20914E0830914F08409150085091FD
:104F6000510860916502709166028091670290918C
:104F700068020E94F5DD2B013C014D8E5E8E6F8E26
:104F800078A220E030E0A90169A57AA58BA59CA5AF
:104F90000E94D8D681110CC020E030E0A9016DA597
:104FA0007EA58FA598A90E94D8D6882309F46ECF34
:104FB000CE01419679DD6B017C012DEB37E346E8AC
:104FC00055E30E94D8D687FF0FC020E030E0A9014A
:104FD000C301B2010E9459DF7301620187FF04C05F
:104FE000F7FAF094F7F8F0942DEB37E346E855E341
:104FF000C701B6010E94D8D687FD56CF20E030E029
:1050000040EA50E4C701B6010E946DDE0E94DADE7C
:105010001B01672B19F422242394312CB10190E059
:1050200080E00E94DCD69B01AC0160E070E080E88B
:105030009FE30E946DDE4B015C01AC019B0169A501
:105040007AA58BA59CA50E943DD769A77AA78BA7B7
:105050009CA7A50194016DA57EA58FA598A90E9486
:105060003DD76DA77EA78FA798ABA501940169A92D
:105070007AA98BA99CA90E943DD769AB7AAB8BAB6F
:105080009CABA5019401C301B2010E943DD72B0145
:105090003C01A5019401C701B6010E943DD769A357
:1050A0007AA38BA39CA380E1E2E4F8E08E010F5F7A
:1050B0001F4FD80101900D928A95E1F70E94E3BB42
:1050C0006B017C0128ECC20ED11CE11CF11C81E0BB
:1050D000281A310809F459C00E94E3BB4601570160
:1050E000861A970AA80AB90A181419041A041B0484
:1050F0000CF44FC06B017C01A8ECCA0ED11CE11C62
:10510000F11C80E00E94007A29A53AA54BA55CA578
:1051100069817A818B819C810E94F6DD69837A8323
:105120008B839C832DA53EA54FA558A96D817E81BB
:105130008F8198850E94F6DD6D837E838F839887AB
:1051400029A93AA94BA95CA969857A858B859C8593
:105150000E94F6DD69877A878B879C87A30192017D
:105160006D857E858F8598890E94F6DD6D877E87A7
:105170008F87988BAE014F5D5F4FBE016B5D7F4F98
:10518000C8010E9470B38111A2CFAE014F5D5F4F85
:1051900084CE0E942DC3B8CF80914B0490914C04D3
:1051A000A0914D04B0914E04809316019093170185
:1051B000A0931801B09319018091490490914A0479
:1051C0009093150180931401089580911601909198
:1051D0001701A0911801B091190180934B0490938D
:1051E0004C04A0934D04B0934E048091140190910F
:1051F000150190934A048093490484E690E09093CB
:105200001501809314010895A8E0B0E0EAE0F9E206
:105210000C94C4DD5C014B018A01F901C080D1808E
:10522000E280F38020E030E0A901C701B6010E94CE
:10523000D8D6811181C080915E0190915F01A091CB
:105240006001B091610189839A83AB83BC8320E0C4
:1052500030E0A901C701B6010E94D8D6811106C06D
:10526000C12CD12C80E8E82E80E4F82ECD82DE829D
:10527000EF82F886F801C080D180E280F380A70138
:10528000960160914A0870914B0880914C0890916A
:105290004D080E94D8D687FF0CC0C0924A08D09211
:1052A0004B08E0924C08F0924D08CE0105960E9402
:1052B0005B19F40180819181A281B381F501408164
:1052C00051816281738140934208509343086093F7
:1052D0004408709345088093460890934708A0932C
:1052E0004808B0934908CE0101960E945B19F80165
:1052F000C080D180E280F380A701960160914A08C6
:1053000070914B0880914C0890914D080E9459DF94
:10531000181664F4C0924A08D0924B08E0924C08E8
:10532000F0924D08CE0105960E945B190E9448211B
:105330002896ECE00C94E0DDD701C60184CFA8E00C
:10534000B0E0E5EAF9E20C94CEDDAC019B0198E017
:10535000E2E4F8E0DE01119601900D929A95E1F7F2
:10536000BE016B5F7F4FCE0101964EDF2896E2E0D3
:105370000C94EADD8F929F92AF92BF92CF92DF9210
:10538000EF92FF921F93CF93DF9300D000D0CDB761
:10539000DEB7142FFC01C080D180E280F380C98287
:1053A000DA82EB82FC826623D9F08090DD0890904F
:1053B000DE08A090DF08B090E00820E030E0A9010E
:1053C000C501B4010E94D8D687FF0AC0A501940187
:1053D000C701B6010E94F5DD69837A838B839C83C4
:1053E00020E030E048EC53E469817A818B819C8134
:1053F0000E9459DF181644F480E090E0A8ECB3E472
:1054000089839A83AB83BC8380904A0890904B0831
:10541000A0904C08B0904D08C980DA80EB80FC80E9
:10542000111108C0A5019401C701B6010E94D8D688
:1054300087FD0DC0A5019401C701B6010E94D8D611
:10544000882329F061E072E0CE01019678DF0F90A9
:105450000F900F900F90DF91CF911F91FF90EF90E1
:10546000DF90CF90BF90AF909F908F9008950C9455
:1054700096B3CF9364DF80919806C82FC47082FDE5
:105480000AC01092980682E03CDAF1DF81E0C11197
:1054900080E0CF9108950E946770882391F3F9CF3F
:1054A000CF931DD9C82F8091E6088093E50880939B
:1054B000E40884E68093E3081FD981ED93E090939C
:1054C0000E0780930D07C1110E94A46E81E08093A6
:1054D000D3040E9448218EEF14DAC9DFCF910895DA
:1054E000ACE0B0E0E6E7FAE20C94CEDD0E94B1B2A7
:1054F000F6D89CE0E0EEF4E0DE01119601900D920A
:105500009A95E1F781110E94A46ECE0101960E9446
:105510008DC42C96E2E00C94EADDA6E0B0E0E3E96D
:10552000FAE20C94C0DD8091420890914308A0916A
:105530004408B091450889839A83AB83BC8340902B
:10554000460850904708609048087090490880903D
:105550004A0890904B08A0904C08B0904D08C0901D
:105560004E08D0904F08E0905008F09051080E94EB
:10557000DA2081E080938E080E94D01504E211E0C9
:105580001E821D828D819E81885E964F0E94D66A02
:10559000D8016D937D938D939D938D018D819E8117
:1055A000845F964F0E94D66AF80160877187828770
:1055B00093878D819E8104969E838D830C9711F72E
:1055C00060E081E594E00E94196B0E94EA6D0E9400
:1055D0001E2129813A814B815C8160914208709142
:1055E000430880914408909145080E94D8D68111C3
:1055F00029C0A301920160914608709147088091EB
:105600004808909149080E94D8D681111BC0A50175
:10561000940160914A0870914B0880914C089091D8
:105620004D080E94D8D681110DC0A7019601609146
:105630004E0870914F0880915008909151080E9437
:10564000D8D681114DDF2696E0E10C94DCDDA4E88C
:10565000B0E0EDE2FBE20C94BEDD2DB73EB7CD57D6
:10566000DF4F39832883C358D04084E690E090937D
:1056700053088093520810925A081092590841E03A
:1056800064E070E08E010F5F1F4FC8010E9465B299
:1056900043E050E069E072E0C8010E9451E1892BCB
:1056A000E1F5CE0183589F4F0E941819E9961CAE70
:1056B0001DAE1EAE1FAEE99710925A0810925908FF
:1056C000CE0185589F4F0E941819ED968EAD9FAD63
:1056D000ED978136924009F450C08DE999E00E941F
:1056E000D87185E899E00E94D8710E942B72609170
:1056F0005208709153086456710983EF99E00E9433
:105700002E728BEE99E00E94D87181E692E00E94A1
:10571000E66E0E943B7212E014C08C81882319F05F
:105720008FE389831A820E942B7284E699E00E949B
:10573000D871C8010E9427BF86E599E00E94D87100
:1057400011E080915504811107C0809101058330DB
:1057500018F080E00E94721C812FCD57DF4F288106
:105760003981C358D0400FB6F8943EBF0FBE2DBF4D
:10577000CC57DF4FE2E10C94DADDCE018F579F4F1B
:105780000E941319EDB6FEB6CF57DF4F6881C1589E
:10579000D04070E06D5F7F4F660F771F660F771FF9
:1057A0008DB79EB7861B970B0FB6F8949EBF0FBEA2
:1057B0008DBFEDB7FEB731966F01CF010E941D1965
:1057C0004091550481E0482764E070E080E297E072
:1057D0000E9465B2CF57DF4F6881C158D04070E05A
:1057E0006D5F7F4F660F771F660F771F2DB73EB730
:1057F000261B370B0FB6F8943EBF0FBE2DBF8DB7DB
:105800009EB701963C010E941D19CF57DF4F68815A
:10581000C158D04070E06D5F7F4F660F771F660FF5
:10582000771FEDB7FEB7E61BF70B0FB6F894FEBF78
:105830000FBEEDBF2DB73EB72F5F3F4F4901C901E6
:105840000E941D1930915504CE57DF4F3883C2583E
:10585000D04031114BC0CF57DF4F8881C158D04065
:1058600090E00296A0E1B7E050E040E030E020E0B8
:1058700063E77AE0E3E5AE2EEAE0BE2E82179307F7
:105880000CF4BBC0F601E40FF51F2080318042808C
:1058900053802D923D924D925D92821793070CF4A6
:1058A000B2C0F301E40FF51F2080318042805380A5
:1058B00050962D923D924D925C925397821793078A
:1058C0000CF4A8C0F401E40FF51F20803180428061
:1058D000538090962D923D924D925C9293972F5FBC
:1058E0003F4F4C5F5F4F2430310541F684E497E031
:1058F0000E940B1988E497E00E940B198CE497E052
:105900000E940B1980E597E00E940B1984E597E04F
:105910000E940B19CE018B589F4F0E940B19CE018C
:105920008B589F4F0E940B19CE018B589F4F0E949E
:105930000B19CE018B589F4F0E940B1980EE96E0F9
:105940000E940B190FB6F894FEBE0FBEEDBE82E0AA
:1059500095E00E94FB18CE0183599F4F0E94DB18EF
:10596000C8010E940B1981E594E00E940B1987E49D
:1059700091E00E94031985E491E00E94031989E4F3
:1059800091E00E940B19CE018B589F4F0E940B197A
:10599000CE0187589F4F0E941319CE0183599F4F04
:1059A0000E941319C8010E941819EA96CFACEA9711
:1059B000AE964FADAE9783EC2C2D282790E1299F12
:1059C00090011124842790E0982F88279295907F4A
:1059D0008227932729813A818217930709F031C2E0
:1059E000C49E60011124E1E0CE1AD108C8F0CE01B6
:1059F0008B589F4F0E940B19F6CFFB0125903590D5
:105A00004590549046CFE3E6FAE0259035904590D6
:105A100054904ECFF501259035904590549059CF34
:105A200085ED98E00E94FB185AE0D52EDA94CE015D
:105A3000DD2029F08B589F4F0E940B19F7CF80581B
:105A40009F4F0E941319CE0181589F4F0E94131936
:105A5000CE0187589F4F0E941819C058DF4F888188
:105A6000C058D04033EC832720E1829FC00111242D
:105A7000C158DF4F2881CF57D040232730E0322F45
:105A800022273295307F82279327EB962EAD3FADAC
:105A9000EB978217930709F0D4C1CE0183599F4F2A
:105AA0000E94F318C8010E94F318C058DF4F888184
:105AB000C058D040833009F08DC1C158DF4F988164
:105AC000CF57D040933009F087C1CE57DF4F388190
:105AD000C258D040311103C080E00E94EC6AB80186
:105AE000CE0183599F4F0E94FE6D4091550481E085
:105AF000482764E270E080E992E00E9465B2CE013E
:105B000083599F4F0E94EB18C8010E94DB184091F7
:105B10005504FF24F3944F2564E070E0C8010E940F
:105B200065B280E095E00E94EB18409155044F2546
:105B30006CE070E085EC96E00E9465B240915504FF
:105B40004F2564E170E0C8010E9465B2F0905504F1
:105B5000F1103AC089809A80AB80BC80A501940185
:105B6000C501B4010E941DE081112EC049845A84F0
:105B70006B847C846D817E818F81988580929F0863
:105B80009092A008A092A108B092A20821E732EB5F
:105B900047E25EE30E943DD76093A3087093A40898
:105BA0008093A5089093A60821E732EB47E25EE3D5
:105BB000C301B2010E946DDE6093A7087093A8082C
:105BC0008093A9089093AA08C8010E940319C801EC
:105BD0000E94E318F1103AC089809A80AB80BC80A3
:105BE000A5019401C501B4010E941DE081112EC0E0
:105BF00049845A846B847C846D817E818F819885F1
:105C00008092770890927808A0927908B0927A08EA
:105C100021E732EB47E25EE30E943DD760937B08C9
:105C200070937C0880937D0890937E0821E732EB87
:105C300047E25EE3C301B2010E946DDE60937F081C
:105C4000709380088093810890938208C8010E9415
:105C5000E318C8010E94DB18C8010E94DB18C801C4
:105C60000E94DB1885E0F80111928A95E9F7DD249E
:105C7000D3944F2D4D2565E070E0C8010E9465B2B8
:105C8000CE0183599F4F0E94EB18C8010E9403194F
:105C9000409155044D2560E270E0C8010E9465B254
:105CA000CE0183599F4F0E94EB18409155044D251A
:105CB00069E070E0C8010E9465B24091550441114D
:105CC0000FC08981809382028A819B81AC81BD81D2
:105CD00080937E0290937F02A0938002B093810212
:105CE000FF24F3944F2562E170E0C8010E9465B281
:105CF000409155044F2564E270E0C8010E9465B2EE
:105D0000409155044F2560E170E0C8010E9465B2E2
:105D1000409155044F2562E070E0C8010E9465B2D1
:105D2000409155044F2560E170E0C8010E9465B2C2
:105D3000409155044F256CE670E0C8010E9465B2A1
:105D4000C8010E94FB18CE0187589F4F0E94DB18A4
:105D5000CE0183599F4F0E940B1980915208909158
:105D60005308853C924009F0B8CC209159083091F5
:105D70005A08EF968EAD9FADEF972817390709F0B7
:105D800040C08091550481111EC00E942B72009169
:105D9000590810915A0889E092E00E9427BF88E0D4
:105DA0009AE00E94D87181E692E00E94E66E8BEF45
:105DB00099E00E94D871C8010E94E66E89E20E94B3
:105DC00064710E943B7280915504811101C0A5DB72
:105DD00010E0B7CC8430A8F5C158DF4F9881CF5779
:105DE000D040943070F5899F6001112481E0C81A79
:105DF000D10808F484CECE018B589F4F0E940B1916
:105E0000F5CF8DE999E00E94D871EF960EAD1FADE8
:105E1000EF978BEB99E00E94D871C8010E94E66E63
:105E20000091590810915A0886EB99E00E94D871A8
:105E3000C8010E94E66E86EA99E00E94D87113E0DC
:105E400080CC8DE999E00E94D8718BED99E00E9499
:105E5000D87114E076CCCF9381E080935504F7DBC2
:105E6000C82F109255048823C9F0EFEFE80F90E097
:105E700080E0E43038F4F0E0EE0FFF1FE35FFD4F09
:105E8000808191810E94F2B2C093A00620E040E0A0
:105E900070E060E084E790E50E945E1A81E0C11145
:105EA00080E0CF910895A4E0B0E0E9E5FFE20C9432
:105EB000CEDD84EF91E0A0E0B0E089839A83AB83EC
:105EC000BC83BE016F5F7F4F8CE30E94E46F8DEA5D
:105ED00097E00E94D87186B167EA77E082FB882755
:105EE00080F90E94371986B161EA77E083FB882741
:105EF00080F90E94371986B16BE977E0829581704D
:105F00000E943719349907C00E9422702496E2E05B
:105F10000C94EADD06C00E940B702496E2E00C941B
:105F2000EADD8091FF04811104C08091D8068823A6
:105F300031F062E070E080E090E00C94C16E089572
:105F4000ACE0B0E0E6EAFFE20C94CEDDA0E1B7E021
:105F500090E080E0FC01E959F54F4591559165913C
:105F600074914D935D936D937D93FC01E95AF54FC8
:105F7000459155916591749150964D935D936D93B4
:105F80007C935397FC01E95BF54F459155916591E1
:105F9000749190964D935D936D937C939397049633
:105FA00080319105B9F680E29EE4A0E0B0E08093F4
:105FB000200790932107A0932207B093230780E046
:105FC00090E0A6E1B4E48093440790934507A09342
:105FD0004607B093470780E090E0AAE7B4E48093D7
:105FE000480790934907A0934A07B0934B0780E076
:105FF00090E0A8E4B4E480934C0790934D07A093FD
:106000004E07B0934F07109250071092510710920D
:10601000520710925307109254071092550710928E
:106020005607109257078CE497E3A9E8BDE38093E5
:10603000E0069093E106A093E206B093E306109287
:1060400002051092030510920405109205051092A6
:106050000605109207051092080510920905109286
:106060000A0510920B0510920C0510920D0580E0A8
:1060700090E0A0E2B1E48093510490935204A09385
:106080005304B093540480E00E94EC6A0E946B6E4B
:106090008AEF90E0909348018093470182ED90E071
:1060A00090934601809345018DEC9CECACECBDE3F4
:1060B0008093490190934A01A0934B01B0934C0106
:1060C0008CE0EDECF1E0DE01119601900D928A95E5
:1060D000E1F789819A81AB81BC818093D508909347
:1060E000D608A093D708B093D8088D819E81AF8140
:1060F000B8858093D9089093DA08A093DB08B09311
:10610000DC0889859A85AB85BC858093DD089093F2
:10611000DE08A093DF08B093E0088EEB90E0909348
:10612000C6068093C50686E490E09093C8068093E7
:10613000C7061092CA061092C90680EF90E09093AD
:10614000CC068093CB068EE690E09093CE068093AB
:10615000CD061092D0061092CF068CE59FE8A4EBF6
:10616000B1E480939F089093A008A093A108B093F6
:10617000A2088EE298E3A0E9BEE38093A30890937F
:10618000A408A093A508B093A60882E29FECA1EE14
:10619000B3E48093A7089093A808A093A908B093AC
:1061A000AA088AE097E5A5EDB3E480937708909379
:1061B0007808A0937908B0937A0889E99AECAEE45C
:1061C000B1E480937B0890937C08A0937D08B09302
:1061D0007E0881E998E1ACE5B5E480937F0890936F
:1061E0008008A0938108B09382081092820280E018
:1061F00090E0A0EEBFE380937E0290937F02A09395
:106200008002B09381021092FF041092FE0489DE96
:1062100084D90E942B7285E29AE00E94D8710E9474
:106220003B722C96E2E00C94EADDCF9314DEC82F8B
:10623000882339F00CDAC1E08111C0E08C2FCF91B6
:1062400008957EDEFBCFF1CF7BCE7ADE0E94851DE6
:10625000882319F080E00E94721C0C94711BACE042
:10626000B0E0E5E3F1E30C94CCDD182F062F80E0DD
:1062700090E0A0E2B1E489839A83AB83BC8340E0E1
:1062800061E0CE01019676D888E0E2E4F8E0DE0134
:10629000119601900D928A95E1F71123D9F00E9491
:1062A000A170011110C019861A861B861C869E01DA
:1062B000275F3F4F4AE458E0BE016B5F7F4FCE013E
:1062C00001960E9404291093D8062BDE2C96E4E058
:1062D0000C94E8DD0E946770E4CF4F925F926F925A
:1062E0007F928F929F92AF92BF92CF92DF92EF9266
:1062F000FF920F931F93CF93C82FE82EF12CF70135
:10630000E15BF64DD4908230A1F58091D8068111E1
:1063100003C060E081E0A3DF0E94A1708111F7C09B
:1063200088E498E00E94D66A20E030E0A9010E944B
:10633000D8D68823F1F06D2DDD0C770B880B990BE7
:106340000E94DED62B013C0188E498E00E94D66AC8
:106350004B015C0120E030E040E251E40E94D8D6DD
:1063600087FF1BC0812C912C90E2A92E91E4B92EBD
:1063700014C06D2DDD0C770B880B990B0E94DED6B7
:106380002B013C01C701880F991F880F991F805C62
:10639000974F0E94D66A4B015C01A3019201C5018F
:1063A000B4010E943DD74B015C016701CC0CDD1CA0
:1063B000CC0CDD1CC6018D5D964D0E94D66A20E096
:1063C00030E040EC5FE30E943DD7A30192010E94C0
:1063D0003DD7AB01BC0100E010E098018C2F0E947A
:1063E000D5B620E030E0A901C501B4010E94D8D69D
:1063F000882341F100E010E09801C23031F40E949E
:10640000677000E010E020E830E4B501A4017058A6
:106410008C2F0E94D5B6C23009F474C0A501940136
:10642000C501B4010E94F6DD4B015C01C23009F0E8
:1064300080C000E010E020E030E4B501A4018C2F22
:106440000E94D5B6C23011F40E94677081E090E0DE
:106450000C2E01C0880F0A94EAF79091D706982B6A
:106460009093D70690914F04892B80934F04C601D7
:10647000815F974F0E94D66A9B01AC0186010E5B3B
:10648000174FF601EE5FFA4F60817181828193812F
:106490000E94F6DDF8016083718382839383C230AA
:1064A000D1F42091DD083091DE084091DF08509151
:1064B000E00860914A0870914B0880914C089091D7
:1064C0004D080E94F5DD60934A0870934B08809355
:1064D0004C0890934D080E94372AF601E75AFD4F69
:1064E000D601AE5BB74F8D919D910D90BC91A02DC3
:1064F00080839183A283B383C23059F480E00E94E9
:10650000DC6A07C00E94A170882309F487CF0E942B
:106510006770CF911F910F91FF90EF90DF90CF9018
:10652000BF90AF909F908F907F906F905F904F90B3
:106530000895F701E35CF74F6491611107C00E9471
:106540002B728BE198E00E94D8716AE070E090E0D5
:1065500080E00E94DCD69B01AC0160E070E080EA44
:1065600091E40E946DDE8B019C0167CF80919806BB
:10657000882319F010929806089540E070E060E0DA
:106580008BE797E00E943879DC01ED91FC9111973F
:10659000208130E012968C91F90102C0F595E795C3
:1065A0008A95E2F7CF0181700895A3E0B0E0EBEDAA
:1065B000F2E30C94CEDD8091FF04811105C080913F
:1065C000D806882309F478C080913C04329B78C0B7
:1065D000816080933C0480913C04339B73C0826053
:1065E00080933C0480913C04349B6EC08460809313
:1065F0003C048BEA98E09A8389831B82CE01019642
:10660000C3DF8823A9F08CEA98E09A838983CE01BE
:106610000196BADF81110CC080913C0480FF08C054
:106620008091980681608093980680E00E94BBC4A8
:106630008BEA98E09A83898381E08B83CE0101966F
:10664000A3DF8823A9F08CEA98E09A838983CE019E
:1066500001969ADF81110CC080913C0481FF08C033
:106660008091980682608093980681E00E94BBC466
:106670008BEA98E09A83898382E08B83CE0101962E
:1066800083DF8823C9F08CEA98E09A838983CE015E
:1066900001967ADF811110C08091D806882361F0BD
:1066A00080913C0482FF08C08091980684608093AA
:1066B000980682E00E94BBC42396E2E00C94EADDD7
:1066C0008E7F87CF8D7F8CCF8B7F91CF0F931F9342
:1066D00080915408813019F50E94E3BB0091380481
:1066E0001091390420913A0430913B04601B710BE6
:1066F000820B930B28EE33E040E050E00E9406DD71
:10670000609134047091350480913604909137047F
:10671000620F731F841F951F1F910F910895609141
:106720005502709156028091570290915802D6CF2F
:1067300010925408109238041092390410923A04BE
:1067400010923B041092550210925602109257027A
:1067500010925802109234041092350410923604AC
:10676000109237040895809154088130E1F082300E
:10677000C1F4ACDF60933404709335048093360425
:106780009093370481E0809354080E94E3BB6093A8
:1067900038047093390480933A0490933B0481E069
:1067A0000895C6DFEFCF80E00895809154088150AE
:1067B000823070F4109254080E94E3BB609355023B
:1067C00070935602809357029093580281E0089587
:1067D00080E008950E94287281EF98E00E94D871AD
:1067E00089EE98E00E94D8718DEC98E00E94D871F3
:1067F0000E94DAC1DADF80910105813099F00E94B0
:10680000287286E598E00E94D8718CE498E00E9496
:10681000F2B26EE571E080E090E00E94C16E81E02E
:106820008093010508958F929F92AF92BF92CF926D
:10683000DF92EF92FF926B017C01BA01550F880B3A
:10684000990B0E94DED69B01AC0160E070E080E213
:1068500091E40E948EDF4B015C0120E030E040E2D9
:1068600051E4C701B6010E943DD7A50194010E94E1
:106870003DD74B015C0120E030E0A901C701B60122
:106880000E94D8D620E030E040EA50E487FF04C000
:1068900020E030E040EA50ECC501B4010E94F6DD92
:1068A00020E030E040E251E40E946DDE0E94D5DE3F
:1068B000FF90EF90DF90CF90BF90AF909F908F9020
:1068C00008958F929F92AF92BF92CF92DF92EF92F4
:1068D000FF926B017C0120E030E0A9010E94D8D634
:1068E00087FDC2C06DEB77E386E095E3A7019601D3
:1068F0000E94F6DD6B017C0120E030E0A9010E94DE
:10690000D8D687FF04C0F7FAF094F7F8F09442E085
:1069100050E0C701B60187DF6B017C0160E280E4D3
:10692000C81682E4D8068FE0E806F1048CF0C701AF
:10693000B60120E432E44FE050E00E9428DDCA01B5
:10694000B9012AE030E040E050E00E9428DD605DBF
:106950006093A40660E280EAC81686E8D80681E063
:10696000E806F1048CF0C701B60120EA36E841E000
:1069700050E00E9428DDCA01B9012AE030E040E081
:1069800050E00E9428DD605D6093A50660E280E132
:10699000C81687E2D806E104F1048CF0C701B601FD
:1069A00020E137E240E050E00E9428DDCA01B90151
:1069B0002AE030E040E050E00E9428DD605D609316
:1069C000A60660E288EEC81683E0D806E104F1046A
:1069D0008CF0C701B60128EE33E040E050E00E94A1
:1069E00028DDCA01B9012AE030E040E050E00E9411
:1069F00028DD605D6093A706C701B60124E630E09C
:106A000040E050E00E9428DD8AE0882E912CA12CE5
:106A1000B12CCA01B901A50194010E9428DD605D75
:106A20006093A8068EE28093A906C701B601A5016E
:106A300094010E9428DD6B01CA01B901A5019401EE
:106A40000E9428DD605D6093AA0680E3C80EC092B4
:106A5000AB0684EA96E0FF90EF90DF90CF90BF9076
:106A6000AF909F908F9008956DEB77E386E095EB64
:106A70003DCF0E94DED620E030E048EC52E40E9498
:106A80006DDE2FE632E143E85AE30E94F6DD19CFCE
:106A9000CF92DF92EF92FF92FC01C080D180E28022
:106AA000F38020E030E0A901C701B6010E94D8D6EA
:106AB00087FF04C0F7FAF094F7F8F09450E040E054
:106AC000C701B601B0DE9B0160E22031F7E23F076B
:106AD00030F0C90160E177E20E947CDD605D609387
:106AE000A706283E83E03807F0F1C90168EE73E09D
:106AF0000E947CDDCB016AE070E00E947CDD805D5D
:106B00008093A80680E22436310558F0C90164E676
:106B100070E00E947CDDCB016AE070E00E947CDDC9
:106B2000805D8093A90680E22A30310558F0EAE0C2
:106B3000F0E0C901BF010E947CDDCB01BF010E94D2
:106B40007CDD805D8093AA06C9016AE070E00E9446
:106B50007CDD805D8093AB0687EA96E0FF90EF9046
:106B6000DF90CF90089580E2CBCFA4E0B0E0EBEBD4
:106B7000F5E30C94CEDD0E94DCD669837A838B83A7
:106B80009C83CE01019684DF2496E2E00C94EADD3A
:106B90000E94DCD62AE037ED43E25DE30E946DDE21
:106BA0000E94DADEE2CFCF92DF92EF92FF92CF9394
:106BB000DF9300D000D0CDB7DEB76B017C0120E0C1
:106BC00030E0A9010E94D8D687FD1AC06DEB77E3AB
:106BD00086E095E3A70196010E94F6DD69837A833A
:106BE0008B839C83CE01019653DF0F900F900F9003
:106BF0000F90DF91CF91FF90EF90DF90CF900895AD
:106C00006DEB77E386E095EBE5CF0E94DED62AE0D8
:106C100037ED43E25DE30E946DDEC5CF0E94DED614
:106C2000C2CFB0E0A0E0E7E1F6E30C94C4DD8B0155
:106C3000FC01608171818281938141E050E0F3DD4C
:106C40006B017C018BE2F7FE09C0F094E094D094D4
:106C5000C094C11CD11CE11CF11C8DE2E801CC5593
:106C6000D94F88830330110599F0C701B60128EE8A
:106C700033E040E050E00E9428DDCA01B9012AE07B
:106C800030E040E050E00E9428DD605D6093A706A0
:106C9000C701B60124E630E040E050E00E9428DD64
:106CA0008AE0882E912CA12CB12CCA01B901A50132
:106CB00094010E9428DD605D6093A806C701B601BB
:106CC000A50194010E9428DD6B017C01CA01B90174
:106CD000A50194010E9428DD605D6093A9068EE203
:106CE0008093AA06F0E3CF0EC092AB06CE01CDB7DB
:106CF000DEB7ECE00C94E0DDCF92DF92EF92FF92F2
:106D0000CF93DF9300D000D0CDB7DEB76B017C010D
:106D100020E030E0A9010E94D8D687FD1CC06DEBB1
:106D200077E386E095E3A70196010E94F6DD69838B
:106D30007A838B839C8363E070E0CE01019671DFE0
:106D40000F900F900F900F90DF91CF91FF90EF90E9
:106D5000DF90CF9008956DEB77E386E095EBE3CF7E
:106D60000E94DED620E030E040E251E40E946DDE79
:106D70002AE037ED43E25CE30E94F6DDBDCF8F925F
:106D80009F92AF92BF92CF92DF92EF92FF926B01F0
:106D90007C0120E030E0A9010E94D8D687FF8AC09C
:106DA0006DEB77E386E095EBA70196010E94F6DD97
:106DB0004B015C0142E050E036DD6B017C0120E0DC
:106DC00030E040E251ECC501B4010E94D8D618165B
:106DD00054F420E030E048EC52E4C501B4010E94D4
:106DE00059DF87FD6CC0C701B60120E137E240E002
:106DF00050E00E9428DDCA01B9012AE030E040E0FD
:106E000050E00E9428DD605DF7FE09C0F094E09438
:106E1000D094C094C11CD11CE11CF11C6DE26093A4
:106E2000A606C701B60128EE33E040E050E00E941C
:106E300028DD9AE0892E912CA12CB12CCA01B90130
:106E4000A50194010E9428DD605D6093A706C7013B
:106E5000B60124E630E040E050E00E9428DDCA019F
:106E6000B901A50194010E9428DD605D6093A80628
:106E70008EE28093A906C701B601A50194010E9484
:106E800028DD6B01CA01B901A50194010E9428DD2A
:106E9000605D6093AA0680E3C80EC092AB0686EAE6
:106EA00096E0FF90EF90DF90CF90BF90AF909F90D3
:106EB0008F9008956DEB77E386E095E375CF20E042
:106EC00030E0A901C501B4010E9459DF87FD0BC064
:106ED00020E030E040E251E4C501B4010E94D8D680
:106EE00060E287FD1CC0C701B60128EE33E040E038
:106EF00050E00E9428DDCA01B9012AE030E040E0FC
:106F000050E00E9428DD605DF7FE09C0F094E09437
:106F1000D094C094C11CD11CE11CF11C6DE26093A3
:106F2000A706C701B60124E630E040E050E00E9429
:106F300028DD8AE0882E912CA12CB12CCA01B90140
:106F4000A50194010E9428DD605D6093A8068EE291
:106F50008093A906C701B601A50194010E9428DD0E
:106F60006B01CA01B901A50194010E9428DD605D91
:106F70006093AA0680E3C80EC092AB0687EA96E04B
:106F800090CF0E94DED620E030E048EC52E40E9430
:106F90006DDE2FE632E143E85AE30E94F6DDEFCEE4
:106FA000FC0180E0309749F09491992331F0907C76
:106FB000903809F08F5F3196F7CF0895009751F020
:106FC000FC0180E09191992331F0907C9038D1F3CD
:106FD0008F5FF8CF80E00895A4E0B0E0E2EFF7E340
:106FE0000C94C0DDE0915302F0915402309721F0EF
:106FF000099581110E94DBB1809199061092990642
:10700000882361F020E040E070E060E08AE996E5E6
:107010000E945E1A2496E0E10C94DCDD20911401BC
:10702000309115014091B4065091B506CA01820F06
:10703000931F2436310509F0A1C347305105E4F010
:107040000697883EE3E09E0714F087EE93E08A30CF
:10705000910514F48AE090E02817390789F090939D
:107060001501809314011092B4061092B506109287
:10707000B6061092B70604C006964A3F5F4F0CF35F
:107080008091B006882309F409C160918B08709142
:107090008C08072E000C880B990B0E94DED611E09D
:1070A00020918708309188084091890850918A087A
:1070B0000E9459DF18160CF010E06091630870917F
:1070C0006408072E000C880B990B0E94DED62091D5
:1070D0005F083091600840916108509162080E94F9
:1070E00059DF18160CF412601093CF034090420839
:1070F000509043086090440870904508C09046083E
:10710000D0904708E0904808F090490880904A08DD
:1071100090904B08A0904C08B0904D0820E030E0D3
:10712000A901C301B2010E94D8D620E030E040E0BE
:107130005FEB87FD04C020E030E040E05FE3C30187
:10714000B2010E94F6DD0E94D5DECB010E945816E6
:10715000BC018AEC93E00E944AE120E030E0A90102
:10716000C701B6010E94D8D620E030E040E05FEBD6
:1071700087FD04C020E030E040E05FE3C701B601D6
:107180000E94F6DD0E94D5DECB010E945816BC019C
:1071900085EC93E00E944AE142E050E0C501B40171
:1071A00042DB6B017C0180E2F7FE09C0F094E094C1
:1071B000D094C094C11CD11CE11CF11C8DE28093C1
:1071C000A50660E2F0E1CF16F7E2DF06E104F10484
:1071D0008CF0C701B60120E137E240E050E00E94A8
:1071E00028DDCA01B9012AE030E040E050E00E9409
:1071F00028DD605D6093A60660E228EEC21623E0FB
:10720000D206E104F1048CF0C701B60128EE33E0A8
:1072100040E050E00E9428DDCA01B9012AE030E0D8
:1072200040E050E00E9428DD605D6093A706C70142
:10723000B60124E630E040E050E00E9428DD6AE03C
:10724000862E912CA12CB12CCA01B901A501940163
:107250000E9428DD605D6093A806C701B601A50104
:1072600094010E9428DD6B017C01CA01B901A501CE
:1072700094010E9428DDCC2009F490C22EE22093D4
:10728000A906605D6093AA0640E3C40EC092AB06F7
:1072900065EA76E08DEB93E00E944AE181E00E948E
:1072A000EE6680918C0E803180F480918E0E853058
:1072B00060F037E7E32E33E0F32E0BE023E045E008
:1072C00068E088E59EE00E94EFBE8091CF03982F92
:1072D000927042E102E081FF02C048E00CE0809140
:1072E0008C0E843180F480918E0E841760F0992387
:1072F00009F466C283E593E07C0123E068E488E555
:107300009EE00E94EFBE0E94E3BB0091B803109183
:10731000B9032091BA033091BB03061B170B280B4E
:10732000390B10161106120613068CF02091B703C4
:1073300020952093B7036A547C4F8F4F9F4F6093E3
:10734000B8037093B9038093BA039093BB03109171
:10735000B70380918C0E8431B8F480918E0E823008
:1073600098F0112309F42FC28091FC06882309F4B8
:107370002AC287E193E07C0102E123E042E068E673
:1073800088E59EE00E94EFBE80918C0E8C3108F063
:1073900015C18090870890908808A0908908B090C7
:1073A0008A08C0908B08D0908C08843198F4809122
:1073B0008E0E883078F08091CF0380FF07C289EC71
:1073C00092E07C010CE022E048E068E288E59EE083
:1073D0000E94EFBE80918C0E883020F5D7FCF9C159
:1073E000C6010E94D716FC0101900020E9F73197F1
:1073F000E81BF90B2E2F220F220FE21BE15DE09319
:107400008F0E27E02093900E0E942C6889E090E078
:10741000A0E0B0E089839A83AB83BC83CE01019660
:107420000E94FF6680918C0E8C3190F580918E0EBB
:10743000843170F120E030E040E05FE3C501B40149
:107440000E94F6DD0E94D5DE77FDCAC1CB010E9405
:10745000D716FC0101900020E9F73197E81BF90BE2
:107460002E2F220F220FE21BE15DE0938F0E2CE105
:107470002093900E0E942C6889E090E0A0E0B0E09C
:1074800089839A83AB83BC83CE0101960E94FF66F9
:10749000C0905F08D0906008E0906108F0906208AA
:1074A00080918C0E883038F5809163089091640843
:1074B00097FD9DC10E94D716FC0101900020E9F7BD
:1074C0003197E81BF90B2E2F220F220FE21BEE5AE9
:1074D000E0938F0E27E02093900E0E942C6889E0A5
:1074E00090E0A0E0B0E089839A83AB83BC83CE01B7
:1074F00001960E94FF6680918C0E8C3190F58091F0
:107500008E0E843170F120E030E040E05FE3C7018F
:10751000B6010E94F6DD0E94D5DE77FD6FC1CB017A
:107520000E94D716FC0101900020E9F73197E81B73
:10753000F90B2E2F220F220FE21BEE5AE0938F0E33
:107540002CE12093900E0E942C6889E090E0A0E04E
:10755000B0E089839A83AB83BC83CE0101960E94FD
:10756000FF6680918C0E8C3148F580918E0E8431AF
:1075700028F18091FC06882309F164E6869FC0010A
:10758000112481589F4F6FEF70E00E9490DDCB0176
:107590000E94021727E620938F0E2CE12093900E75
:1075A0000E942C6885E290E0A0E0B0E089839A8395
:1075B000AB83BC83CE0101960E94FF6680918C0E46
:1075C000883208F087C080918E0E8D3108F482C019
:1075D0000BE020E84DE160E088E59EE00E94FBBD05
:1075E0008823A1F020E84DE160E088E59EE00E945C
:1075F00034BD80E00E940BBD8FE70E940BBD20E8E8
:1076000047E260E088E59EE00E9434BD80918C0EE8
:10761000873208F05FC080918E0E8F3108F45AC017
:1076200088E590E0A0E0B0E089839A83AB83BC83D7
:1076300083E080938F0E06E20093900ECE010196B8
:107640000E94FF668BE080938F0E0093900E1123B3
:1076500009F4DBC08AEC93E00E942C6889E590E095
:10766000A0E0B0E089839A83AB83BC8388E28093F7
:107670008F0E06E20093900ECE0101960E94FF66E7
:1076800080E380938F0E0093900E112309F4E6C0DF
:1076900085EC93E00E942C688AE590E0A0E0B0E0E1
:1076A00089839A83AB83BC838DE480938F0E06E23B
:1076B0000093900ECE0101960E94FF6685E58093AF
:1076C0008F0E0093900E112309F4F1C08DEB93E01F
:1076D0000E942C6880918C0E833368F580918E0E09
:1076E0008B3248F183E00E94EE6686E090E0A0E0F5
:1076F000B0E089839A83AB83BC8383E080938F0E51
:1077000003E30093900ECE0101960E94FF6681E094
:107710000E94EE6680911401909115010E9402175B
:107720002CE020938F0E0093900E0E942C688EE91F
:1077300092E00E94AF6780918C0E813408F06ACC91
:1077400080918E0E863308F465CC10928F0E8EE3F6
:107750008093900E87E29EE031DC082F863108F09E
:10776000CFC087E29EE00E942C68053109F452CC1C
:107770008CE992E00E94AF670F5FF7CF51E02436AB
:1077800031050CF450E041E0853691050CF440E001
:10779000541709F456CC84E690E061CC662351F08E
:1077A0002EE22093A906605D6093AA0680E2809392
:1077B000AB066ECD80E28093AA068093A906F6CF31
:1077C0008DE493E099CD81EE92E0D5CD81EB92E00E
:1077D000F8CD4DEA52E067E086E20E94A96722CE2A
:1077E0004DEA52E06CE186E20E94A96751CE4DEA73
:1077F00052E067E089E40E94A9677DCE4DEA52E03D
:107800006CE189E40E94A967ACCE81E00E94392531
:107810008823D9F02AECE22E23E0F22EF7018191A1
:107820007F01882309F41ACF8F320CF08FE3082EE2
:10783000000C990BAA0BBB0B89839A83AB83BC8387
:10784000CE0101960E94FF66E9CF8091D70680FDA8
:1078500001CF88EA92E00E94AF6700CF82E00E94E9
:1078600039258823D9F095ECE92E93E0F92EF7011C
:1078700081917F01882309F40FCF8F320CF08FE3C1
:10788000082E000C990BAA0BBB0B89839A83AB8340
:10789000BC83CE0101960E94FF66E9CF8091D70696
:1078A00081FDF6CE88EA92E00E94AF67F5CE84E0D3
:1078B0000E9439258823D9F08DEBE82E83E0F82E3D
:1078C000F70181917F01882309F404CF8F320CF0F6
:1078D0008FE3082E000C990BAA0BBB0B89839A83AC
:1078E000AB83BC83CE0101960E94FF66E9CF8091F5
:1078F000D70682FDEBCE80EA92E00E94AF67EACE27
:1079000081E0111101C080E09091BC038917A9F0BA
:107910001091F4038093BC0387E29EE04FDB1817BD
:1079200008F046C01F5FE12FF0E0E95DF14F808174
:10793000807C8038B9F31093F403E090F403F12CC9
:10794000C701895D914F7C0139DB182F60E870E039
:10795000C7010E94E367153108F05CCB8AE992E029
:107960000E94AF67143109F455CB88E992E00E9478
:10797000AF67133109F44ECB86E992E00E94AF67FE
:10798000123109F447CB212F30E02E5F3F4F4AEFF1
:107990004203B001439F700D112460587F4F87E26E
:1079A0009EE00E94E36784E992E00E94AF6732CBD9
:1079B0001092F403C2CFB0E0A0E0E1EEFCE30C943F
:1079C000C6DDEC015B018A01FB01099587FD10C052
:1079D000C82ED12CF12CE12C2196F801C082D18245
:1079E000E282F382CE01CDB7DEB7EAE00C94E2DDAD
:1079F000982F907E903CA9F48F7190E0B0E0A0E0C9
:107A00006C017D0156E0CC0CDD1CEE1CFF1C5A9570
:107A1000D1F7CE010196F50109958F73C82A2296F8
:107A2000DCCF982F907F903E11F58F7090E0B0E002
:107A3000A0E06C017D0136E0CC0CDD1CEE1CFF1CCF
:107A40003A95D1F7CE010196F50109958F73C82AB1
:107A500046E0CC0CDD1CEE1CFF1C4A95D1F7CE0194
:107A60000296F50109958F73C82A2396B6CF982FF1
:107A7000987F903F79F5877090E0B0E0A0E06C01CE
:107A80007D0186E0CC0CDD1CEE1CFF1C8A95D1F735
:107A9000CE010196F50109958F73C82A96E0CC0CAA
:107AA000DD1CEE1CFF1C9A95D1F7CE010296F50164
:107AB00009958F73C82A26E0CC0CDD1CEE1CFF1C38
:107AC0002A95D1F7CE010396F50109958F73C82A3F
:107AD000249683CF982F907C903841F4807C803816
:107AE00069F42196CE01F5010995F8CF8E7F8D3F7F
:107AF00028F02196CE01F5010995F8CFC12CD12CA3
:107B000076016BCFA8E0B0E0E8E8FDE30C94C0DDBF
:107B10006C015A014901FB0190818CE0989F800D16
:107B20001124982FF6012081822F880F820F880F51
:107B300080938F0E9093900E4115510509F49FC0CC
:107B4000DA82C9827C836B83011122C0AE014B5F54
:107B50005F4FB401C5012FDF5C018D819E81AF8134
:107B6000B885892B8A2B8B2B09F489C0CE01059609
:107B70000E94FF66F60180818F5F8083853130F33C
:107B8000CE0101960E94C518E1CF10E075010DC02D
:107B90007A0110E00AC0E114F104B9F38FEFE81A9A
:107BA000F80A10E0E114F10489F3AE014B5F5F4F76
:107BB000B401C50100DF5C014D805E806F80788478
:107BC0004114510461047104E9F0F0E24F165104CC
:107BD00061047104A9F0D301C2018D97A109B10913
:107BE0000297A105B10570F04BE2441651046104FF
:107BF000710441F05AE04516510461047104E9F53D
:107C0000112349F2F6018081482F410F5527551F56
:107C10004631510534F0853020F0CE0101960E94A6
:107C2000C51881E0411451046104710409F480E035
:107C3000180FF6018081810F8083112369F01150A4
:107C4000AE014B5F5F4FB401C701B5DE7C01CE01D1
:107C500005960E94FF66F1CF41145104610471043E
:107C600071F0FAE04F1651046104710409F08DCFF0
:107C7000CE0101960E94C51889CF1F5F93CF289629
:107C8000E0E10C94DCDDCF93DF93C0912C04CC2396
:107C9000B9F0C150C0932C0489E0C89FE0011124C1
:107CA000CB50DC4F6A817B812F814E818881998105
:107CB0000E945E1A888580933204DF91CF910895E7
:107CC0000E94711BFACFA4E0B0E0E9E6FEE30C9459
:107CD000CEDD8091990610929906882339F0109292
:107CE0003204D1DF2496E2E00C94EADD6091B40620
:107CF0007091B5068091B6069091B7066115710531
:107D00008105910561F10E94DED62091100130912C
:107D1000110140911201509113010E943DD7209111
:107D20004E0830914F0840915008509151080E94E0
:107D3000F6DD60934E0870934F088093500890933F
:107D4000510883E00E94A81981E080935D011092A0
:107D5000B4061092B5061092B6061092B70680913E
:107D60005D01882309F4BECF20919A0630919B06CD
:107D700040919C0650919D0660914E0870914F086D
:107D800080915008909151080E94F5DD69837A83B3
:107D90008B839C8362E070E0CE0101960E941136D5
:107DA000BC0180E196E00E942F689CCFA4E0B0E087
:107DB000ECEDFEE30C94CEDD8091990610929906CD
:107DC000882339F0109232045EDF2496E2E00C94AE
:107DD000EADD4091B4065091B5066091B606709107
:107DE000B706411551056105710599F01092B40669
:107DF0001092B5061092B6061092B70681E08093F5
:107E00005D012AE0249FC001259F900D11240E944E
:107E1000E8B380915D018823C1F26091DB06709127
:107E2000DC06072E000C880B990B0E94DED69B0106
:107E3000AC0160910507709106078091070790914A
:107E400008070E943DD769837A838B839C8361E016
:107E500070E0CE0101960E9487B9BC018BE397E0E8
:107E60000E942F68B2CFB0E0A0E0E9E3FFE30C94FA
:107E7000C0DD0091A0060E9433B9C091AD0610E0AC
:107E8000000F111F0B5F184F95E0592E5C0E2DED62
:107E9000E22E26E0F22ED3E0DC1B3BE8C32E3BE1D2
:107EA000D32E4BEEA42E46E0B42E82E0782E7C1A20
:107EB00052E1852E57E0952E81E0682E6C1A4C2EEB
:107EC0004194C1112AC08091AF068823B1F08091FE
:107ED0005D01882359F081E09091AF06911180E017
:107EE00024E049EF56E0642D0E9410B8CF5FC51121
:107EF000E8CF84E08093AE060BC080919906109283
:107F00009906882321F3BFDE8091C4068823F9F205
:107F1000CDB7DEB7E0E10C94DCDDC13071F5F801DE
:107F2000859194911092D2069093D6068093D506AF
:107F30001092D4061092D3068091AF06813081F062
:107F400080915D01882391F21F929F928F926F9290
:107F500081E09091AF06913009F47AC080E078C05A
:107F60008091990610929906882351F30E94781BFC
:107F70008091C406882321F3CBCFC23009F045C0DD
:107F8000F801859194911092D2069093D606809331
:107F9000D5061092D4061092D3068091AF06823097
:107FA000D1F080915D01882309F4A0CFDF92CF92B8
:107FB000BF92AF927F9281E09091AF06923009F02C
:107FC00080E08F930E94F6190F900F900F900F9002
:107FD0000F900F908BCF809199061092990688236D
:107FE00001F30E948B1B8091C4068823D1F290CFAD
:107FF00080919906109299068823D9F00E947F1BE0
:108000008091C4068823A9F083CFC33009F06ECFD6
:10801000F801859194911092D2069093D6068093A0
:10802000D5061092D4061092D3068091AF06833005
:10803000F9F280915D01882309F458CF1F92FF92D5
:10804000EF92DF9381E09091AF06933009F086CFF5
:108050008F930E94F6190F900F900F900F900F9032
:1080600045CFA9E0B0E0E7E3F0E40C94BEDD8091F9
:108070004F04877089832090880230908902409055
:108080008A0250908B028091D70687708A830E9463
:1080900033B92091AD0628873A816624639437303E
:1080A00011F0A2E06A2E49814730D9F58DEA96E0B9
:1080B0009C838B837884372D3B5F3D83472D41958F
:1080C0004E8381E087198F832885222379F13A81B5
:1080D000373009F43EC048854130D9F59091AF065C
:1080E000913009F459C080915D01882351F081E0FD
:1080F000913009F080E020E245EC56E06F810E946B
:1081000010B89981973009F027C220E030E0A9012A
:10811000C201B1010E94D8D6811151C022E0298745
:1081200062C028EA36E03C832B83C4CF8091AF063F
:10813000882319F180915D01882349F281E09091B3
:10814000AF06911180E024E043ED56E06E810E947D
:1081500010B83981373009F0DCC120E030E0A901E6
:10816000C201B1010E94D8D6882309F4D2C1488542
:10817000641609F49BC1698624C080919906109207
:1081800099068823B9F27FDD8091C406882391F295
:108190002996E2E10C94DADD809199061092990615
:1081A000882309F4A0CF2FEC36E0309310052093FC
:1081B0000F058091C406882309F495CFE9CF82E0AA
:1081C000898789858F5F89879985288592130BC058
:1081D0009091AF06921709F49EC180915D018111C3
:1081E000ADC1388539876091830270918402809196
:1081F0008502909186026093A0067093A1068093F9
:10820000A2069093A30629852F5F3885231351C0BA
:108210002091AF06231709F4A2C180915D01882344
:1082200009F447C0B884B71811E08091AF0698856B
:10823000891310E0C090A006D090A106E090A2069D
:10824000F090A30620E030E0A901C701B6010E942A
:10825000D8D62DEB37E346E055EB87FD04C02DEB78
:1082600037E346E055E3C701B6010E94F6DD6B0136
:108270007C0120E030E0A9010E94D8D620E030E067
:1082800040E05FEB87FD04C020E030E040E05FE3CA
:10829000C701B6010E94F6DD0E94D5DECB010E9427
:1082A000021700E09C0142E956E06B2D812F0E94ED
:1082B000C76889858E5F2885821314C09091AF06A8
:1082C000921709F478C180915D01882359F068857F
:1082D000671981E03885931380E020E24EE756E08D
:1082E0000E9410B889858D5F4885841314C09091D1
:1082F000AF06941709F472C180915D01882359F08B
:108300006885671981E03885931380E020E24CE6A8
:1083100056E00E9410B889858C5F488584132DC073
:108320001092D2061092D6061092D5061092D4065C
:108330001092D3068091AF06841709F462C1809130
:108340005D018823D1F0F884F71811E08091AF0621
:108350003885831310E06091D5087091D60880911C
:10836000D7089091D8080E947C3600E09C014DE52A
:1083700056E06F2D812F0E94C76889858B5F4885E5
:1083800084132EC081E08093D2061092D6061092FC
:10839000D5061092D4061092D3068091AF068417AA
:1083A00009F472C180915D018823D1F0F884F71837
:1083B00011E08091AF063885831310E06091D908F1
:1083C0007091DA088091DB089091DC080E947C367D
:1083D00000E09C014DE556E06F2D812F0E94C7689B
:1083E00089858A5F488584132EC082E08093D206F7
:1083F0001092D6061092D5061092D4061092D3068B
:108400008091AF06841709F482C180915D018823B1
:10841000D1F0F884F71811E08091AF063885831306
:1084200010E06091DD087091DE088091DF08909186
:10843000E0080E94BF3600E09C014DE556E06F2D3C
:10844000812F0E94C7688985895F4885841323C06E
:108450008091AF06841709F49DC180915D01882346
:10846000D1F087E090E29F938F938EE496E09F9304
:108470008F93888587198F9381E09091AF06288527
:10848000921380E08F930E94F6190F900F900F9037
:108490000F900F900F9038853F5F38874D814313C1
:1084A00013CE8985885F8093AE0672CE9091870245
:1084B00099878091AF06861112C08091990610921B
:1084C0009906882361F021E09227998783E08093C1
:1084D0005D010E9450198091C406811159CE80918E
:1084E0005D01882309F447CE6885671981E0909182
:1084F000AF063885931380E0498525EB36E04111BE
:1085000002C021EB36E001E048EB56E00E94C7686C
:1085100032CE698659CE80919906109299068823A9
:1085200009F45BCE2B813C813093100520930F051D
:108530008091C406882309F450CE2ACE6885671935
:1085400081E03885931380E020E24EE956E00E94F6
:1085500010B84885498747CE82E0898744CE20916C
:10856000990610929906222309F457CE0E94D5DE6F
:1085700026E539E13F932F93E4E48E2EE1E59E2E2C
:108580005B016C0114E6E12EF12C00E010E020E02C
:1085900030E0A90160EA76E082E996E00E94E6B860
:1085A00081E0809333040F900F908091C40688235C
:1085B00009F433CEEDCD8091990610929906882367
:1085C00009F481CE2DE836E03093100520930F0595
:1085D0008091C406882309F476CEDACD809199067D
:1085E00010929906882309F487CE29E736E0309364
:1085F000100520930F058091C406882309F47CCED2
:10860000C7CD8091990610929906882309F497CED8
:1086100020E030E040E251E46091D5087091D60846
:108620008091D7089091D8080E943DD72AE037ED75
:1086300043E25CE30E94F6DD0E94D5DE5B016C0143
:1086400027EBA20E2BE0B21EC11CD11C1F921F9261
:108650004FE3842E41E5942E1FE6E12E17E1F12E23
:1086600000E010E029E434EF4FEF5FEF65ED78E0D4
:108670008DE596E00E94E6B80F900F908091C406B9
:10868000882309F45CCE84CD8091990610929906D6
:10869000882309F487CE20E030E040E251E4609185
:1086A000D9087091DA088091DB089091DC080E946B
:1086B0003DD72AE037ED43E25CE30E94F6DD0E94FD
:1086C000D5DE5B016C0127EBA20E2BE0B21EC11CB4
:1086D000D11C1F921F922FE3822E21E5922E1FE6BE
:1086E000E12E17E1F12E00E010E029E434EF4FEF26
:1086F0005FEF69ED78E08DE596E00E94E6B80F90B7
:108700000F908091C406882309F44CCE41CD80910E
:10871000990610929906882309F477CE20E030E07C
:1087200048EC52E46091DD087091DE088091DF082A
:108730009091E0080E943DD72FE632E143E85AE3EA
:108740000E94F6DD0E94D5DE5B016C012FECA20ECB
:1087500027E0B21EC11CD11C1F921F9289E4882EF3
:1087600081E5982E1FE9E12E1FE0F12E00E010E0D8
:1087700021E338EF4FEF5FEF6DED78E08DE596E0A8
:108780000E94E6B80F900F908091C406882309F4E8
:108790003CCEFECC8091990610929906882309F46C
:1087A0005CCE0E94851D8091C406882309F455CEB5
:1087B000EFCCAAE0B0E0EFEDF3E40C94BFDD382E8F
:1087C0008091990610929906882339F0109232040C
:1087D0005ADA2A96E1E10C94DBDD6091B4067091DF
:1087E000B5068091B6069091B706611571058105B1
:1087F000910509F45CC020912201222309F4B2C042
:10880000209123012111AEC021E0321609F488C065
:10881000E2E03E1609F495C0C0902401D0902501F5
:10882000E0902601F09027014090300150903101F6
:1088300060903201709033010E94DED620911001C9
:108840003091110140911201509113010E943DD7C6
:108850006F83788789879A87F4E03F9E800111248F
:10886000C8018E5B974F9E838D83FC0120813181EF
:10887000428153816F81788589859A850E94F6DDD2
:108880004B015C01A3019201C701B6010E94D8D639
:10889000811177C0F801EE5BF74F80829182A2824E
:1088A000B382832D0E94A81981E080935D0110920C
:1088B000B4061092B5061092B6061092B7068091D3
:1088C0005D01882309F485CF3092D20624E0329EE0
:1088D000F0011124EE5BF74FC080D180E280F3807D
:1088E000C982DA82EB82FC822DEC3CEC4CEC5DE33D
:1088F000609110017091110180911201909113010A
:108900000E9459DF87FD67C062E070E0CE010196EA
:108910000E941136BC0180E499E20E942F6859CF71
:10892000C0902801D0902901E0902A01F0902B01FD
:1089300040903401509035016090360170903701BD
:108940007BCFC0902C01D0902D01E0902E01F090B3
:108950002F01409038015090390160903A01709099
:108960003B016ACF412C20E5522E23EC622E27E4F6
:10897000722EC12C30E5D32E33ECE32E37ECF32EE0
:108980005BCF20E030E0A9016F81788589859A85E9
:108990000E94D8D687FF0FC0A7019601C501B40178
:1089A0000E94D8D687FF76CFED81FE81C082D1822A
:1089B000E282F38276CFA3019201C501B4010E9445
:1089C00059DF18160CF066CFED81FE81408251828E
:1089D0006282738266CF43E050E0C701B6010E9415
:1089E00013346B017C0120EA36E841E050E00E943C
:1089F00028DDCA01B9012AE030E040E050E00E94E1
:108A000028DD605DF7FE09C0F094E094D094C09436
:108A1000C11CD11CE11CF11C6DE26093A506C701CD
:108A2000B60120E137E240E050E00E9428DD8AE014
:108A3000882E912CA12CB12CCA01B901A501940159
:108A40000E9428DD605D6093A606C701B60128EE8E
:108A500033E040E050E00E9428DDCA01B901A501E1
:108A600094010E9428DD605D6093A7068EE28093EA
:108A7000A806C701B60124E630E040E050E00E94BD
:108A800028DDCA01B901A50194010E9428DD605DBD
:108A90006093A906C701B601A50194010E9428DDD3
:108AA0006B017C01CA01B901A50194010E9428DD76
:108AB000605D6093AA0680E3C80EC092AB0685EAAB
:108AC00096E028CF82E075CE81E073CE80E071CE53
:108AD000B0E0A0E0EEE6F5E40C94C2DD0E9433B90C
:108AE000C091AD066C2E85E0782E7C0E09E310E770
:108AF00095E0A92E95E0B92ED5E0DC1B2BE0E22E07
:108B000020E7F22E84E0D82EDC1A83E0C82ECC1A9F
:108B100082E0982E9C1A81E0882E8C1AC1112BC0FD
:108B20008091AF068823B9F080915D01882361F0C0
:108B3000662D619581E09091AF06911180E024E06F
:108B40004EE355E00E9410B8CF5F7C12E7CF86E07D
:108B50008093AE060BC080919906109299068823E7
:108B600019F391D88091C4068823F1F2CDB7DEB70E
:108B7000EEE00C94DEDDC13049F58091AF06813026
:108B8000A1F080915D018823F9F280E590E79F9341
:108B90008F9383E295E09F938F938F9281E09091E2
:108BA000AF06913069F180E02BC080919906109258
:108BB0009906882331F380E590E7892B11F00E9414
:108BC00050708091C4068823E1F2D0CFC23009F002
:108BD0008FC08091AF068230E9F080915D018823DB
:108BE00009F4B2CF8EED99E19F938F9389E195E0DF
:108BF0009F938F939F9281E09091AF06923099F668
:108C00008F930E94F6190F900F900F900F900F9076
:108C10000F909ACF80919906109299068823E9F2D5
:108C20000E94DE198091C4068823B9F29FCF8091FB
:108C3000AF068330A9F080915D01882309F484CFC9
:108C400082E290E79F938F9382E195E09F938F93C9
:108C5000CF9281E09091AF06933009F0A4CFD0CFAE
:108C60008091990610929906882329F382E290E771
:108C7000892B11F00E9422708091C4068823D9F2BA
:108C800075CF8091AF06843099F080915D01882383
:108C900009F45ACFFF92EF928DE095E09F938F9366
:108CA000DF9281E09091AF06943009F07CCFA8CF9D
:108CB0008091990610929906882339F3E114F10402
:108CC00011F00E940B708091C4068823F1F24ECF00
:108CD00080919906109299068823B1F0011511052B
:108CE00011F00E9439708091C406882369F03ECF4C
:108CF000C33009F49CCFC43021F2C53009F024CF31
:108D00008091AF06853021F380915D01882309F4BD
:108D10001BCF1F930F93BF92AF92DF9381E090918F
:108D2000AF06953009F03FCF6BCFA6E0B0E0EBE99E
:108D3000F6E40C94BEDD4090D2060E9433B9509008
:108D4000AD06E42CF12CEE0CFF1CC7018B5F984F95
:108D50007C0126E0429EF0011124FE83ED83E9535D
:108D6000F94F3F018D819E818B53994F9E838D8357
:108D7000252C95E0950D998311E0E12FE519EA8303
:108D8000CD80DE805601F4E0AF0EB11C85E0851980
:108D90008B83460122E0820E911C83E085198C832F
:108DA00082E0382E351851105DC01123D9F0809122
:108DB000AF061816BCF04091B4065091B50660910C
:108DC000B6067091B7064F5F5F4F6F4F7F4F40936E
:108DD000B4065093B5066093B6067093B7068F5FDE
:108DE0008093AF0680915D01882339F0F70165918A
:108DF0007491822D81950E948AB7F50180818093BC
:108E0000A006F2E05F126BC04092D2061092D60626
:108E10001092D5061092D4061092D3068091AF0618
:108E2000823009F449C080915D01882391F011E0FE
:108E30008091AF06823009F010E08091A0060E9478
:108E4000361700E09C0144E355E0632D812F0E941A
:108E5000C76810E0539489818511A5CF86E080937F
:108E6000AE0619C081E05812C8CF8091AF0681309C
:108E700031F080915D01811112C010E0BECF809170
:108E80009906109299068823A1F30E94433E80918F
:108E9000C406882371F32696E2E10C94DADD81E0C2
:108EA0009091AF06913009F080E024E04EE355E068
:108EB0006A810E9410B8E1CF8091990610929906BC
:108EC000882309F4B0CF69E378E184E395E00E9458
:108ED000C6BA8091C406882309F4A5CFDCCF23E06D
:108EE000521231C08091AF068330B1F080915D01A4
:108EF000882309F4AECF11E08091AF06833009F0EA
:108F000010E0F601808191810E94021700E09C012F
:108F10004DE255E06C819ACF8091990610929906A6
:108F2000882321F310E000E024E031E045E050E048
:108F30006D817E818DE295E00E948FBA8091C4069A
:108F40008823A1F2A8CFF4E05F1231C08091AF0670
:108F50008430B9F080915D01882309F47ACF11E063
:108F60008091AF06843009F010E0F4018081918196
:108F70000E94021764E0621900E09C0149E255E09A
:108F800065CF8091990610929906882319F310E015
:108F900000E02EE630E045E050E0B30189E295E0E4
:108FA0000E948FBA8091C4068823A1F274CFF5E0A5
:108FB0005F1250CF8091AF068530F9F080915D014E
:108FC000882309F446CF87E090E29F938F938BE646
:108FD00095E09F938F932B812F9381E09091AF0623
:108FE000953009F080E08F930E94F6190F900F9052
:108FF0000F900F900F900F902CCF809199061092A8
:1090000099068823D9F20E94851D8091C406882381
:10901000A9F241CFA0E1B0E0E0E1F8E40C94C0DDBA
:1090200080E1E9EDF1E0DE01119601900D928A9563
:10903000E1F70E9433B9D090AD069D2C65E0762E05
:109040007D0C6D2C61948824839473E0572ED1108D
:1090500014C08091AF06882309F4D0C080915D01CF
:10906000882359F081E09091AF06911180E024E0CF
:1090700046E654E0662D0E9410B8AA24A394B12CB1
:109080004D2C4918DA102FC08FEF8A0D8093D2062D
:109090001092D6061092D5061092D4061092D306DE
:1090A0008091AF068D1509F4BBC080915D018823C6
:1090B000D1F011E08091AF068D1110E0F501EE0FB7
:1090C000FF1FEE0FFF1FE05FF84F60A171A182A1AB
:1090D00093A10E94D33500E09C0146E154E0642D49
:1090E000812F0E94C768CA2C81E08A0D9FEFA91AC0
:1090F000B90A94E0A916B10429F68D112CC050923A
:10910000D2061092D6061092D5061092D40610926E
:10911000D3068091AF068D1509F4ACC080915D0136
:109120008823C9F0BD2CB91811E08091AF068D11CC
:1091300010E0609140077091410780914207909143
:1091400043070E94D33500E09C0146E154E06B2DBB
:10915000812F0E94C76882E08C0D8D1122C0809102
:10916000AF068D1509F4A4C080915D018823C9F074
:10917000BD2CB91811E08091AF068D1110E06091FF
:1091800050077091510780915207909153070E94A8
:10919000D33500E09C0149E054E06B2D812F0E9403
:1091A000C76883E08C0D8D1121C08091AF068D15AD
:1091B00009F49BC080915D018823C1F011E080918A
:1091C000AF068D1110E060915407709155078091A2
:1091D0005607909157070E94D33500E09C0148EF55
:1091E00053E06D2D6919812F0E94C768D3947D10BB
:1091F0002ECF84E08C0D8093AE060EC08091990630
:1092000010929906882309F429CF0E94433E809149
:10921000C406882309F422CF6096E0E10C94DCDDDB
:109220008091990610929906882309F43ECFB501E2
:10923000660F771F660F771FFB01349781E090E080
:109240008C0F9D1FE80FF91FE080F18002811381D0
:10925000605D784F20E030E040E85FE386E194E035
:109260000E940BBA809233048091C406882309F4CB
:109270001CCFD2CF8091990610929906882309F4C9
:109280004DCFE12C1CE3F12E0CE116E420E030E0A0
:1092900040E85FE360E477E086E194E00E940BBA87
:1092A000809233048091C406882309F437CFB4CF69
:1092B0008091990610929906882309F455CFE12CE4
:1092C0001CE3F12E0CE116E420E030E0A90160E59A
:1092D00077E089E094E00E940BBA80923304809199
:1092E000C406882309F440CF97CF80919906109245
:1092F0009906882309F45ECFE12C1CE3F12E0CE1E2
:1093000016E420E030E0A90164E577E088EF93E01F
:109310000E940BBA809233048091C406882309F41A
:1093200049CF7ACFA8E0B0E0E8E9F9E40C94BEDDDB
:109330000091140710911507209116073091170717
:109340008091180790911907A0911A07B0911B07F7
:1093500080179107A207B30710F4D901C801009143
:109360001007109111072091120730911307BC01CB
:10937000CD01601771078207930710F4C901B80186
:109380000E94DCD62B013C010E9433B92091AD062E
:1093900028872A83822F8B5F898387E0922F821B05
:1093A0008B8386E0821B8C8385E0821B8D8384E027
:1093B000821B8E8383E0821B8F8322E0322E391A38
:1093C000292E2194288521112DC08091AF06882354
:1093D000C9F080915D01882359F081E09091AF063A
:1093E000911180E024E046E654E0622D0E9410B81E
:1093F00098859F5F988729812913E4CF88E080931F
:10940000AE060CC08091990610929906882309F344
:109410000E94433E8091C4068823D9F22896E2E157
:109420000C94DADD8885813009F06CC08091AF063C
:109430008130F9F080915D018823D1F211E08091B3
:10944000AF06813009F010E0609144077091450744
:1094500080914607909147070E94D33561E02A81A9
:10946000621B00E09C0145E554E0812F0E94C76823
:10947000BFCF80919906109299068823D9F22AE0ED
:1094800037ED43E25DE360914407709145078091B9
:109490004607909147070E943DD70E94D5DE5B01A9
:1094A0006C0121E0A21AB108C108D1082AE037ED09
:1094B00043E25DE3C301B2010E943DD70E94D5DEC5
:1094C0007B018C0121E0E21AF108010911091F92C8
:1094D0001F929DE5892E91E5992E21E030E040E034
:1094E00050E064E477E085E594E00E94E6B8888582
:1094F000809333040F900F908091C406882309F461
:1095000099CF8CCF8885823009F090C18091AF06C9
:109510008230D9F080915D01882309F469CF11E090
:109520008091AF06823009F010E060914807709199
:10953000490780914A0790914B070E94D33500E07C
:109540009C0147E454E0632D90CF809199061092DE
:1095500099068823F9F260911C0770911D0780918C
:109560001E0790911F070E94DCD67B018C0120E032
:1095700030E048EC52E468E477E087E494E00E944D
:109580000BBA81E0809333048091C406882311F2E2
:1095900045CF8091AF068330D9F080915D0188235B
:1095A00009F426CF11E08091AF06833009F010E076
:1095B00060914C0770914D0780914E0790914F0735
:1095C0000E94D33500E09C014AE354E06F814DCF07
:1095D00080919906109299068823F9F22AE037EDD6
:1095E00043E25DE360914C0770914D0780914E0717
:1095F00090914F070E943DD70E94D5DE5B016C0120
:1096000021E0A21AB108C108D1082AE037ED43E2EF
:109610005DE3C301B2010E943DD70E94D5DE7B010C
:109620008C0121E0E21AF108010911091F921F9231
:109630008DE5882E81E5982E21E030E040E050E075
:109640006CE477E08AE394E00E94E6B881E08093DE
:1096500033040F900F908091C406882309F49DCFA6
:10966000DDCE1092D2061092D6061092D506109238
:10967000D4061092D3068091AF068430D9F0809141
:109680005D01882309F4B4CE11E08091AF068430E7
:1096900009F010E060911007709111078091120796
:1096A000909113070E94B53500E09C014EE254E012
:1096B0006E81DBCE80919906109299068823F9F28B
:1096C00007E411E224E630E040E050E060E177E0BA
:1096D0008EE294E00E9448BA81E080933304809146
:1096E000C406882361F29ACEFF24F394F092D20646
:1096F0001092D6061092D5061092D4061092D30678
:109700008091AF068530D9F080915D01882309F4FE
:109710006FCE11E08091AF06853009F010E06091C6
:1097200014077091150780911607909117070E94F2
:10973000B53500E09C014EE254E06D8196CE8091FB
:109740009906109299068823F9F206E411E224E6BC
:1097500030E040E050E064E177E08EE294E00E9487
:1097600048BAF09233048091C406882369F256CE39
:1097700082E08093D2061092D6061092D5061092FF
:10978000D4061092D3068091AF068630D9F080912E
:109790005D01882309F42CCE11E08091AF0686305C
:1097A00009F010E0609118077091190780911A076D
:1097B00090911B070E94B53500E09C014EE254E0F9
:1097C0006C8153CE80919906109299068823F9F204
:1097D00005E411E22AE030E040E050E068E177E0A3
:1097E0008EE294E00E9448BA81E080933304809135
:1097F000C406882361F212CE8091990610929906D0
:10980000882341F104E411E224E630E040E050E036
:109810006CE177E082E294E00E9448BA81E08093B4
:1098200033048091C4068823A9F0F8CD888583305D
:1098300009F4AFCE843009F414CF853009F454CF45
:10984000863009F495CF873009F0D2CD8091AF06EC
:10985000873091F280915D01882309F4C9CD11E030
:109860008091AF06873009F010E060911C0770917D
:109870001D0780911E0790911F070E94B53500E0DB
:109880009C0142E254E06B81F0CDA6E0B0E0EBE455
:10989000FCE40C94BEDD0E9433B92091AD062D830B
:1098A0002A83822F8B5F8983922F91959B834424F7
:1098B000439484E0821B8C83FD81F11114C080915C
:1098C000AF06882309F48AC080915D01882359F08E
:1098D00081E09091AF06911180E024E046E654E0EB
:1098E0006B810E9410B840E1642E47E0742E21E0A5
:1098F0002E833D803A942D808A81281A9D81EE81A5
:109900009E1328C03092D2061092D6061092D50629
:109910001092D4061092D3068091AF06891709F4ED
:109920006FC080915D018823A9F011E08091AF069E
:10993000FE818F1310E0F301648975898689978908
:109940000E94613400E09C014BE554E0622D812FC0
:109950000E94C7685E80F4E06F0E711C21E0250D47
:109960002E83243059F68D81843069F593E09093ED
:10997000D2061092D6061092D5061092D4061092F6
:10998000D3068091AF06843009F47FC080915D01D9
:109990008823C9F0F1E0FE838091AF06843009F09E
:1099A0001E8260913007709131078091320790914B
:1099B00033070E94613400E09C014BE554E06C8168
:1099C0008E810E94C7682D812F5F2D83898182132C
:1099D00073CF539453945092AE060EC08091990663
:1099E00010929906882309F46FCF0E94433E80911C
:1099F000C406882309F468CF2696E2E10C94DADDE8
:109A00008091990610929906882309F48ACF20E064
:109A100030E048EC52E4F3016489758986899789BE
:109A20000E943DD72FE632E143E85AE30E94F6DD7B
:109A30000E94D5DE5B016C01F4EFAF1AF1E0BF0AC2
:109A4000C108D10883E491E29F938F9323E5822E8E
:109A500021E5922E18EEE12E1FE3F12E0FE010E02B
:109A600024EF31E040E050E0B3016C5E7F4F8BE5C6
:109A700094E00E94E6B8409233040F900F908091DA
:109A8000C406882309F44DCFB7CF80919906109270
:109A90009906882309F47ACF20E030E048EC52E4BC
:109AA00060913007709131078091320790913307B0
:109AB0000E943DD72FE632E143E85AE30E94F6DDEB
:109AC0000E94D5DE5B016C01E4EFAE1AE1E0BE0A54
:109AD000C108D10882E491E29F938F9383E5882E99
:109AE00081E5982E18EEE12E1FE3F12E0FE010E035
:109AF00024EF31E040E050E060E377E08BE594E074
:109B00000E94E6B8409233040F900F908091C406F3
:109B1000882309F43BCF70CFB0E0A0E0E2E9FDE498
:109B20000C94C0DD0E9433B9C091AD0645E0542EBF
:109B30005C0ED3E0DC1B82E0782E7C1A81E0682E7C
:109B40006C1A4C2E4194C1112BC08091AF06882312
:109B5000B1F080915D01882359F081E09091AF06CA
:109B6000911180E024E046E654E0642D0E9410B894
:109B7000CF5F5C12E8CF84E08093AE060CC080918A
:109B8000990610929906882321F30E94433E809102
:109B9000C4068823F1F2CDB7DEB7E0E10C94DCDD3A
:109BA000C130A1F58091AF068130C9F080915D018F
:109BB0008823F1F211E08091AF06813009F010E0C6
:109BC00080914501909146010E94021700E09C019E
:109BD00041EF53E0662D812F0E94C768C9CF809165
:109BE000990610929906882309F310E000E024E01A
:109BF00031E050E040E065E471E081EF93E00E94E5
:109C00008FBA8091C406882389F2C5CFC23009F08B
:109C10006CC08091AF068230B9F080915D018823DD
:109C200009F4A6CF11E08091AF06823009F010E070
:109C300080914701909148010E94021700E09C0129
:109C40004AEE53E0672DC7CF80919906109299068E
:109C5000882319F310E000E024E031E050E040E018
:109C600067E471E08AEE93E00E948FBA8091C406A7
:109C7000882399F290CF80919906109299068823B3
:109C8000E1F120E030E048EC52E46091490170914C
:109C90004A0180914B0190914C010E943DD72FE6E3
:109CA00032E143E85AE30E94F6DD0E94D5DE1F92BE
:109CB0001F9229E4822E21E5922E5B016C0118EEA1
:109CC000E12E13E0F12E00E010E020E030E0A901E9
:109CD00069E471E082EE93E00E94E6B80F900F9085
:109CE0008091C406882349F056CFC33009F040CF95
:109CF0008091AF06833009F4BECF80915D01882347
:109D000009F436CF11E08091AF06833009F010E0FE
:109D10006091490170914A0180914B0190914C01F1
:109D20000E94BF3600E09C0142EE53E06D2F53CFFE
:109D3000A3E0B0E0EEE9FEE40C94BEDD0E9433B98E
:109D40002091AD062A832B5F298323E0422E5524E0
:109D50005394352C8A81381A282E219430ED632EA5
:109D600035E1732E92E0981B9B832A81211136C026
:109D70008091AF06882311F180915D01882359F00D
:109D800081E09091AF06911180E024E046E654E036
:109D9000622D0E9410B880918202882309F4B9C014
:109DA0002A81223009F44FC083E09A819F5F9A8311
:109DB00029812913DACF8093AE060CC080919906D1
:109DC000109299068823C1F20E94433E8091C406F6
:109DD000882391F22396E2E10C94DADD8A818130C6
:109DE000D1F68091AF068130C9F080915D01882362
:109DF00091F281E09091AF06913009F080E090916E
:109E0000820225ED33E0911102C021ED33E001E043
:109E100048ED53E0632D0E94C768BDCF8091820258
:109E200090919906109299069923F9F29A818927BF
:109E30008093820240925D010E94D0158091C406F9
:109E4000882399F2C7CF8091AF068230F1F08091DC
:109E50005D01882309F4A8CF11E08091AF0682301C
:109E600009F010E060917E0270917F028091800283
:109E7000909181020E94061A00E09C0147EC53E099
:109E80006B81812F0E94C7688FCF809199061092B5
:109E900099068823E1F220E030E04AE754E460913B
:109EA0007E0270917F0280918002909181020E94D7
:109EB0003DD727E137EB41ED58E30E94F6DD0E94E4
:109EC000D5DE5B016C012CEDA21A25E0B20AC108B7
:109ED000D1087F926F928CE6882E81E5982E16ED40
:109EE000E12E16E0F12E00E010E02CED35E040E030
:109EF00050E06EE772E087EC93E00E94E6B8509283
:109F000033040F900F908091C406882309F49FCFEB
:109F100061CF82E04ACFA3E0B0E0E1E9FFE40C9436
:109F2000BEDD4C013B015A011901280181E08093FB
:109F300032044091B4065091B5066091B606709116
:109F4000B706411551056105710571F01416150626
:109F50000CF080E0809331041092B4061092B506A4
:109F60001092B6061092B7061091310480919906AE
:109F70008B8310929906811105C080915D01882321
:109F800009F46FC0C2010E94D037082F80E0C114CD
:109F9000D10419F0C6010E94D0371A821982E11447
:109FA000F104B1F4402F50E0282F30E0CA01820FB5
:109FB000931F46976CF485E190E0841B950B821B00
:109FC000930B97FD0196959587958A8381E0898308
:109FD00001E028E637E1A201BE016F5F7F4FCE01AD
:109FE00002960E94823DE114F10491F08A81882357
:109FF00021F01A8289818F5F898300E02BE637E1A7
:10A00000A701BE016F5F7F4FCE0102960E94823D85
:10A01000C114D10459F000E028E637E1A601BE01E1
:10A020006F5F7F4FCE0102960E94823D41E0412743
:10A03000B30181E00E9432BEC4010E94D037412F9B
:10A04000B40194E1981B892F0E9432BEFB81FF234B
:10A0500041F0111101C05101A114B10431F0F50119
:10A0600009952396E2E10C94DADD0E94433EF9CF94
:10A07000CF92DF92EF92FF920F931F9381EFC82E42
:10A0800085E0D82EF12CE12C03EF15E030E020E044
:10A0900048EF5AE163E076E088E096E03CDF1F910C
:10A0A0000F91FF90EF90DF90CF900895CF92DF92C5
:10A0B000EF92FF920F931F9388E7C82E84E0D82E6B
:10A0C000F12CE12C0BE814E030E020E045E251E314
:10A0D0006AE774E081E894E01EDF1F910F91FF9022
:10A0E000EF90DF90CF900895B0E0A0E0EAE7F0E5D0
:10A0F0000C94C6DDADB6BEB685EB93E00E94D037BA
:10A1000090E001962DB73EB7281B390B0FB6F89497
:10A110003EBF0FBE2DBF8DB79EB701967C0165EB8C
:10A1200073E00E94CBD5E091A006E15010E000E082
:10A13000E43038F4F0E0EE0FFF1FE35FFD4F0081E5
:10A14000118186EAC82E83E0D82E21E73BE145E263
:10A1500051E368EA73E08FEA93E0DDDE0FB6F8942E
:10A16000BEBE0FBEADBEEAE00C94E2DD0F931F93BE
:10A17000CF93DF93FC01EB018091B4069091B5067B
:10A18000A091B606B091B706B7FD75C04091B8066C
:10A190005091B9066091BA067091BB0648175907ED
:10A1A0006A077B0714F4DB01CA018093B40690931D
:10A1B000B506A093B606B093B70620915D012223A1
:10A1C000C1F04091BC065091BD066091BE067091F1
:10A1D000BF068C019D01040F151F261F371FC901E3
:10A1E000B8010995BC018091C2069091C3060E94F6
:10A1F0002F6880919906811108C08091B10688234B
:10A20000A9F180915D01882389F18091C006909128
:10A21000C1060097B1F04091B4065091B506609127
:10A22000B6067091B7060091BC061091BD0620914C
:10A23000BE063091BF06400F511F621F731FFE0103
:10A240000995E091B206F091B306309741F0809104
:10A25000B106811103C08091990681110995809101
:10A2600099061092990681110E94433EDF91CF9189
:10A270001F910F91089580E090E0DC0196CF6AE98C
:10A2800077E180EB96E372CF62EC77E180ED97E1C6
:10A290006DCF67E478E181EC97E368CF69E078E11E
:10A2A00084E298E163CF61E678E189E395E35ECFEC
:10A2B0006BE778E188EC95E359CF61E978E185E0D7
:10A2C00096E354CF64EB77E18EE096E34FCF65EAF7
:10A2D00078E189EA98E14ACF6BEA78E18BE39AE189
:10A2E00045CFE0912C04E63028F581E08E0F809375
:10A2F0002C044091B4065091B5066091B606709159
:10A30000B7062091AD069091AE068091320439E0F7
:10A31000E39FF0011124EB50FC4FA091520EB0913D
:10A32000530EB183A0834283538364837583268352
:10A33000978380870895CF93DF93EC01D2DF20E0ED
:10A3400040E070E060E0CE010E945E1ADF91CF91A4
:10A350000895B0E0A0E0EFEAF1E50C94C3DD0E94BF
:10A3600033B9C091AD0685E0A82EAC0E92E0B92EAF
:10A3700086E0F82EFC1AD1E085E0E82EEC1A84E0A5
:10A38000D82EDC1A83E0C82ECC1A9B2C9C1A8D2E5A
:10A390008C1A7C2E7194C1115AC08091AF0688230B
:10A3A00009F442C080915D01882359F081E09091C9
:10A3B000AF06911180E024E041E757E0672D0E944D
:10A3C00010B88091FC068093A006C43009F0E2C06A
:10A3D0001092D2061092D6061092D5061092D4068C
:10A3E0001092D3068091AF06843009F4BEC08091EC
:10A3F0005D01882391F011E08091AF06843009F06F
:10A4000010E08091A0060E94361700E09C0146E50E
:10A4100057E06D2D812F0E94C768CF5FAC12BBCF74
:10A4200087E08093AE060EC080919906109299063F
:10A43000882309F4B7CF0E94433E8091C406882345
:10A4400009F4B0CFCDB7DEB7EDE00C94DFDDC1305D
:10A45000C1F58091AF068130E9F080915D018823DC
:10A46000A1F011E08091AF06813009F010E08091F9
:10A470001401909115010E94021700E09C014BE627
:10A4800057E0682D812F0E94C7688091FC06809359
:10A49000A006C3CF80919906109299068823E9F20D
:10A4A00010E000E027EE33E04AE050E064E171E0C4
:10A4B0008BE697E00E948FBA8091C406882369F2E8
:10A4C000C1CFC23009F0CBC08091AF068230C9F055
:10A4D00080915D018823C9F211E08091AF0682303E
:10A4E00009F010E080918B0890918C080E9402176F
:10A4F00000E09C0144E657E0692D812F0E94C76867
:10A5000060CF8091990610929906882309F307EA93
:10A5100019E124E031E050E040E06BE878E084E6C7
:10A5200097E00E948FBAD09333048091C4068823A9
:10A5300079F288CF8091990610929906882309F4C0
:10A5400096C00AEA15E62EE630E050E040E063E609
:10A5500078E080E697E00E948FBAD0933304809130
:10A56000C406882309F483C06DCF809199061092A8
:10A570009906882309F43BCF61E977E186E597E006
:10A580000E94C6BAD09333048091C406882309F48C
:10A590002ECF58CFC53091F58091AF068530B9F0F8
:10A5A00080915D01882309F438CF11E08091AF06D6
:10A5B000853009F010E080911A0190911B010E94F2
:10A5C000021700E09C0141E557E06E2D23CF8091FA
:10A5D000990610929906882319F30EE617E127EEE3
:10A5E00033E04AE050E06AE171E081E597E00E94E3
:10A5F0008FBA8091C406882399F224CFC63009F01F
:10A600000CCFB092D2061092D6061092D5061092B8
:10A61000D4061092D3068091AF06863091F08091D7
:10A620005D01882309F4F9CE81E09091AF06963060
:10A6300009F080E023E046E457E06F2D0E9410B857
:10A64000ECCE8091990610929906882341F389EE09
:10A650009AE171DE8091C406882309F3F3CEC330FA
:10A6600009F0AFCE8091AF06833009F463CF8091BB
:10A670005D01882309F409CF11E08091AF06833092
:10A6800009F010E080916308909164080E9402171D
:10A6900000E09C0140E657E06C2D2FCFB0E0A0E039
:10A6A000E4E5F3E50C94BEDDD1E080918B08909158
:10A6B0008C08892B09F4D0E00E9433B9C091AD0613
:10A6C0006C2E45E0742E7C0EFF24F39483E0E82E7C
:10A6D000EC1A82E0982E9C1A5F2C5C1A4C2E419446
:10A6E00056E8C52E5BE1D52E69E0A62E67E0B62EB2
:10A6F00086E0882E8C1AC11115C08091AF06882380
:10A7000009F4CAC080915D01882309F460C181E029
:10A710009091AF06911180E024E041E357E0642D71
:10A720000E9410B880918B0890918C089093A1069C
:10A730008093A006C13009F0DDC08091AF06813062
:10A7400009F4BDC080915D01882309F43FC011E088
:10A750008091AF06813009F010E08091A0069091C1
:10A76000A1060E94021700E09C014AE257E0652D15
:10A77000812F0E94C7688091FC068093A006C33099
:10A7800029F51092D2061092D6061092D506109294
:10A79000D4061092D3068091AF06833009F4E1C04D
:10A7A00080915D01882391F011E08091AF068330A4
:10A7B00009F010E08091A0060E94361700E09C018D
:10A7C0004CE157E06E2D812F0E94C76810E000E039
:10A7D00034E0332E2C2E26180093A006C31125C07A
:10A7E000F801EE0FFF1FEB5FF84F859194911092E7
:10A7F000D2069093D6068093D5061092D406109276
:10A80000D3068091AF068C1709F4C0C080915D011A
:10A81000882359F081E09091AF06931180E023E006
:10A8200042E157E0622D0E9410B8832D0F5F1F4F49
:10A8300095E0392E853081F6809163089091640807
:10A84000892B19F4DD2309F4C0C0C630E9F48091E6
:10A85000AF06863009F4AAC080915D018823A1F07B
:10A86000DF92CF92BF92AF928F9281E09091AF062C
:10A87000963009F080E08F930E94F6190F900F90A8
:10A880000F900F900F900F9087E0D1E0CF5FC7112E
:10A8900032CF8093AE060EC0809199061092990631
:10A8A000882309F42FCF0E94433E8091C406882359
:10A8B00009F428CFCDB7DEB7E2E10C94DADD809160
:10A8C000990610929906882309F43CCF02EA10E217
:10A8D00024E031E050E040E060EA76E08AE297E090
:10A8E0000E948FBAC09333048091C406882309F470
:10A8F00029CFE0CFC23009F03ECF8091AF06823041
:10A90000B9F080915D01882309F460CF11E0809156
:10A91000AF06823009F010E08091630890916408DE
:10A920000E94021700E09C0146E257E0692D20CF0B
:10A930008091990610929906882319F30AEA15E680
:10A940002EE630E050E040E063E678E086E297E013
:10A950000E948FBAF09233048091C406882389F252
:10A96000A9CF8091990610929906882309F418CFEF
:10A9700061E977E18CE197E00E94C6BAF092330476
:10A980008091C406882309F40BCF94CF8091990657
:10A9900010929906882309F439CF83E39FE3CBDC37
:10A9A0008091C406882309F431CF84CF8091990621
:10A9B00010929906882309F44FCF0E94861B80913C
:10A9C000C406882309F448CF75CF86E05FCF809115
:10A9D0008B0890918C089093A1068093A006CBCE13
:10A9E000B0E0A0E0E6EFF4E50C94C6DD0E9433B9D8
:10A9F000C091AD0685E0B82EBC0E96E3E92E96E038
:10AA0000F92ED3E0DC1B2FECC22E26E0D22E12E072
:10AA10001C1B01E00C1BAC2EA194C1112BC080911A
:10AA2000AF068823B1F080915D01882359F081E061
:10AA30009091AF06911180E024E044E456E06A2D45
:10AA40000E9410B8CF5FBC12E8CF84E08093AE06BE
:10AA50000CC08091990610929906882321F30E94D8
:10AA6000433E8091C4068823F1F2CDB7DEB7EAE019
:10AA70000C94E2DDC13009F58091AF06813079F0A8
:10AA800080915D018823F1F281E09091AF069130D1
:10AA900009F080E023E04FE259E2602FD1CF8091AE
:10AAA000990610929906882359F384EA95E543DCC8
:10AAB0008091C406882321F3D8CFC23081F59091CC
:10AAC000AF06923071F080915D01882309F4BACF0E
:10AAD00081E0923009F080E020E24AE356E0612F05
:10AAE000AFCF8091990610929906882361F3D09296
:10AAF0001005C0920F058091C406882321F3B5CFBD
:10AB00008091990610929906882381F0F0921005A1
:10AB1000E0920F058091C406882341F0A6CFC33090
:10AB200009F090CF9091AF06933051F380915D0181
:10AB3000882309F487CF81E0933009F080E020E298
:10AB400045E256E06D2F7CCFB0E0A0E0EAEAF5E503
:10AB50000C94C7DD0E9433B9C091AD0685E0E82EA4
:10AB6000EC0ED4E0DC1B01E092E0F92E13E01C1B9C
:10AB7000DF2CDC1AC02ECC1ABC2EB194C1112BC014
:10AB80008091AF068823B1F080915D01882359F050
:10AB900081E09091AF06911180E024E04EE156E013
:10ABA0006B2D0E9410B8CF5FEC12E8CF85E0809348
:10ABB000AE060CC08091990610929906882321F365
:10ABC0000E94433E8091C4068823F1F2CDB7DEB7E0
:10ABD000E9E00C94E3DDC13059F51092D2061092F1
:10ABE000D6061092D5061092D4061092D306809104
:10ABF000AF06813079F080915D018823A1F281E078
:10AC00009091AF06913009F080E023E040E459E2F2
:10AC10006C2DC7CF8091990610929906882359F31D
:10AC200084E59AE188DB8091C406882321F3CECFA6
:10AC3000C23009F066C00093D2061092D606109278
:10AC4000D5061092D4061092D3068091AF068230BA
:10AC500081F080915D01882309F4A5CF81E0909176
:10AC6000AF06923009F080E023E040E459E26D2D18
:10AC700098CF8091990610929906882351F38FE41A
:10AC80009AE159DB8091C406882319F39FCFF09293
:10AC9000D2061092D6061092D5061092D4061092C3
:10ACA000D3068091AF06833081F080915D018823C7
:10ACB00009F479CF81E09091AF06933009F080E0FC
:10ACC00023E040E459E2612F6CCF80919906109205
:10ACD0009906882351F38AE49AE12DDB8091C4061A
:10ACE000882319F373CF80919906109299068823CF
:10ACF00089F08FEC90E21FDB8091C406882351F02D
:10AD000065CFC33021F2C43009F04DCF8091AF063A
:10AD1000843049F380915D01882309F444CF81E0B8
:10AD20009091AF06943009F080E023E040E156E0D6
:10AD30006D2F37CFB0E0A0E0E0EAF6E50C94C8DD77
:10AD4000009154080E9433B9C091AD06EC2E85E005
:10AD5000D82EDC0E82E0F82EFC1A11E01C1BCC2E43
:10AD6000C194C11128C08091AF06882399F08091C9
:10AD70005D01882359F081E09091AF06911180E048
:10AD800024E045EE55E06C2D0E9410B8013009F02A
:10AD90007AC01FC08091990610929906882339F3D2
:10ADA0000E94433E8091C406882309F3CDB7DEB7E5
:10ADB000E8E00C94E4DD013049F5D2E0C13009F05F
:10ADC00072C08091AF06813031F080915D018111B8
:10ADD00010C0D2E07EC08091990610929906882317
:10ADE000A1F389EA91E5A7DA8091C406882369F383
:10ADF000DDCF81E09091AF06913009F080E023E053
:10AE000040EE55E0612F0E9410B8E3CFC13021F52C
:10AE10008091AF06813091F080915D01882361F0CF
:10AE200081E09091AF06913009F080E023E049ED98
:10AE300055E0612F0E9410B8D3E063C0809199065D
:10AE400010929906882341F380EF94E574DA80919B
:10AE5000C406882309F3AACFD3E0C23021F580913C
:10AE6000AF06823091F080915D01882329F381E063
:10AE70009091AF06923009F080E023E049EC55E074
:10AE80006F2D0E9410B8D3E024C0809199061092D3
:10AE90009906882341F381E390E44DDA8091C4065A
:10AEA000882309F383CFDC1314C08091AF068D177C
:10AEB000A9F180915D01882361F06C2F6E1981E00A
:10AEC0009091AF069C1380E023E04DEB55E00E948B
:10AED00010B881E08D0F8C1314C08091AF068C17D1
:10AEE00061F180915D01882361F06C2F6E1981E022
:10AEF0009091AF069C1380E023E04FEA55E00E945A
:10AF000010B8013021F08091C40681114FCFCF5F7E
:10AF1000DC1227CFDE5FD093AE0648CF8091990632
:10AF200010929906882329F28EE493E504DA809141
:10AF3000C406882309F4BDCF39CF809199061092B9
:10AF40009906882371F28BEA97E5F5D98091C406BA
:10AF5000882339F22BCFA6E0B0E0E1EBF7E50C94C3
:10AF6000BEDD0E94EB6E382E0E9433B97090AD06A4
:10AF7000572C25E0270D298381E087198A8382E0F9
:10AF800087198B83872D81958C8307E010E23BE640
:10AF9000E32E35E0F32E44E2C42E41E3D42E5CE4EC
:10AFA000A52E55E0B52E63E2862E61E3962E711034
:10AFB000D7C08091AF068823A1F080915D018823DE
:10AFC00001F181E09091AF06911180E024E045EA23
:10AFD00055E06C810E9410B83320C9F092E0692ED0
:10AFE00018C08091990610929906882331F30E9427
:10AFF000433E8091C406882301F32696E2E10C9437
:10B00000DADD3110EBCF22E0721609F4CEC023E076
:10B01000622E1E821D82272C2518761027C0ED81F6
:10B02000FE81EE0FFF1FEB5FF84F859194912D810C
:10B030002093D2069093D6068093D5061092D4061C
:10B040001092D3068091AF06871509F4D7C080917E
:10B050005D01882359F081E09091AF06961180E060
:10B0600023E04AE755E0622D0E9410B8462C662482
:10B070006394640C8D819E81019709F0BAC06710BA
:10B080001EC08091AF06871509F4C8C080915D018C
:10B090008823A9F01F930F93FF92EF92872D8519B4
:10B0A0008F9381E09091AF06971180E08F930E947B
:10B0B000F6190F900F900F900F900F900F9082E065
:10B0C000840D311046C0871120C08091AF068715CE
:10B0D00009F4B3C080915D018823B9F09F928F92EB
:10B0E0008DE595E09F938F93872D85198F9381E050
:10B0F0009091AF06971180E08F930E94F6190F9000
:10B100000F900F900F900F900F9083E0840D871198
:10B110001EC08091AF06871509F49EC080915D0125
:10B120008823A9F0DF92CF92BF92AF92872D851925
:10B130008F9381E09091AF06971180E08F930E94EA
:10B14000F6190F900F900F900F900F900F9084E0D2
:10B15000840D7394998179122ACF8093AE064DCFD6
:10B1600091E079124ECF8091AF06813081F08091CD
:10B170005D01882309F445CF81E09091AF069130BD
:10B1800009F080E023E043E955E06A8123CF809114
:10B19000990610929906882351F38BE399E5CBD851
:10B1A0008091C406882319F328CF8091AF0682309E
:10B1B00091F080915D01882309F429CF81E090917D
:10B1C000AF06923009F080E023E04BE855E06B8158
:10B1D0000E9410B81CCF809199061092990688237E
:10B1E00041F388E695E4A7D88091C406882309F343
:10B1F00004CF81E090E09E838D830FCF80919906EC
:10B2000010929906882309F422CF85E996E493D811
:10B210008091C406882309F41ACFEFCE8091990655
:10B2200010929906882309F431CF0E94851D8091E0
:10B23000C406882309F42ACFE0CE809199061092A3
:10B240009906882309F446CF0E9415318091C406DF
:10B25000882309F43FCFD1CE8091990610929906A8
:10B26000882309F45BCF0E94A02F8091C406882315
:10B2700009F454CFC2CEA5E0B0E0E1E4F9E50C94C6
:10B28000BEDD0E94EB6E382E0E9433B92091AD06D0
:10B290002C83332079F185E08D837C80272D2B5FF3
:10B2A000298385E087198A8384E087198B8383E06B
:10B2B000682E671882E0582E571881E0482E4718EC
:10B2C000272C21942C81211128C08091AF0688233E
:10B2D000A1F080915D01882309F440C081E0909144
:10B2E000AF06911180E024E047EF54E0622D0E9408
:10B2F00010B834C096E09D83D0CF8091990610920B
:10B300009906882331F30E94433E8091C406882326
:10B3100001F32596E2E10C94DADD8C81813009F0AD
:10B3200081C08091AF06813009F467C080915D01D2
:10B330008823A1F01F9286EE94E09F938F934F9203
:10B3400081E09091AF06913009F080E08F930E94E8
:10B35000F6190F900F900F900F900F9031109EC024
:10B360008C81853009F09AC08091AF06853009F450
:10B37000F5C080915D01811102C116E081E0810F6D
:10B380009C81891316C08091AF06891709F423C1E7
:10B3900080915D01882369F06C81671981E090914B
:10B3A000AF062C81921380E023E04DE954E00E9427
:10B3B00010B882E0810F9C81891315C09091AF066F
:10B3C0002C81921709F418C180915D01882359F0EE
:10B3D0006C81671981E02C81921380E023E04BE8B7
:10B3E00054E00E9410B88C818F5F8C8399819813F0
:10B3F00069CF1D5F1093AE068CCF80919906109295
:10B400009906882309F492CF86E894E0909310057A
:10B4100080930F050E94711B8091C406882309F454
:10B4200085CF77CF8C81823009F0F8C08091AF064C
:10B43000823081F080915D01882309F48FCF81E013
:10B440009091AF06923009F080E023E045ED54E0A2
:10B45000652D4DCF8091990610929906882351F35E
:10B460008AE098E40E949B518091C406882311F3DE
:10B4700050CF8091AF06833001F180915D01882328
:10B4800009F46CCF81E09091AF06933009F080E031
:10B4900023E048EC54E0662D0E9410B89D812C8179
:10B4A000921309C08091AF06891709F475C0809185
:10B4B0005D01811182C01D8161CF8091990610923A
:10B4C00099068823D1F282E999E40E949B518091E8
:10B4D000C406882391F21DCF809199061092990697
:10B4E000882309F4A7C020E030E04AE754E46091E3
:10B4F000E0067091E1068091E2069091E3060E94D9
:10B500003DD727E137EB41ED58E30E94F6DD0E947D
:10B51000D5DE5B016C0121E0A21AB108C108D10897
:10B520001F921F928CE6882E81E5982E1BE2E12E59
:10B53000FF24F39400E010E021E030E040E050E030
:10B5400060EE76E08BEB94E00E94E6B80F900F90EF
:10B550008091C406882309F46DC0DBCE80919906E2
:10B5600010929906882309F404CF85E49CE40E9494
:10B570009B518091C406882309F4FBCECACE81E09A
:10B580009091AF06953009F080E023E042EB54E063
:10B590006A810E9410B8F1CE8091990610929906A6
:10B5A000882309F484CF8CE89DE40E949B5180910C
:10B5B000C406882309F47BCFACCE6C81671981E087
:10B5C0009091AF062C81921380E023E046EA54E08C
:10B5D0000E9410B870CF8091990610929906882326
:10B5E00009F4D6CE88E99EE40E949B518091C4065E
:10B5F000882309F4CDCE8DCE8091990610929906BC
:10B60000882309F4E1CE0E94715120E040E070E00F
:10B6100060E086E590E50E945E1A7BCE2C812330A7
:10B6200009F427CF243009F099CE8091AF068430F9
:10B6300009F452CF80915D01882309F48FCE11E087
:10B640008091AF06843009F010E06091E0067091BF
:10B65000E1068091E2069091E3060E94061A00E05E
:10B660009C014BEB54E06B81812F0E94C76816CF81
:10B67000A2E0B0E0EEE3FBE50C94CEDD4BE250E05F
:10B680006623B9F0BC0187E29EE00E94D2D58AE22F
:10B6900090E09A838983CE0101960E94BAB11092FC
:10B6A0005402109253021092F4032296E2E00C949A
:10B6B000EADDBC0187E29EE00E9421D6E8CFB0E03F
:10B6C000A0E0E5E6FBE50C94CEDD8D8187FF03C0AD
:10B6D0001092410880E090914108282F082E000C1C
:10B6E000330B9217130609F09CF4809341089E01D6
:10B6F000285F3F4F4E815F816AE270E087E29EE003
:10B700000E94A0D610925402109253021092F40399
:10B71000E2E00C94EADDA7E2B0E0E1E9FBE50C949D
:10B72000C8DD182F0E943925812309F45FC040919C
:10B73000450250914602609147027091480248A329
:10B7400059A36AA37BA330E020E0E0E090E0AC01E5
:10B75000022E02C0559547950A94E2F740FF11C0AA
:10B7600064E270E06C0F7D1F6E0F711D40E250E0CF
:10B770004C0F5D1F420F531FDA014C91DB014C93BC
:10B78000EF5F2F5F3F4F2330310509F78E010C5DCE
:10B790001F4FE00FF12FF11D108219821F8E1F9392
:10B7A0000F9381E0E82E88E0F82EFF92EF921F922F
:10B7B0008EE18F93CE0101966C019F938F930E942F
:10B7C00035D60E942B72C6010E9431251F930F931C
:10B7D000FF92EF921F9273DF0FB6F894DEBF0FBE99
:10B7E000CDBF81E0A796E8E00C94E4DD80E0FACFDD
:10B7F000A1E2B0E0EEEFFBE50C94CEDD67FF03C005
:10B800001092410860E050914108262F062E000C4E
:10B81000330B5217130609F024F56093410819827F
:10B820001F8E442311F14FE150E0BC01CE0101967F
:10B830000E94D2D54BE250E0BE016F5F7F4F87E29E
:10B840009EE00E9421D68AE290E099A388A3CE01CF
:10B8500080960E94BAB11092540210925302109234
:10B86000F403A196E2E00C94EADD4FE150E0BC0164
:10B87000CE0101960E9421D6DDCFA7E0B0E0E3E43F
:10B88000FCE50C94BEDD6C015B01542E1901ED82C8
:10B890004E2C2EEF9CE9892E93E0992E421721F031
:10B8A00088E9882E83E0982E852D052C000C990BB5
:10B8B000FC01E751FE4FFF83EE8314140CF07CC0B3
:10B8C000AE014F5F5F4F68E677E1C5010E94DB3C48
:10B8D0007C0149815A816B817C814115510561054B
:10B8E000710509F469C04B3751056105710509F40B
:10B8F000C0C04E3751056105710509F4BAC04A321E
:10B9000051056105710509F05DC057FE17C0442D52
:10B91000042C000C550B4F5F5F4FB401C6010E9411
:10B92000D2D5C6010E94DE37481AF60101900020E8
:10B93000E9F79F012150310939012EC03601FFEF8F
:10B940006F1A7F0A25E4F60120834A94442009F403
:10B9500057C0630181E04B3751056105710509F45A
:10B9600080E0850D8A3084F036013FEF631A730A58
:10B970004A946AE00E946FDD805DF6018083442076
:10B9800009F43EC0892F63013601FFEF6F1A7F0A69
:10B99000805DF60180834A94141494F5442D042CA0
:10B9A000000C550B4F5F5F4FB701C3010E94D2D50A
:10B9B000C3010E94DE37481A8D8184192796E2E17F
:10B9C0000C94DADD443251056105710509F03FC080
:10B9D00001151105C1F0442D042C000C550B4F5FCF
:10B9E0005F4FB801C6010E94D2D5C6010E94DE3762
:10B9F000481AF60101900020E9F7CF0101973C01B8
:10BA0000630157015ACF2114310451F4F501D601D5
:10BA10003D01EE16FF0649F184918D933196F8CFE2
:10BA2000442D042C000C550B4F5F5F4FB101C60134
:10BA30000E9421D6C6010E94DE37481AF601019005
:10BA40000020E9F79F01215031093901D9CF403455
:10BA5000510561057105D1F636013FEF631A730A8E
:10BA6000EE81FF818081F6018083F30110824A9488
:10BA7000C7CF57FE6FCF4BCFCF92DF92EF92FF929F
:10BA80000E94E3BB6B017C0129B191E023FB2227DB
:10BA900020F9292789B182FB882780F989273091ED
:10BAA000EE0390E020FB90F980FB91F9932790FF43
:10BAB00067C0B701A6014E5F5F4F6F4F7F4F409346
:10BAC000EA035093EB036093EC037093ED0391FF53
:10BAD00070C0B701A6014E5F5F4F6F4F7F4F40931D
:10BAE000E5035093E6036093E7037093E8039091B6
:10BAF000EE0320FB90F980FB91F99093EE032091E7
:10BB0000E903822F8170269521702827880F282B22
:10BB10008091E4032817C9F0422F481B550BCA0136
:10BB2000059664E070E00E9490DD81502093E4036C
:10BB3000823009F057C08091E303880F882329F0F1
:10BB40009091F303890F8093F3038091EF03909119
:10BB5000F003A091F103B091F2038C199D09AE0995
:10BB6000BF09181619061A061B062CF0309B3DC09B
:10BB700080E080935202FF90EF90DF90CF90089585
:10BB80004091EA035091EB036091EC037091ED0357
:10BB90004C195D096E097F0914161506160617065D
:10BBA0000CF495CF3091E90320FB30F93093E90391
:10BBB0008ECF4091E5035091E6036091E7037091C9
:10BBC000E8034C195D096E097F091416150616065F
:10BBD00017060CF48CCF9091E90380FB91F99093B8
:10BBE000E90385CF8093E303A9CF84E0C2CF8F30F0
:10BBF00010F48F5F08958F500895CF93DF93909145
:10BC0000E6088091E508891788F0891B09F441C08E
:10BC10009091E308992371F0833050F48FEF890FEE
:10BC200039F08093E308D0E0C0E02FC0805FEDCF13
:10BC30001092E308C091E60883E5C89FE001112453
:10BC4000C950D74F888180FDEECF8091F806909142
:10BC5000F906A091FA06B091FB06FE01E15BFF4FE9
:10BC60004081518162817381841B950BA60BB70BB8
:10BC70008093F8069093F906A093FA06B093FB061A
:10BC80008091E608B4DF8093E408CE01DF91CF9184
:10BC900008950E947C23C7CF4F925F926F927F924C
:10BCA0008F929F92AF92BF92CF92DF92EF92FF92CC
:10BCB000CF93DF93CDB7DEB728970FB6F894DEBFEA
:10BCC0000FBECDBF0E94E3BB6B017C0180910E01D2
:10BCD0008F3F09F43EC08090D0039090D103A09094
:10BCE000D203B090D3030E94E3BB861A970AA80A36
:10BCF000B90A181419041A041B045CF18091E508B0
:10BD000076DF9091E608891721F1E0910E01E43089
:10BD100008F019C124E0E29FF0011124EF50FE4F1A
:10BD200080809180A280B3808D829E82AF82B8860F
:10BD300019821A821B821C82AE014F5F5F4FBE01C7
:10BD40006B5F7F4F82E498E00E9470B38FEF809327
:10BD50000E0192DE8091520282FF11C18091E203B6
:10BD600081111DC091E09093E203809151028927D7
:10BD7000809399061092510283E080935D011092A6
:10BD800052020E94E3BB6C507E4F8F4F9F4F6093D7
:10BD9000EF037093F0038093F1039093F20380918B
:10BDA000DE039091DF03A091E003B091E1038C19D1
:10BDB0009D09AE09BF09181619061A061B060CF4D0
:10BDC000F8C1D701C6018C599F4FAF4FBF4F809329
:10BDD000DE039093DF03A093E003B093E10380912F
:10BDE000F3038091F3036091F303062E000C770BAD
:10BDF00077FF03C0719561957109643008F4D4C16F
:10BE0000809133048111BEC021E030E040E050E079
:10BE1000A091F303A7FDAD5FA595A59539F180919C
:10BE2000F3039A2F990F990F891B8093F303809145
:10BE3000990681111BC00A2E000CBB0B0E944EDD1F
:10BE40008090B4069090B506A090B606B090B70664
:10BE5000DC01CB01880D991DAA1DBB1D8093B40682
:10BE60009093B506A093B606B093B706D701C60166
:10BE70008856954CAF4FBF4F8093D6039093D7030E
:10BE8000A093D803B093D90381E080935D01109211
:10BE90002B048091520E9091530E8C5E974341F487
:10BEA00080910F01882309F4BDC0815080930F0158
:10BEB0000E946F238090F8069090F906A090FA06F1
:10BEC000B090FB0681110E94A46ED501C4013AE036
:10BED000B695A795979587953A95D1F78F3F4FEFF0
:10BEE0009407A105B10520F08FEF9FEFA0E0B0E02F
:10BEF0009695879520915D012111A8C030912B0462
:10BF000031115CC18091520E9091530E8C5E97431B
:10BF100009F431C18091320481112DC18091D60381
:10BF20009091D703A091D803B091D9038C199D09A2
:10BF3000AE09BF09181619061A061B060CF429C10A
:10BF40000E94711B26C140903807509039076090BD
:10BF50003A0770903B078090340790903507A09087
:10BF60003607B0903707A5019401C301B2010E94C2
:10BF700059DF18160CF4D8CE53014201D5CE1092D9
:10BF8000E2030DCF70E090E080E00E94DCD620E07C
:10BF900030E040E85EE30E943DD720E030E04AE731
:10BFA00054E40E943DD74B015C018091DA039091EB
:10BFB000DB03A091DC03B091DD03A7019601281BF0
:10BFC000390B4A0B5B0BCA01B9010E94DCD69B01FD
:10BFD000AC01C501B4010E946DDE4B015C01C09251
:10BFE000DA03D092DB03E092DC03F092DD0320E081
:10BFF00030E040EA52E40E9459DF24E630E040E0BD
:10C0000050E087FF05CF20E030E040EF51E4C5016C
:10C01000B4010E9459DF2AE030E040E050E087FFA1
:10C02000F7CEF2CE8CE080930F018091D4039091F3
:10C03000D503009729F001979093D5038093D403FB
:10C0400081E080935D0110922B0432CF009741F084
:10C050004091D4035091D5034817590708F052CFA7
:10C0600080912B04811111C0223038F0243008F463
:10C070003FC0243011F410925D0184E59EE070D73A
:10C0800081E08093B00680932B0483E0A7D681E003
:10C090008093780EE091520EF091530E0995109214
:10C0A000B00680912B04811127C0109299068091CF
:10C0B000520E9091530E8C5E974309F02BCF0E9445
:10C0C000E3BBDC01CB018C199D09AE09BF0980904F
:10C0D000D4039090D503B12CA12C88169906AA06FA
:10C0E000BB0608F00FCF9093D5038093D4030ACFFB
:10C0F00081E080935D01C1CF88E59EE00E9473BD21
:10C1000091E0811101C090E090932B04882369F2A3
:10C110008091520E9091530E8C5E9743B9F40E9419
:10C12000E3BBDC01CB018C199D09AE09BF09C090AE
:10C13000D403D090D503F12CE12CC816D906EA0619
:10C14000FB0620F49093D5038093D40328960FB672
:10C15000F894DEBF0FBECDBFDF91CF91FF90EF907F
:10C16000DF90CF90BF90AF909F908F907F906F9017
:10C170005F904F90089548E9C40E4AE3D41EE11C35
:10C18000F11CC092D603D092D703E092D803F0926C
:10C19000D90380912B048111D9CF80915D01813029
:10C1A000A9F610925D01D2CF8091990681115ECEE1
:10C1B00070CE80912B0481117BCEC8CF009709F4FB
:10C1C00064CF46CF0F931F93CF93DF938091B60335
:10C1D000811153C010928F0E1092900E1092910EFA
:10C1E00010925D0E10925C0E10925F0E10925E0E19
:10C1F0001092610E81E08093600E82E28093620E65
:10C200001092670E1092660EEBE7FEE08FEF8193BF
:10C210009EE0E938F907D9F7C1E0C093780E20ED28
:10C220003DE930936E0E20936D0EC0936F0E109209
:10C23000700E1092710E90E49093720E1092730E25
:10C240002FEC3DE930938A0E2093890E28E031E0EF
:10C2500030935B0E20935A0E9EE190937F0E91E1F6
:10C260009093800E9CE190937D0E80937C0E809342
:10C270007B0E0E94ADBCC093B60381E08093500258
:10C2800084E992E0909356088093550810925808DC
:10C29000109257081092780E84E59EE061D6D091F6
:10C2A000590E1091580E0D2F212F40E060E088E5C7
:10C2B0009EE00E94FBBD882359F0C0E0212F4C2F47
:10C2C00060E088E59EE00E9434BDCF5FDC13F6CFCE
:10C2D00088E59EE00E9473BD8111E1CF81E08093EB
:10C2E000780E53985B9A52985A9A3898409AC4DBC1
:10C2F0001092F3030E94DBB1DF91CF911F910F9158
:10C300000895119800C087FD43C0419800C0119A5C
:10C3100000C000C0119800C086FD46C0419800C012
:10C32000119A00C000C0119800C085FD3BC0419823
:10C3300000C0119A00C000C0119800C084FD30C038
:10C34000419800C0119A00C000C0119800C083FD40
:10C3500025C0419800C0119A00C000C0119800C0CB
:10C3600082FD1AC0419800C0119A00C000C0119807
:10C3700000C081FD0FC0419800C0119A00C000C0EC
:10C38000119800C0419800C0119A00C000C00895E3
:10C39000419ABCCF419AF0CF419AE5CF419ADACF8A
:10C3A000419ACFCF419AC4CF419AB9CF089590E036
:10C3B00080E00895CF93DF93C0916308D091640823
:10C3C00081E0CE31D105E4F020E030E040E05FE3F1
:10C3D00060915F0870916008809161089091620897
:10C3E0000E94F6DD0E94D5DE6C1B7D0B77FF03C03B
:10C3F00071956195710981E0633071050CF080E001
:10C40000DF91CF91089590E080E008952091920E01
:10C41000833021F425FD0CC024FD0CC030E0A901BF
:10C4200002C0559547958A95E2F7CA018170089533
:10C4300081E0089580E008958091C30484FD0BC0DD
:10C440008091C50487FD07C09091C604937081E078
:10C4500019F480E0089581E008952FEB280F2A3128
:10C4600008F047C0E22FF0E08091C3049091C4042B
:10C47000A091C504B091C60404C0B695A795979540
:10C4800087952A95D2F780FD02C081700895E755FF
:10C49000FB4FE081EE2341F18091DE069091DF06B3
:10C4A000E80FF92FF11D808190ED980F9A3030F050
:10C4B0008E3251F4818180538A3098F4F0939E0437
:10C4C000E0939D0481E008958D3211F08B3249F4A0
:10C4D000818190ED980F9A3088F38E3211F4828129
:10C4E000EACFF0E0E0E0EACF10929E0410929D04C3
:10C4F000E9CF80E00895CF93DF9385E4AEDF882312
:10C5000009F188E04091C3045091C4046091C504CE
:10C510007091C604972F9170C92F90E0D92FCC0F3E
:10C52000DD1F71FB222720F930E0220F331F220F7D
:10C53000331FC22B67FB442740F9C42B8C2BDF91A0
:10C54000CF91089580E0DECF88DF882341F081E03D
:10C5500020919D0430919E04232B09F480E00895DE
:10C560008F929F92AF92BF92CF92DF92EF92FF9203
:10C57000FC01828158E5C52E52E0D52EC81AD1089B
:10C5800087FDD394CC0CDD1CCC0CDD1C0D2C000CD9
:10C59000EE08FF08818178E8872E912C881A91088F
:10C5A00087FD9394880C991C880C991C092C000C0D
:10C5B000AA08BB0880818F3FD1F190E0FC01EE0F0B
:10C5C000FF1FE80FF91FE355F74F8181928133E098
:10C5D000880F991F3A95E1F7B0E0A0E044E0B595E7
:10C5E000A795979587954A95D1F702969C012F5F5D
:10C5F0003F4F032E000C440B550B281939094A09EB
:10C600005B09A4EBB0E00E9444DDA7019601281964
:10C6100039094A095B090E9428DDC901FF90EF90A2
:10C62000DF90CF90BF90AF909F908F90089590E053
:10C6300080E0DCCFB0E0A0E0E0E2F3E60C94C7DD00
:10C640006B01E9014A3009F4D5C0453109F081C0D8
:10C65000DB011296ED91FC91F28096818781139A0D
:10C6600000C00000E6E2F0E03197F0F7092F182F44
:10C67000EF2CE29420EFE22230E1B32EBF0CE80170
:10C6800088EF3FDE00C0000086E290E00197F0F7FF
:10C69000BFE1BF1508F49BC08F2D8077806831DE25
:10C6A0008E2D2FDE00C0000086E290E00197F0F7AB
:10C6B00080E827DE80E025DE00C0000086E290E012
:10C6C0000197F0F78AEF1DDE00C0000086E290E0DF
:10C6D0000197F0F7005F1F4F8881807F12DE8991FC
:10C6E0008295807F0EDEC017D107B1F700C0000031
:10C6F00086E290E00197F0F7F394E0E1EE0EFB1094
:10C70000BECF1398D6011296ED91FC918081928153
:10C71000980F92832181921708F09FC194819F5FA7
:10C7200094839381890F821710F08FEF820F838398
:10C73000458150E0440F551F70E060E0868197818D
:10C740000E9438E181E0CDB7DEB7E9E00C94E3DD8B
:10C75000DEC1FB0102811381423309F485C108F473
:10C760008DC1463409F475C1473409F482C14B3395
:10C7700049F789812B81D80112967C9112971396E3
:10C780003C91213009F4BFC1233009F0A0C148EF2A
:10C79000480F582F91E0341708F490E031E0541717
:10C7A00008F030E0492F432B61E0571708F460E0B0
:10C7B000462311F4932331F2FA8030E0F901E55D6C
:10C7C000FD4FD080295D3D4FF901E08099C180EE99
:10C7D0008F0D8068807F95DD8F2D8295807F91DD24
:10C7E00000C0000086E290E00197F0F780E889DD64
:10C7F00080E861CF0B9A1398399A4198099A119A57
:10C80000139A00C0000086E290E00197F0F788E7F5
:10C8100090E0CEE9DFE0FE013197F1F70197D9F71B
:10C8200088EF6FDD00C0000086E290E00197F0F72E
:10C8300080E267DD80E065DD00C0000086E290E018
:10C840000197F0F780E05DDD80E85BDD00C000006F
:10C8500086E290E00197F0F780E053DD80E151DD62
:10C8600000C0000086E290E00197F0F7CE0101974A
:10C87000F1F7CE010197F1F7CE010197F1F7CE0163
:10C880000197F1F7CE010197F1F7CE010197F1F78A
:10C89000CE010197F1F7CE010197F1F7CE01019793
:10C8A000F1F7CE010197F1F7CE010197F1F7CE0133
:10C8B0000197F1F7CE010197F1F7CE010197F1F75A
:10C8C0002197F1F780E21DDD80E41BDD00C0000050
:10C8D00086E290E00197F0F780E213DD80E611DD5B
:10C8E00000C0000086E290E00197F0F7D0E0C0E0E1
:10C8F0008C2F8077806805DD8D2F03DD00C0000060
:10C9000086E290E00197F0F780E8FBDC80E0F9DC5C
:10C9100000C0000086E290E00197F0F78AEFF1DCBA
:10C9200000C0000086E290E00197F0F780E21198E5
:10C9300000C0419800C0119A00C000C0119800C00A
:10C94000419800C0119A00C000C0119800C04198E1
:10C9500000C0119A00C000C0119800C0419800C0EA
:10C96000119A00C000C0119800C0419800C0119AEF
:10C9700000C000C0119800C0419800C0119A00C0CA
:10C9800000C0119800C0419800C0119A00C000C0BA
:10C99000119800C0419800C0119A00C000C01198C1
:10C9A00000C0419800C0119A00C000C0119800C09A
:10C9B000419800C0119A00C000C0119800C0419871
:10C9C00000C0119A00C000C0119800C0419800C07A
:10C9D000119A00C000C0119800C0419800C0119A7F
:10C9E00000C000C0119800C0419800C0119A00C05A
:10C9F00000C0119800C0419800C0119A00C000C04A
:10CA0000119800C0419800C0119A00C000C000C039
:10CA10000000E6E2F0E03197F0F7815009F087CFAF
:10CA200088EF6FDC00C0000086E290E00197F0F72D
:10CA3000CF5FD05FC03209F05BCF80E062DC80EC7A
:10CA400060DC00C0000086E290E00197F0F71398E8
:10CA500079CEF8018581888375CE80E0CDB7DEB7C9
:10CA6000E9E00C94E3DD53C0B901C8010E946EBC3B
:10CA700069CED80111968C91888364CE443191F0AF
:10CA8000473109F05FCE1882D80112968C91129727
:10CA9000898315968C91159781508A8313968C9172
:10CAA0008B8350CED80115964C91159750E0440FCA
:10CAB000551F70E060E016968D919C910E9438E1C0
:10CAC000F801128280818150838314823BCE381713
:10CAD00008F438CE871708F435CEFA80E12CD12C33
:10CAE000243070F46ACEBE01C8010E946EBC8981F8
:10CAF00098819D0D98838E0D8983FF0C09F422CEB9
:10CB0000F7FEF6CFF0CF58E0580F482F43CEB0E0F5
:10CB1000A0E0EDE8F5E60C94C9DDEC01D62E1CADE5
:10CB20000BAD7C0184E0E80EF11CE98DFA8DC701A4
:10CB30000995412F480F2D2D602FC7010E9472BE0D
:10CB40009BAD890F8BAF81E090E0CDB7DEB7E7E01A
:10CB50000C94E5DDCF93DF93C0916308D091640816
:10CB6000209729F160915F087091600880916108B9
:10CB7000909162080E94D5DE6E5F7F4F24976C17FC
:10CB80007D07ACF47093F1046093F0040E94E3BB62
:10CB9000605A75418F4F9F4F6093F2047093F30476
:10CBA0008093F4049093F504DF91CF91089510924F
:10CBB000F2041092F3041092F4041092F504F4CFEE
:10CBC000A4E1B0E0E6EEF5E60C94CADD7C01FB01E1
:10CBD00060817181828193818E010F5F1F4F24815B
:10CBE00041E00E940FD2F70101900020E9F79F0178
:10CBF000215031092E193F092E31310550F44FE1F2
:10CC000050E0421B530BBC01C701820F931F0E94CF
:10CC100021D6C7016496E6E00C94E6DD80919D0480
:10CC200090919E04009731F04AE050E070E060E09F
:10CC30000C94AFD460E070E0CB01089580919D0426
:10CC400090919E04009731F04AE050E070E060E07F
:10CC50000C9482D360E070E0CB010895EFDF97FD84
:10CC60000AC0ECDF6F3F71058105910509F02CF4D6
:10CC7000E5DF862F089580E008958FEF0895CF9324
:10CC8000C62F62DC882311F0E9DFC82F8C2FCF91EB
:10CC9000089580919D0490919E04892B39F0DEDFE8
:10CCA00091E0811101C090E0892F089591E0FCCFBF
:10CCB000CF93DF93C82FD62F47DC882321F0E9DFFD
:10CCC000DF91CF9108958C2FC8DB8111F9CF8D2F83
:10CCD000F7CFB4DFCB010895CF93DF93EB0134DCC2
:10CCE000882311F0F6DFEC01CE01DF91CF9108959A
:10CCF0000F931F93CF9380919D0490919E04009772
:10CD0000F9F0FC018F01C1912C2F2F7DA1F0C534CA
:10CD100031F0C53621F0C83511F0C83799F7F80160
:10CD2000108270E060E00E942CD2F801C083CF91A5
:10CD30001F910F91089570E060E00E942CD2F7CF10
:10CD400060E070E0CB01F3CFCF92DF92EF92FF92E1
:10CD50006A017B01F9DB882319F0CADF6B017C01D2
:10CD6000C701B601FF90EF90DF90CF9008959CE04F
:10CD7000899F802D112491E0980F9093D2042CE08C
:10CD8000280F2093D10630E02E5F3F4F40918C0E4C
:10CD90004217130619F014F080E0089520918E0ECA
:10CDA0009217D0F7662341F08E5F0E941DBE8091DE
:10CDB000D1068E5F0E941DBE8091D10690918C0E8F
:10CDC000891750F320918E0E9091D204291720F3E9
:10CDD00010928F0E8093900E81E008952091D104DF
:10CDE000022E000C330B8217130641F08093D104FE
:10CDF00064E278E188E59EE00C94A3BD0895ACE080
:10CE0000B0E0E5E0F7E60C94CADDFC0160817181D9
:10CE1000828193816F3F71058105910509F070F45E
:10CE200084E59EE074DEE0915C0EF0915D0E31963B
:10CE3000849190E02C96E6E00C94E6DD10918F0E44
:10CE40000091900E2091500221110FC04EEF57E13A
:10CE5000602F812F0E94CABE90E080E0180F1093CF
:10CE60008F0E0093900E9927E5CFE0905C0EF09026
:10CE70005D0E28E53EE03A832983212F30E03C8394
:10CE80002B83202F30E03E832D8318861F822FEFC7
:10CE90003FEF3A8729871C861B862FEB3BE1AE01CB
:10CEA0004F5F5F4FBF01C7010E94FDB0B70188E52A
:10CEB0009EE00E94A3BD8F819885D0CFACE0B0E00A
:10CEC000E4E6F7E60C94C8DDF0908F0EE090900E4B
:10CED00020915002211112C04EED57E16E2D8F2D81
:10CEE0000E94CABE90E080E0F80EF0928F0EE092B1
:10CEF000900E99272C96E8E00C94E4DDC0905C0E2F
:10CF0000D0905D0E28E53EE03A8329832F2D30E056
:10CF10003C832B832E2D30E03E832D8318861F8289
:10CF20002FEF3FEF3A8729871C861B860FEB1BE10B
:10CF30009E012F5F3F4F48E657E1BC01C6010E94AA
:10CF400094B1B60188E59EE00E94A3BD8F819885CB
:10CF5000CBCFE4E5FEE083AF64AFCA01AFCFAECF85
:10CF6000CF93DF93FC0125AD211104C021E025AF53
:10CF70000E94ADBCC0915A0ED0915B0EE091890E1B
:10CF8000F0918A0E82E00995E091890EF0918A0E67
:10CF900081E0099530E020E044E1BE0188E59EE0B3
:10CFA0000E94A8BC2BE83EE047E1BE0188E59EE078
:10CFB0000E94A8BCE091890EF0918A0E80E009954C
:10CFC000DF91CF910895ACE0B0E0E9EEF7E60C9484
:10CFD000C8DDF0908F0EE090900E2091500221114C
:10CFE00012C04EEB57E16E2D8F2D0E94CABE90E00D
:10CFF00080E0F80EF0928F0EE092900E99272C961A
:10D00000E8E00C94E4DDC0905C0ED0905D0E28E565
:10D010003EE03A8329832F2D30E03C832B832E2D55
:10D0200030E03E832D8318861F827A8769871C86AD
:10D030001B860FEB1BE19E012F5F3F4F4BE657E135
:10D04000BC01C6010E9494B1B60188E59EE00E9431
:10D05000A3BD8F819885CDCF6FEF7FEFB4CFA6E0D2
:10D06000B0E0E5E3F8E60C94BEDD3C015B014DB7B2
:10D070005EB75E834D830E94D037482EC5010E9463
:10D08000DE37512C23E130E06901C81AD10875E27E
:10D09000F72EC414D50414F46FE1F62E8F2D90E012
:10D0A0009C012E5F3F4F40918C0E4217130611F0EA
:10D0B0000CF053C0099720918E0E281719060CF416
:10D0C0004CC00091D5061091D6062091D306309120
:10D0D000D4064091D20610928F0EF092900E2DB68B
:10D0E0003EB68DB79EB7865591090FB6F8949EBF90
:10D0F0000FBE8DBF01964C015AE2E52EB3010E948E
:10D100003D5C6CEF70E0C4015EDF0FB6F8943EBE8C
:10D110000FBE2DBE11E0A114B104A1F082E298E18E
:10D120001EDFC414D504DCF49CE0F90E80918C0E53
:10D13000F81640F020918E0E4F2D4950550B2417B4
:10D1400015067CF48D819E810FB6F8949EBF0FBEAC
:10D150008DBF2696E2E10C94DADD10E0DCCF1123DE
:10D1600089F380E290E0A0E0B0E089839A83AB830A
:10D17000BC838C2D880FC80ECC0CC0928F0EF09201
:10D18000900ECE0101963BDEC50166DFDBCFADE040
:10D19000B0E0EDECF8E60C94BEDD982F862F3A0156
:10D1A0006901502E2DB63EB6692FE1DD882309F4C2
:10D1B000A7C0C601002309F44EC00E94D037F82E44
:10D1C000A0905C0EB0905D0E80915002811162C003
:10D1D0008FEF9FEF8D8783E1482E4F180091D50682
:10D1E0001091D6062091D3063091D4064091D206F4
:10D1F0008DB69EB6842D90E00196880F991F6DB76D
:10D200007EB7681B790B0FB6F8947EBF0FBE6DBF5B
:10D210008DB79EB701965C01E42CB3010E943D5C82
:10D22000182F96E0499EB0011124C501CCDE0FB63F
:10D23000F8949EBE0FBE8DBEFF2009F461C0411A56
:10D2400080E298E18CDE442009F442C08EE198E14E
:10D2500086DE4A94F8CF0E94DE37F82EA0905C0E4E
:10D26000B0905D0E80915002882309F4B1CFFE0189
:10D2700033968AE0DF011D928A95E9F788E59EE002
:10D280009A83898308E91BE19E012F5F3F4F4BE69C
:10D2900057E112C0FE0133968AE0DF011D928A95A4
:10D2A000E9F788E59EE09A83898308E91BE19E01FE
:10D2B0002F5F3F4F48E657E1B601C5010E9494B188
:10D2C000B50188E59EE00E94A3BD8F81988582CF3D
:10D2D0004091D106AD858A2F90E0B6E0FB9E90018B
:10D2E00011240296821793070CF4C90190E8981B49
:10D2F00090938F0E4093900EC601552051F0DEDDC5
:10D300000FB6F8943EBE0FBE2DBE2D96E2E10C94F2
:10D31000DADDA2DEF5CF4F925F926F927F928F920D
:10D320009F92BF92CF92DF92EF92FF920F931F9343
:10D33000CF93DF931092C8041092C7042FE3209379
:10D34000CB041092CA041092C9041092C304109224
:10D35000C4041092C5041092C6049C01F901908186
:10D360002F5F3F4F9032D1F39E34C9F4818190ED0D
:10D37000980F9A3020F08D3211F08B3281F4329672
:10D380009F012F5F3F4F808180538A3008F469C02E
:10D390009F012F5F3F4F8081803209F464C0F0937A
:10D3A000DF06E093DE068F010F5F1F4FC0816AE248
:10D3B00070E0C8010E943FE1009731F0FC01319715
:10D3C00080818032E1F31182CD3421F0C43511F037
:10D3D000C734B9F5F80180810F5F1F4F8032D1F358
:10D3E00080538A3070F5C093CB0430E020E06AE0CF
:10D3F000AF014F5F5F4F629FC001639F900D11248B
:10D400009C01205331098081280F311D87FD3A95F9
:10D41000FA01808180538A3058F33093CA042093F4
:10D42000C904DF0131968C918032D9F3CD34E9F40F
:10D43000C901855791090297C0F4B093C804A0931D
:10D44000C704DF91CF911F910F91FF90EF90DF9074
:10D45000CF90BF909F908F907F906F905F904F90F4
:10D460000895F9018DCFF90193CF8090DE06909059
:10D47000DF0640E050E0BA0190E080E0C12CD12C02
:10D480007601C394FD013196DC91DD2309F481C05E
:10D49000D132F1F4CD34E1F420323105C9F44093B6
:10D4A000C3045093C4046093C5047093C604F093FE
:10D4B000C804E093C70463E270E0CF010E943FE13B
:10D4C000009709F4BECFFC011082BBCFDF01DACF99
:10D4D000D154DA3108F059C0DF011D91103281F0CA
:10D4E000A0EDA10FAA30D8F01E3261F4A181A053A3
:10D4F000AA30A8F0009711F4CF010197B12C13C006
:10D50000FD01EACF1D3211F01B32A1F7A181B0ED70
:10D51000BA0FBA3020F0AE3269F7A281E8CFBE2E42
:10D52000B818309759F3AD2FB0E02601370104C089
:10D53000440C551C661C771CDA95D2F744295529F2
:10D5400066297729A755BB4FBC92A081A154AA3167
:10D5500008F4BCCFDF01D191DD2309F493CF00EDB6
:10D56000B02EBD0E19E01B15A8F713EDB12EBD0EA0
:10D5700011E01B1578F7DB3269F3FD013196DC9180
:10D58000D03209F07FCFDF01F8CF0097F1F6CD015F
:10D59000DCCF9093C8048093C7044093C304509396
:10D5A000C4046093C5047093C6044BCFFC0165911D
:10D5B00075918591949108959091D806992321F0C1
:10D5C000682F80E00E942F3180E00895682F70E07E
:10D5D00090E080E00C94EDB1CF93C82F882379F0D0
:10D5E00020E030E0A9016091880270918902809169
:10D5F0008A0290918B020E94D8D68823C1F0809134
:10D6000087028C17A1F00E94482182E498E00E94D2
:10D610006B218091870291E089278093870288237C
:10D6200021F082E498E00E9408200E94372ACF91DE
:10D6300008954F925F926F927F928F929F92AF92D6
:10D64000BF92CF92DF92EF92FF921F93CF93DF931F
:10D65000EC01162F209183023091840240918502C3
:10D6600050918602688179818A819B810E94D8D6F7
:10D67000882309F497C0B090870280E0ADDFC880AE
:10D68000D980EA80FB8020E030E0A901C701B60123
:10D690000E9459DF18161CF0C12CD12C7601C092C3
:10D6A0008302D0928402E0928502F09286022DEBF2
:10D6B00037E346E855EBC701B6010E9459DF87FD05
:10D6C0000BC02DEB37E346E855E3C701B6010E94D6
:10D6D000D8D618160CF076C0A701960160E070E06D
:10D6E00080E89FE30E946DDE609372027093730284
:10D6F000809374029093750280EF9FEFA9E7B4ECDA
:10D7000080936D0290936E02A0936F02B0937002AB
:10D71000BB2009F447C040904208509043086090F5
:10D720004408709045088090460890904708A09063
:10D730004808B0904908C0904A08D0904B08E09043
:10D740004C08F0904D0881E047DF112359F12091FA
:10D750004208309143084091440850914508C30164
:10D76000B2010E94D8D681111BC020914608309189
:10D7700047084091480850914908C501B4010E94EA
:10D78000D8D681110DC020914A0830914B084091A4
:10D790004C0850914D08C701B6010E94D8D681119E
:10D7A0000E94702ADF91CF911F91FF90EF90DF9040
:10D7B000CF90BF90AF909F908F907F906F905F9031
:10D7C0004F90089560E070E0CB018ECFB0E0A0E014
:10D7D000ECEEFBE60C94C0DDEC012091760230917A
:10D7E00077024091780250917902688179818A812B
:10D7F0009B810E94F5DD4B015C0120917A02309102
:10D800007B0240917C0250917D026C817D818E81F2
:10D810009F810E94F5DD6B017C01A501940160915F
:10D8200095047091960480919704909198040E94B9
:10D83000D8D6882309F459C0809295049092960412
:10D84000A0929704B092980420918D0430918E0498
:10D8500040918F0450919004C501B4010E943DD7BE
:10D860002B013C010E9406DF4B015C0120E030E00F
:10D87000A9010E94D8D687FD6DC020E030E040E0CD
:10D8800050E4C501B4010E9459DF18162CF4812C14
:10D89000912CA12CC0E4BC2EA5019401C301B201BE
:10D8A0000E94F5DD2B013C0120E030E0A9010E943F
:10D8B000D8D687FD53C0409285045092860460926A
:10D8C000870470928804C501B4010E94D5DE60937C
:10D8D0008304062E000C770B6F5F7F4F623071055B
:10D8E00014F062E070E06093810410917F04D091A5
:10D8F0008304A70196016091990470919A04809124
:10D900009B0490919C040E94D8D6811130C01D13B5
:10D9100087C0209167043091680440916904509158
:10D920006A046091850470918604809187049091C7
:10D9300088040E943DD720916B0430916C04409183
:10D940006D0450916E040E94F6DDCDB7DEB7E0E1C4
:10D950000C94DCDD812C912C54019ECF1092850417
:10D96000109286041092870410928804ACCFC09263
:10D970009904D0929A04E0929B04F0929C04209126
:10D980009104309192044091930450919404C70102
:10D99000B6010E943DD74B015C010E9406DF6B017E
:10D9A0007C0120E030E0A9010E94D8D687FD05C1A6
:10D9B00020E030E040E050E4C701B6010E9459DFAA
:10D9C00018162CF4C12CD12CE12CB0E4FB2EA701AD
:10D9D0009601C501B4010E94F5DD4B015C0120E018
:10D9E00030E0A9010E94D8D687FDEBC0809289045F
:10D9F00090928A04A0928B04B0928C04C701B60165
:10DA00000E94D5DE60938404062E000C770B6F5FB6
:10DA10007F4F6230710514F062E070E06093820421
:10DA2000C09184041D1305C0809180048C1709F4F3
:10DA300079C08091830490918404909380048093B2
:10DA40007F048D2FDD0F990B0C2E000CDD0BAC012C
:10DA5000440F551F840F951FFC01EC0FFD1FEE0FA7
:10DA6000FF1FEE0FFF1FE057FD4F208131814281E4
:10DA7000538120937B0430937C0440937D04509326
:10DA80007E04E09182040E2FEE0F110BDC01A00F3B
:10DA9000B11FAA0FBB1FAA0FBB1FA057BD4F6D918F
:10DAA0007D918D919C910E94F5DD60937704709338
:10DAB00078048093790490937A0480918104282FCC
:10DAC000880F330BC901880F991F820F931FC80F4E
:10DAD000D91FCC0FDD1FCC0FDD1FC057DD4F2881B4
:10DAE00039814A815B81209373043093740440939D
:10DAF000750450937604FC01E00FF11FEE0FFF1F39
:10DB0000EE0FFF1FE057FD4F60817181828193818D
:10DB10000E94F5DD60936F0470937004809371042C
:10DB2000909372048090890490908A04A0908B0452
:10DB3000B0908C042091770430917804409179045E
:10DB400050917A04C501B4010E943DD720917B0415
:10DB500030917C0440917D0450917E040E94F6DD5A
:10DB60006B017C01C0926B04D0926C04E0926D0456
:10DB7000F0926E0420916F04309170044091710412
:10DB800050917204C501B4010E943DD720917304E5
:10DB90003091740440917504509176040E94F6DD32
:10DBA000A70196010E94F5DD6093670470936804F5
:10DBB0008093690490936A04ACCEC12CD12C760179
:10DBC00006CF1092890410928A0410928B0410924E
:10DBD0008C0414CFE5E9F4E080EF9FEFA9E7B4EC03
:10DBE00084839583A683B78380839183A283B38341
:10DBF000EFE7F4E08DE98183808308958F929F920F
:10DC0000AF92BF92CF92DF92EF92FF92FC0198E029
:10DC1000A8E8B2E001900D929A95E1F788E0FB0147
:10DC2000A6E7B2E001900D928A95E1F7C0908802D4
:10DC3000D0908902E0908A02F0908B0220E030E0E0
:10DC4000A901C701B6010E94D8D68823E1F1A70136
:10DC5000960160E070E080E89FE30E946DDE6B015A
:10DC60007C0180908C0290908D02A0908E02B090EA
:10DC70008F0220E030E0A901C501B4010E94D8D68E
:10DC8000882329F1A501940160E070E080E89FE31A
:10DC90000E946DDEC0928D04D0928E04E0928F04BB
:10DCA000F092900460939104709392048093930493
:10DCB00090939404FF90EF90DF90CF90BF90AF903F
:10DCC0009F908F900895C12CD12C7601CACF60E02F
:10DCD00070E0CB01DFCF10927A0210927B0210929B
:10DCE0007C0210927D0210927602109277021092BE
:10DCF00078021092790210928C0210928D0210928A
:10DD00008E0210928F021092880210928902109255
:10DD10008A0210928B02E0E9F2E024EB32E080E02C
:10DD200090E0A0ECBFE780839183A283B3838483D8
:10DD30009583A683B78380879187A287B3873C9614
:10DD40002E173F0781F70895EFE6F0E080818260AB
:10DD5000808308958091D9069091DA06892B79F411
:10DD60008091D9069091DA06892B49F42091D90641
:10DD70003091DA0681E0232B19F480E0089581E0E8
:10DD80000895CF92DF92EF92FF926B017C0183E3C3
:10DD9000C816D104E104F10470F082E3C81AD10876
:10DDA000E108F10862E370E080E090E00E945ABB75
:10DDB0000E942DC3ECCFC701B6010E945ABB0E943E
:10DDC0002DC3FF90EF90DF90CF900895BC0190E0BD
:10DDD00080E00C94EDB19091E5088091E6089813ED
:10DDE00007C081E090915408913019F080E00895C7
:10DDF00081E0089581E00895DC01EC918E2F90E0A0
:10DE0000FC01EE0FFF1FE80FF91FE355F74F80816C
:10DE10008F77808308951092900082E08093910024
:10DE20001092950010929400C19AE1E7F0E0808191
:10DE3000826080830895B0E0A0E0E1E2FFE60C9408
:10DE4000C3DD6C01EB01FC0180818C3008F0B7C0B0
:10DE500090E0FC01EE0FFF1FE80FF91FE355F74FAD
:10DE600080818F770E9492B2F601118212828081A6
:10DE70002CE0622F0E9463DD829FB001112430E00C
:10DE800020E0AB01420F531FFA01EE0FFF1FE40F1A
:10DE9000F51FE355F74F908197FD08C02F5F3F4F67
:10DEA0002C30310571F7811101C0B5DFF6017080AA
:10DEB000E72CF12C8701000F111FF801EE0DFF1D5B
:10DEC000E355F74F80818068808377FC78C0C0324B
:10DED000F2E0DF070CF040C0F601828128E532E075
:10DEE000281B310987FD3395220F331F220F331F63
:10DEF000032E000C440B550B818178E8872E912C62
:10DF0000881A910887FD9394880C991C880C991C99
:10DF1000092C000CAA08BB0860E070E0CB01D7FD1B
:10DF20000AC0BE01C53BD10514F064EB70E0072EBA
:10DF3000000C880B990B281939094A095B090E94C2
:10DF4000F7DC24EB30E040E050E00E9428DD820E58
:10DF5000931EA41EB51EE401FBE0F71558F1F6016F
:10DF60002281318188E890E0831B910937FD9395E8
:10DF7000880F991F880F991FC817D90774F088E573
:10DF800092E0821B910927FD9395880F991F880FB6
:10DF9000991FC817D9070CF4CE012FB7F8940E0DAE
:10DFA0001F1DF801E355F74F0297880F991F9283C1
:10DFB00081832FBF62E370E080E090E0E2DECDB7C6
:10DFC000DEB7EDE00C94DFDD0F931F93CF93C82FE6
:10DFD0008B0182ED98E00E94B062C817A9F06C2F07
:10DFE00070E082ED98E027DFF80160817181828125
:10DFF0009381643FF1E07F078105910520F464EF90
:10E0000071E080E090E0BDDE86B182958170CF91B5
:10E010001F910F910895A4E0B0E0E1E1F0E70C94C6
:10E02000CEDD8EEE92E0A0E0B0E089839A83AB83F0
:10E03000BC83BE016F5F7F4F8AE5C6DF2496E2E0B6
:10E040000C94EADDA4E0B0E0E8E2F0E70C94CEDD69
:10E050008EEE92E0A0E0B0E089839A83AB83BC832C
:10E06000BE016F5F7F4F8AE0AFDF2496E2E00C9441
:10E07000EADDA4E0B0E0EFE3F0E70C94CEDD84EF5E
:10E0800091E0A0E0B0E089839A83AB83BC83BE01BA
:10E090006F5F7F4F8CE398DF2496E2E00C94EADD1B
:10E0A000A4E0B0E0E6E5F0E70C94CEDD84EF91E08B
:10E0B000A0E0B0E089839A83AB83BC83BE016F5F2D
:10E0C0007F4F80EA81DF2496E2E00C94EADDCF9274
:10E0D000DF92EF92FF921F93CF93DF9300D000D097
:10E0E000CDB7DEB78EEEC82E82E0D82EE12CF12C13
:10E0F000C982DA82EB82FC82BE016F5F7F4F8AE5C4
:10E1000063DF81110EC010E0812F0F900F900F90F0
:10E110000F90DF91CF911F91FF90EF90DF90CF9004
:10E120000895BEDFC982DA82EB82FC82BE016F5F96
:10E130007F4F8AE549DF182F882329F30E94EA33AD
:10E14000E3CFCF92DF92EF92FF921F93CF93DF93B3
:10E1500000D000D0CDB7DEB78EEEC82E82E0D82E2C
:10E16000E12CF12CC982DA82EB82FC82BE016F5F66
:10E170007F4F8AE029DF81110EC010E0812F0F90C0
:10E180000F900F900F90DF91CF911F91FF90EF9024
:10E19000DF90CF90089584DF3EDF54DF3CDFC982FB
:10E1A000DA82EB82FC82BE016F5F7F4F8AE00CDF78
:10E1B000182F882311F30E94EA33E0CF1F920F92A9
:10E1C0000FB60F9211240BB60F922F933F934F93DC
:10E1D0005F936F937F938F939F93AF93BF93CF93EF
:10E1E000EF93FF93C0915904C7FF43C0109295006D
:10E1F0001092940081E08C0F809359048C300CF0C5
:10E2000050C0082E000C990B2091D1082817190630
:10E2100009F00CF446C02091940030919500FC0167
:10E22000EE0FFF1FE80FF91FE355F74F8181928131
:10E23000820F931F9093990080939800808187FFAD
:10E2400004C061E08F770E94FEBAFF91EF91CF91F9
:10E25000BF91AF919F918F917F916F915F914F91FE
:10E260003F912F910F900BBE0F900FBE0F901F90FC
:10E2700018958C2F0C2E000C990B2091D108281783
:10E28000190609F00CF4B6CFFC01EE0FFF1FE80FE2
:10E29000F91FE355F74F808160E08F770E94FEBA47
:10E2A000A9CF8091940090919500049680342CE938
:10E2B000920710F480E49CE9909399008093980071
:10E2C0008FEF80935904C1CF9091C00095FFFCCF90
:10E2D0008093C60008958F929F92AF92BF92CF9283
:10E2E000DF92EF92FF92CF936B017C01B42E20E07E
:10E2F00030E0A9010E94D8D687FF06C08DE2E4DF96
:10E30000F7FAF094F7F8F094C0E060E070E080E095
:10E310009FE3CB1541F02DEC3CEC4CEC5DE30E940F
:10E320003DD7CF5FF6CFA70196010E94F6DD6B01C6
:10E330007C010E94DADE4B015C010E94EDB1CC232E
:10E3400069F1C501B4010E94DCD69B01AC01C70193
:10E35000B6010E94F5DD6B017C018EE2B5DFC15094
:10E36000E8F020E030E040E251E4C701B6010E944D
:10E370003DD76B017C010E94DADE4B015C010E94FB
:10E38000EDB1C501B4010E94DCD69B01AC01C7010F
:10E39000B6010E94F5DD6B017C01E1CFCF91FF90CA
:10E3A000EF90DF90CF90BF90AF909F908F900895A7
:10E3B000CF93DF93EC01FE0184912196882311F025
:10E3C00083DFF9CFDF91CF910895EF92FF921F93F2
:10E3D000CF93DF93182F87E99FE0EADFD0E0C0E01A
:10E3E000E12EF12CC7010C2E02C0959587950A9459
:10E3F000E2F780FF08C0FE01EE0FFF1FE157F04F6C
:10E4000085919491D5DF2196C330D10559F713FF3B
:10E4100006C080E259DF85E457DF80E355DF8CE8F2
:10E420009FE0C6DFDF91CF911F91FF90EF9008959D
:10E43000CF92DF92EF92FF926A017B01B9DF42E057
:10E44000C701B60148DFFF90EF90DF90CF900895AD
:10E450008BE39DE0ADCF85E39DE0AACFCF93DF9323
:10E46000EB01A6DFBE01DD0F880B990B0E944AB2BB
:10E47000DF91CF9108958AE027CFCF93DF9364ECAB
:10E4800075E10E94B1B3C091E108D091E2084881E2
:10E4900059816A817B818BEB95E1CADF4C815D817B
:10E4A0006E817F818FE999E2C3DF4091DD08509151
:10E4B000DE086091DF087091E0088CE999E2B8DF2E
:10E4C00088EB95E175DF87E79AE072DFD4DFDF91B3
:10E4D000CF9108950F931F93CF938C01C62F83EB99
:10E4E00095E166DFC80164DF8AE3EEDE80E38C0F2E
:10E4F000EBDEC1DFCF911F910F910895CF92DF9294
:10E50000EF92FF926A017B0153DFC701B6010E94BF
:10E510004AB2B1DFFF90EF90DF90CF9008950F9354
:10E520001F93CF9381110DC0C42F8B0194DF85E021
:10E5300094E13EDFC8013CDFCC2319F08AE3C4DE5E
:10E540009ADFCF911F910F910895CF93C82F41E08B
:10E550006AE67FE0E4DFC11101C07DDF40919F08E2
:10E560005091A0086091A1087091A20881E69FE0F7
:10E570005FDF21E732EB47E25EE36091A308709131
:10E58000A4088091A5089091A6080E946DDEAB01B9
:10E59000BC018EE59FE04CDF21E732EB47E25EE312
:10E5A0006091A7087091A8088091A9089091AA0885
:10E5B0000E943DD7AB01BC018BE59FE039DF5BDFFB
:10E5C000CF910895CF92DF92EF92FF926A017B0183
:10E5D000EFDE42E0C701B6017EDE4DDFFF90EF9037
:10E5E000DF90CF900895A6E5B0E0E9EFF2E70C9454
:10E5F000BEDD70E060E085E40E946C669EA38DA3A2
:10E600001DA11F3F09F448C0112359F081EB97E188
:10E61000CFDE89E997E1CCDECA5ADF4FE2E10C9404
:10E62000DADD2EEB30E03E832D8383E40E94A4628A
:10E63000A5E0EA2EF12C882319F00E9469667C017E
:10E6400083E50E94A462882321F00E9469669E836C
:10E650008D8360E085E50E94586626968FAF2697E9
:10E660008CE897E10E94F2B20E94E3BB6D877E873F
:10E670008F87988B1F3F09F052C48D819E818F3602
:10E6800091050CF409C28FE797E192DE80E697E1ED
:10E690008FDE0E94DBB1C0CF46E450E05E834D8345
:10E6A000C4CF0E94C5C21092F6040E944C5E1F3F68
:10E6B00009F071C040905F08509060086090610858
:10E6C000709062082D893E894F89588DC301B2012F
:10E6D0000E9459DF181624F44D8A5E8A6F8A788E5C
:10E6E00029853A854B855C85C301B2010E94D8D645
:10E6F00087FF04C049865A866B867C862A966CAD55
:10E700007DAD8EAD9FAD2A970E94DED669A37AA318
:10E710008BA39CA3002309F49AC29B01AC01C30103
:10E72000B2010E9459DF18160CF078C28D819E81CB
:10E73000AF81B8858C199D09AE09BF098838E3E11E
:10E740009E07A105B10508F469C249895A896B89F8
:10E750007C89481959096A097B0975956795579508
:10E7600047951F3F09F5409365088FA398A7A9A770
:10E77000BAA729A13AA14BA15CA12D8B3E8B4F8B4F
:10E78000588F8D819E81AF81B8858D879E87AF8799
:10E79000B88B00E043C24090870850908808609092
:10E7A000890870908A088ECF2596EEADFFAD25972B
:10E7B0004083DBCF4BEE842E912CA12CB12C9CC23C
:10E7C00084E190E0A0E0B0E0898B9A8BAB8BBC8BAE
:10E7D00034E1832E912CA12CB12C9EC2898A9A8A75
:10E7E000AB8ABC8A99C28BEF96E147C32596EEAD02
:10E7F000FFAD2597808368C38CA99DA9AEA9BFA949
:10E800002D813E814F815885821B930BA40BB50B44
:10E81000181619061A061B060CF44EC0812F17FD98
:10E8200080E00E94FDBF27DE8D819E81AF81B8858B
:10E830008053984FAF4FBF4F8CAB9DABAEABBFABD0
:10E8400098AD911174C029AD3AAD4BAD5CADC3012B
:10E85000B2010E9459DF18160CF04EC020E030E0E3
:10E8600040E050E4C301B2010E94F6DD69AF7AAF27
:10E870008BAF9CAF2CA53DA54EA55FA58D819E813C
:10E88000AF81B885280F391F4A1F5B1F21962CAF17
:10E890003DAF4EAF5FAF219766966CAD7DAD8EAD4F
:10E8A0009FAD66970E94DED6A30192010E94D8D642
:10E8B000881F8827881F88AF8D859E85AF85B8897A
:10E8C000C816D906EA06FB0610F4D701C6012D8149
:10E8D0003E814F815885281B390B4A0B5B0BDA01AF
:10E8E000C90181389F44A241B105B0F18CE996E19C
:10E8F0005FDD8AE896E1A5C121968CAD9DADAEADF8
:10E90000BFAD21972D813E814F815885821B930B8E
:10E91000A40BB50B42EA54E261EB74E21816190637
:10E920001A061B064CF2812F0E94F0C1C5CF6296D9
:10E930006CAD7DAD8EAD9FAD62970E94DED69B0122
:10E94000AC01C301B2010E94D8D687FFB5CF4FED0D
:10E9500054E26FEE74E2E7CF23964EAD5FAD23979E
:10E96000421553050CF047C153E0251631040CF451
:10E9700042C18DE796E11CDD8CE296E119DD1F3F77
:10E9800009F06CC08CE196E19E838D838AE096E16C
:10E990000FDD8D819E810CDD49815A816B817C81E7
:10E9A00088E296E145DD67DD8AE096E101DD8D8153
:10E9B0009E81FEDC4D8D5E8D6F8D78A184E296E1A7
:10E9C00037DD59DD8AE096E1F3DC8D819E81F0DC54
:10E9D000498D5A8D6B8D7C8D80E296E129DD4BDD72
:10E9E0002696BFAD2697BB2309F453CE21E732EB21
:10E9F00047E25EE36D8D7E8D8F8D98A10E943DD79D
:10EA00006B017C0121E732EB47E25EE3698D7A8D91
:10EA10008B8D9C8D0E946DDE29813A814B815C81BA
:10EA20001F3F09F120939F083093A0084093A1084D
:10EA30005093A208C092A308D092A408E092A5081F
:10EA4000F092A6086093A7087093A8088093A9087D
:10EA50009093AA0881E080938E081BCEABE1B6E1CB
:10EA6000BE83AD8393CF209377083093780840938B
:10EA7000790850937A08C0927B08D0927C08E09283
:10EA80007D08F0927E0860937F08709380088093E1
:10EA9000810890938208FDCD83E597E189DC8BE4C2
:10EAA00097E186DC0E94DAC18FE7809365082CE34A
:10EAB00030E0EBA6A8EEB3E00E9454DD6CA77DA782
:10EAC0008EA79FA72D853E854F855889260F371F16
:10EAD000481F591F21962CAF3DAF4EAF5FAF219716
:10EAE00080E497E10E94F2B281E08093D004CD846B
:10EAF000DE84EF84F888CCAADDAAEEAAFFAA198EDC
:10EB00001A8E1B8E1C8E1D8E1E8E1F8E18A21982B1
:10EB10001A821B821C828FE790E0A0E0B0E0898B14
:10EB20009A8BAB8BBC8B20E030E44CE156E4298718
:10EB30003A874B875C871D8A1E8A1F8A188EFFE7DB
:10EB40008F2E912CA12CB12C18AE19AE1AAE1BAE83
:10EB50001CAE1FA218A619A61AA601E0312C212C62
:10EB6000412C512C32018D819E81092E000CAA0B63
:10EB7000BB0B2A968CAF9DAFAEAFBFAF2A97ABA5AC
:10EB80000A2E000CBB0B2396BFAFAEAF2397B8E2A3
:10EB90001B02C0011124FC01E357F74F2596FFAF7C
:10EBA000EEAF25978D819E814E969C01990F440B67
:10EBB000550B2E962CAF3DAF4EAF5FAF2E978D818C
:10EBC0009E814E979C01990F440B550B62962CAF7A
:10EBD0003DAF4EAF5FAF62974D815E8146505109A8
:10EBE000CA01092E000CAA0BBB0B66968CAF9DAF19
:10EBF000AEAFBFAF66978091D004882319F10E9411
:10EC0000E3BB6D837E838F8398879091F60467962C
:10EC10009FAF6797911145CD0E944C5E2E966CADCB
:10EC20007DAD8EAD9FAD2E970E94DED6A3019201E1
:10EC30000E94D8D687FFE0CD88EC96E1B9DB89EA5F
:10EC400096E1B6DB1092D0040E94DAC122CD29A150
:10EC50003AA14BA15CA1C301B2010E94D8D687FFA3
:10EC6000DDCF8D819E81AF81B8852D853E854F8515
:10EC70005889821B930BA40BB50B883833E193079B
:10EC8000A105B10558F22114310409F40CC1CFA03B
:10EC9000D8A4E9A4FAA4C80ED91EEA1EFB1E2FA10F
:10ECA00038A549A55AA5281B390B4A0B5B0BC50192
:10ECB000B4010E94F7DCA70196010E9428DD898833
:10ECC0009A88AB88BC88820E931EA41EB51E44E1B0
:10ECD00084169104A104B1040CF472CD5CEE851687
:10ECE0009104A104B1040CF065CD80E8881691046C
:10ECF000A104B1040CF472CD898A9A8AAB8ABC8AC9
:10ED00008EEF90E0A0E0B0E09C01AD012819390938
:10ED10004A095B0949015A0188E397E149DB69899E
:10ED20007A898B899C890E944AB283E397E140DB10
:10ED3000C501B4010E944AB249855A856B857C851C
:10ED40008CE297E175DB4D895E896F89788D85E26C
:10ED500097E16EDB93E0291631040CF4A4C0C501E1
:10ED6000B4010E94DED620E030E040E850E40E948A
:10ED70003DD769837A838B839C8329853A854B852C
:10ED80005C856D897E898F89988D0E94F5DD2BEDDC
:10ED90003FE049E450E40E943DD720E030E040E00D
:10EDA0005FE30E943DD79B01AC0169817A818B8131
:10EDB0009C810E946DDE68AB79AB8AAB9BABC701CF
:10EDC000B6010E94DED62FE632E143E85AE30E9404
:10EDD0003DD76B017C011E3F51F02AE939E949E139
:10EDE0005FE380E090E0A0E0BEE31F3F41F42DEC44
:10EDF0003CEC4CE45EE38BEA9AEAAAEABEE389873C
:10EE00009A87AB87BC8768A979A98AA99BA90E9420
:10EE10003DD769837A838B839C839B01AC010E94DD
:10EE2000F6DDA70196010E946DDE6D8F7E8F8F8FBC
:10EE300098A329813A814B815C81C701B6010E9468
:10EE40003DD729853A854B855C850E943DD7698FE2
:10EE50007A8F8B8F9C8F48A959A96AA97BA98FE1CA
:10EE600097E1E6DAB701A60189E197E1ABDB9DA165
:10EE70009E3F08F4B8CC8AE097E19ADA49815A813A
:10EE80006B817C8185EF96E1D3DA4D8D5E8D6F8D40
:10EE900078A18FEE96E1CCDA498D5A8D6B8D7C8D01
:10EEA00089EE96E18FDB89899A89AB89BC89880DC7
:10EEB000991DAA1DBB1DB595A795979587951F3FD1
:10EEC00009F094CC809365082396FFAD2397FF93B8
:10EED0002BA52F933F922F9285ED96E19F938F93D1
:10EEE00080EE96E19F938F931F920E945F5B3FEFAE
:10EEF000231A330A0FB6F894DEBF0FBECDBF89A127
:10EF00009AA1ABA1BCA189879A87AB87BC87CD802A
:10EF1000DE80EF80F88467960FAD67977FCEAD8176
:10EF2000BE81A530B1400CF0AECB83E597E140DA6D
:10EF30008BE497E13DDA0E94DAC13DA148E2340258
:10EF4000F0011124ED57F74F8FE7828728E230E078
:10EF5000B0CDCF93DF9367EA75E10E94B1B3C2E011
:10EF6000D5E0488159816A817B818EE995E160DA3B
:10EF70004C815D816E817F818FE999E259DA488504
:10EF800059856A857B858CE999E21CDBDF91CF91FD
:10EF90000895CF93DF9364E87FE00E94B1B3CBE59F
:10EFA000D8E04C8D5D8D6E8D7F8D8BE79FE040DAD4
:10EFB00021E732EB47E25EE368A179A18AA19BA138
:10EFC0000E946DDEAB01BC0188E79FE031DA21E7EA
:10EFD00032EB47E25EE36CA17DA18EA19FA10E946E
:10EFE0003DD7AB01BC0185E79FE0ECDADF91CF9123
:10EFF000089566E07FE00E94B1B3609120077091B0
:10F00000210780912207909123070E94DCD6AB0153
:10F01000BC018DEF9EE00CDA4091500750915107F2
:10F0200060915207709153078AEF9EE001DA409198
:10F03000540750915507609156077091570787EF15
:10F040009EE0F6D94091E0065091E1066091E2061B
:10F050007091E30684EF9EE0B5CACF93DF936AEA2E
:10F060007EE00E94B1B3C0E1D7E04CA95DA96EA9D2
:10F070007FA981EA9EE0DCD948AD59AD6AAD7BAD90
:10F080008EE99EE0D5D94CAD5DAD6EAD7FAD87EF1D
:10F090009EE098DADF91CF910895CF93DF9366E8F1
:10F0A0007EE00E94B1B3C0E1D7E04CA15DA16EA1AA
:10F0B0007FA18DE79EE0BCD948A559A56AA57BA58F
:10F0C0008FE999E2B5D94CA55DA56EA57FA58CE920
:10F0D00099E2AED948A959A96AA97BA989E999E217
:10F0E000A7D9C9D9DF91CF910895CF93DF9361E676
:10F0F0007EE00E94B1B3C0E1D7E0688179818A8166
:10F100009B810E94DCD6AB01BC0188E59EE090D9D2
:10F110006C817D818E819F810E94DCD6AB01BC0118
:10F120008FE999E285D9688579858A859B850E94D2
:10F13000DCD6AB01BC018CE999E27AD96C857D857E
:10F140008E859F850E94DCD6AB01BC0189E999E2DE
:10F150006FD991D9DF91CF910895CF93811110C0CC
:10F160007AD985E094E124D986E49EE021D9809182
:10F170008202811103C089E39EE01AD97CD96BD940
:10F18000C091820280E39EE013D96C2F70E090E082
:10F1900080E00E944AB240917E0250917F026091CD
:10F1A0008002709181028DE29EE00CDACF91089589
:10F1B000B0E0A0E0EEEDF8E70C94C6DDEC0182E4EF
:10F1C0009DE0F6D8209711F4C0E9D2E010E007E006
:10F1D000015019F080E278D8FBCF812F0E94E66AB7
:10F1E0001F5F1330A1F747D910E080E26DD8812F5F
:10F1F0000E94E66A5E0103E080E266D8F501C08005
:10F20000D180E280F380A7019601C701B6010E9478
:10F210001DE08823E9F080E257D88DE355D88DE3CF
:10F2200053D88DE351D88DE34FD88DE34DD801509D
:10F23000FCE0AF0EB11C0111DFCF1DD91F5F24967A
:10F24000133099F618D9CDB7DEB7EAE00C94E2DDB9
:10F2500020E030E0A901C701B6010E9459DF87FD17
:10F2600002C08BE231D843E0C701B60134D8DFCF0A
:10F27000EC018B01F42E0E94DAC1209709F470C0D2
:10F28000EAD8CE0195D8F7D80115110511F40BE194
:10F2900016E10E94E2601F930F93DF93CF9385E006
:10F2A0009DE09F938F9381E08F930E945F5B0E940C
:10F2B000711BC091590EC695C69584E59EE00E94CB
:10F2C000B067DC2FDD0F1D2F1C0F8DB79EB7079683
:10F2D0000FB6F8949EBF0FBE8DBF83E00E94EE660E
:10F2E00010928F0EC093900E87E29EE00E942C68D1
:10F2F00046EF5CE06D2F80E00E94A96749EE5CE07C
:10F30000612F80E00E94A96788E59EE00E9473BD9E
:10F310008111E3CF9DD885E19DE04AD889EE93E045
:10F32000019739F000C00000EEE5F9E03197F0F701
:10F33000F7CFF89489EE93E0019739F000C0000010
:10F34000E6EEF3E03197F0F7F7CF0E94DAC1FF2045
:10F3500021F00E946ECAA895FECF0E94121CFBCF1E
:10F360000115110511F40BE116E1CCE0DDE091CFC0
:10F3700080915807909159072FEF3FEF981751F060
:10F38000E92FF0E0E85AF84F228130E09F5F9F7745
:10F3900090935907C90108951F920F920FB60F92CB
:10F3A00011240F900FBE0F901F9018951F920F926F
:10F3B0000FB60F9211240BB60F922F938F939F933A
:10F3C000EF93FF939091C60020915907E091580761
:10F3D00081E08E0F8F77281729F0F0E0E85AF84F78
:10F3E0009283E82FE0935807FF91EF919F918F91BF
:10F3F0002F910F900BBE0F900FBE0F901F9018957E
:10F40000A4E1B0E0E6E0FAE70C94BEDDB82E80910E
:10F410001105843008F06FC1F1E6FF2EEE24E3946D
:10F4200080911105843008F066C180915807909151
:10F430005907891B8F7709F45EC19ADF97FF0AC0CD
:10F4400007D882E59CE00E94D8718091580780938C
:10F450005907E6CF8A3019F08D3009F00FC11092AC
:10F4600040088091DE079091DF07FC01E652F84FDB
:10F470001682892B19F40E942DC3D2CF1092DF0778
:10F480001092DE0700EE17E0F8018191803209F456
:10F4900049C08E3409F07DC06DE47CE0C8010E9453
:10F4A00007D66C01892B41F06EE470E0C801049628
:10F4B0000E943FE1009709F4C8014AE050E070E083
:10F4C00060E001960E9482D32B013C018091DA0713
:10F4D0009091DB07A091DC07B091DD07AC01BD0185
:10F4E0004F5F5F4F6F4F7F4F441655066606770696
:10F4F000D9F0CD28C9F4AC01BD01415051096109D1
:10F500007109441655066606770634F0841595058C
:10F51000A605B7050CF084CF60E08AE19CE00E946C
:10F5200012B37ECF8F01B0CF6AE270E0C8010E94B3
:10F530005FE19C01009709F1982F901BD12C992332
:10F5400039F09150F801E90FF11D8081D826F7CFED
:10F550004AE050E070E060E0C90101960E9482D369
:10F560002D2D30E050E040E06217730784079507C7
:10F5700041F060E08BEF9BE0D2CF60E081ED9BE05B
:10F58000CECF4092DA075092DB076092DC07709290
:10F59000DD07809101058130D9F467E470E0C8018E
:10F5A0000E943FE10097A1F04AE050E070E060E087
:10F5B00001960E9482D3623071058105910540F465
:10F5C0008AE59BE00E94D87180E59BE00E94F2B240
:10F5D000F80180818D34D9F48381823309F43FC0EE
:10F5E000883359F0803399F48181843381F48281A6
:10F5F000813369F40E94502A0AC08281803339F431
:10F600008181813321F41092D004109251028091B3
:10F61000E0078B3309F404CF80911105843008F0A2
:10F62000FFCE809113058F9DC001112460EE77E01D
:10F630008C5E9A4F0E944AE180911305F89EF0017A
:10F640001124EC58FA4F10828F5F8430A0F480931D
:10F650001305809111058F5F80931105E1CE8281A2
:10F660008133A9F68181813391F641E070E060E059
:10F6700080EB90E1FDDD10921305EBCF90914008F7
:10F68000913009F4CDCE9430B0F09450909340086E
:10F690008830C9F48091DE079091DF07009709F464
:10F6A000BFCE01979093DF078093DE078652984F75
:10F6B000FC011682B5CE8C35C9F49C5F909340084E
:10F6C000943009F4ADCE2091DE073091DF07A90117
:10F6D0004F5F5F4F5093DF074093DE072652384F4E
:10F6E000F90186834F3551051CF49ACE8B3381F690
:10F6F000E092400895CE0E94E3BB6B017C01BB20E9
:10F7000041F0C092CC04D092CD04E092CE04F092AD
:10F71000CF048091A4049091A504A091A604B09177
:10F72000A7040097A105B10571F14091CC04509157
:10F73000CD046091CE047091CF0497018601041B23
:10F74000150B260B370BB901A801481759076A0793
:10F750007B07C8F00E9428720091DE061091DF0638
:10F7600085E99CE00E94D8718AE69CE00E94D871ED
:10F77000C8010E9427BF0E943B7240E070E060E039
:10F7800090E080E077CF9091E5088091E6089817A7
:10F7900041F0C092CC04D092CD04E092CE04F0921D
:10F7A000CF0440913E0150913F0160914001709122
:10F7B0004101452B462B472B21F0981799F11092C8
:10F7C000620480915E0490915F04A0916004B09106
:10F7D00061048C199D09AE09BF09181619061A068D
:10F7E0001B060CF4D2C19091E5088091E6082091A7
:10F7F0003C01981709F447C0E091E60813E5E19F42
:10F80000F0011124EB5BF64F8081281709F489C0C1
:10F8100080933C010E94E3BB20913C01211136C042
:10F8200060E053C0B110CBCF0E94E3BB0091CC0489
:10F830001091CD042091CE043091CF04601B710B48
:10F84000820B930B00913E0110913F0120914001EA
:10F8500030914101601771078207930708F4AFCF19
:10F86000809162048111ADCF81E08093620480E0D9
:10F870000E94271C81E00E94271C82E00E94271C16
:10F880000E94121C9ECF8091FC06BFCF30E061E049
:10F890002F3F3105D1F0EDEEF8E2E491BE016F5F4C
:10F8A0007F4FE83009F4B5C0A0F4E23051F180E0B8
:10F8B000E73009F4AFC082E1FB0111928A95E9F7C4
:10F8C00061E02F37310508F4ABCF84E00E94FEBA27
:10F8D00028C0E930A1F081E0EA3069F748E950E05A
:10F8E00058874F834AE950E05A8749871C861B8610
:10F8F00000E910E0A0919600B091970099C080E0D7
:10F90000EDCF82E1E5E1F2E0DB0101900D928A9515
:10F91000E1F784B58F7C806284BDE985FA85318307
:10F92000208380914D01882309F422C10091450173
:10F9300010914601C801029720918B0830918C08E4
:10F94000281739070CF414C12090E608412C512CDB
:10F95000320183E5382E8091E508821509F496C0BE
:10F96000822D90E0389EF001399EF00D1124E9506F
:10F97000F74F458D568D678D70A1452B462B472B34
:10F9800081F441A152A163A174A1452B462B472BC1
:10F9900041F445A156A167A170A5452B462B472BE5
:10F9A00099F1389E9001399E300D1124C90189507A
:10F9B000974F9C8B8B8BFC0161A572A583A594A5A9
:10F9C0000E94DCD64B015C01EB89FC8965A576A51C
:10F9D00087A590A90E94DCD69B01AC01C501B401AA
:10F9E0000E946DDEEB89FC89218132814381548143
:10F9F0000E943DD74B015C01A30192010E9459DF97
:10FA0000181614F424013501822D0E94F75D282E6A
:10FA1000A2CF81E043EB50E058874F8344EB50E0A6
:10FA20005A8749871C861B8600EB10E0AFEFB0E0D9
:10FA3000F801B08090E043E050E0FA01E81BF90BD8
:10FA4000EE0FFF1F0E2E01C0440F0A94EAF74095F7
:10FA50004B2152E0A52EB12C02C0AA0CBB1CEA958A
:10FA6000E2F74A29F80140830396880F991F860F11
:10FA7000971FFC01008111810E9454DD2FEF30E0BF
:10FA800040E050E00E9406DDF80149CFB801110FB7
:10FA9000880B990B0E94DED64B015C012091490135
:10FAA00030914A0140914B0150914C01C301B20188
:10FAB0000E943DD7A50194010E94F6DD2B013C0177
:10FAC0000091470110914801AC019B01C501B401AF
:10FAD0000E9459DF18169CF0B801012E000C880B0B
:10FAE000990B0E94DED64B015C01AC019B01C30166
:10FAF000B2010E9459DF181614F0530142014090E0
:10FB00005A0450905B0460905C0470905D04A50101
:10FB10009401C301B2010E9459DF1816D4F420E009
:10FB200037ED43EA5CE3C501B4010E943DD74B01C8
:10FB30005C0128E431EE4AE75FE3C301B2010E94B1
:10FB40003DD79B01AC01C501B4010E94F6DD4B011C
:10FB50005C0180925A0490925B04A0925C04B09283
:10FB60005D04C501B4010E94D5DECB010E9497203F
:10FB7000F4E6CF0ED11CE11CF11CC0925E04D092C1
:10FB80005F04E0926004F09261040E942DC38091B2
:10FB90000105882309F46DC00E94E3BB6B017C0161
:10FBA00010913D011123E9F08091A8048823C9F048
:10FBB00040916304509164046091650470916604FF
:10FBC0004C195D096E097F091416150616061706ED
:10FBD000D4F0833009F460C00CF04FC081300CF0D9
:10FBE00054C0212F30E0A8EEB3E00E9454DDC60ED1
:10FBF000D71EE81EF91EC0926304D0926404E092FE
:10FC00006504F09266040E944C5E8091A3048823F0
:10FC100081F10E94E3BB6B017C0180919F04909174
:10FC2000A004A091A104B091A2048C199D09AE0971
:10FC3000BF09181619061A061B06DCF02091A3044A
:10FC400030E0A8EEB3E00E9454DDC60ED71EE81ED9
:10FC5000F91EC0929F04D092A004E092A104F092F9
:10FC6000A2048091D004811104C00E94FDBF0E94B3
:10FC70003B726496E2E10C94DADD843009F0B1CF96
:10FC80000E942B7288EA9CE004C00E942B7287EDD0
:10FC90009CE00E94D871A5CF0E942B7280EC9CE062
:10FCA000F8CFAAE2B0E0E7E5FEE70C94BEDD909164
:10FCB0000F0793FD86C1082F89E40E94A462882360
:10FCC00009F4BCC10E942E6690E01816190614F4BF
:10FCD00081E090E026E0289FF001299FF00D11249B
:10FCE000EB53F94F8281938110E08E36910514F029
:10FCF0008EE690E090936408809363080E94AA6562
:10FD00006091630870916408072E000C880B990BB2
:10FD10000E94DED620915F08309160084091610812
:10FD2000509162080E9459DF18160CF03BC18BEF0E
:10FD300095E10E94F2B2FF24F394602F6F25802F8B
:10FD40000E94C1C1002309F472C1F092D0041E8E3A
:10FD50001F8E18A219A21AA21BA21CA21DA280E02B
:10FD60009CE3ACE1B6E48FA398A7A9A7BAA780E06B
:10FD700090E0A0E8BFEB8E8B9F8BA88FB98F00E03F
:10FD800091E09EA3412C512C3201DE0111961D0100
:10FD90006091630870916408072E000C880B990B22
:10FDA0000E94DED66B017C012E893F89488D598DDA
:10FDB0000E94D8D68823B1F020915F083091600866
:10FDC0004091610850916208C701B6011111EDC060
:10FDD0000E94D8D6082F001F0027001FCE8ADF8A76
:10FDE000E88EF98E0E94E3BB6B017C018AA19BA186
:10FDF000ACA1BDA18C199D09AE09BF091816190641
:10FE00001A061B06ACF1D701C60188519C4FAF4FB3
:10FE1000BF4F8AA39BA3ACA3BDA380E00E94FDBFFC
:10FE200045E150E068EE75E1C1010E94D2D51D8A1E
:10FE3000411451046104710409F4CDC0C301B2013D
:10FE4000605F784D8F4F9F4F6C197D098E099F0918
:10FE500028EE33E040E050E00E9406DDBA01A9013F
:10FE6000C1010E94C8BFC1010E9427BF0E943B720E
:10FE700080E0C6DA0E94E3BB6093CC047093CD04AB
:10FE80008093CE049093CF0480915F089091600896
:10FE9000A0916108B09162088A8F9B8FAC8FBD8F53
:10FEA0009C01AD016E897F89888D998D0E94F5DD59
:10FEB0004B015C0120E030E0A9010E9459DF87FF7F
:10FEC00004C0B7FAB094B7F8B09441145104610477
:10FED000710409F09EC020E030E040E85FE3C50116
:10FEE000B4010E94D8D687FF10C09EA1412C512C8E
:10FEF0003201992331F085E0482E8DE0582E612C97
:10FF0000712C4C0C5D1C6E1C7F1C0023A9F18E8D86
:10FF10009F8DA8A1B9A10097A105B10549F08C1941
:10FF20009D09AE09BF09181619061A061B0624F109
:10FF30002A8D3B8D4C8D5D8D6FA178A589A59AA5E5
:10FF40000E94F5DD20E030E040E85FE30E94D8D673
:10FF500087FD2FC0D701C601805A9541AF4FBF4FD3
:10FF60008E8F9F8FA8A3B9A38A8D9B8DAC8DBD8DDD
:10FF70008FA398A7A9A7BAA78091D0048823C9F016
:10FF8000411451046104710459F0C418D508E608FD
:10FF9000F70890E1C91697E2D906E104F10448F4A4
:10FFA0001EA2F6CE8CEE95E1C4CE0E94D8D687FF75
:10FFB0000CC08091D004882321F01092D0040E94BC
:10FFC000DBB1AA96E2E10C94DADDCE8ADF8AE88E14
:10FFD000F98E00E007CFD1010D900020E9F7CD01A7
:10FFE0000197821993098431910508F03CCFF10102
:10FFF000E80FF91FBFE3B0838331910509F433CFD4
:020000021000EC
:10000000E2E0F0E0EC0FFD1F8E0F9F1FDC011C9261
:100010002ACF20E030E040E450E4C501B4010E9462
:1000200059DF18160CF071CF260137016ECF8AED1B
:1000300091E69093540280935302C3CF83E50E94CC
:10004000A462182F811109C0002309F4BACF82E5F8
:100050000E94A462882309F4B4CF0E94696645CE49
:10006000ABE2B0E0E6E3F0E80C94BEDD90910F0760
:1000700093FD7FC0F82E89E40E94A462882309F4CE
:10008000AEC00E942E6690E01816190614F481E0A6
:1000900090E026E0289FF001299FF00D1124EB53FA
:1000A000F94F8081918100E00E94972061E08F2DBF
:1000B0000E94C1C160918B0870918C08072E000CC2
:1000C000880B990B0E94DED64B015C01409087089B
:1000D000509088086090890870908A08A301920166
:1000E0000E9459DF18161CF0102F011181C0F11069
:1000F0000AC2A3019201C501B4010E9459DF18167A
:100100000CF0DFC111E080E497E19F938F9382EEC2
:1001100095E19F938F931F920E945F5B0F900F90CA
:100120000F900F900F90112331F08FEB9FE9909378
:1001300054028093530211E05BC082E50E94A462E6
:10014000882309F454C00E946966AECF60E070E075
:10015000CB016CC00E94D8D687FF0FC08091D0041D
:10016000882321F01092D0040E94DBB1AA8DA093C5
:100170004D01AB96E2E10C94DADDCE8ADF8AE88E9F
:10018000F98E1F8EBCC0D1010D900020E9F7CD0182
:100190000197821993098431910508F0F1C0F101AA
:1001A000E80FF91FBFE3B0838331910509F4E8C07C
:1001B000E2E0F0E0EC0FFD1F8E0F9F1FDC011C92B0
:1001C000DFC020E030E040E450E4C501B4010E940B
:1001D00059DF18160CF025C12601370122C183E52D
:1001E0000E94A462082F8111AECFF110A6CF10E0BB
:1001F00083E50E94A462882331F00E94696690938F
:1002000046018093450182E40E94A462882331F074
:100210000E946966909348018093470186E40E949A
:100220002D62882309F492CF0E9478666093490179
:1002300070934A0180934B0190934C0121E02A8FE7
:1002400020E030E0A9010E94D8D6811101C01A8EA9
:100250003A8D30934D01FF2009F48BCF112309F41F
:1002600088CF10924D0181E08093D00418A219A28A
:100270001AA21BA21CA21DA21EA21FA280E09CE328
:10028000ACE1B6E488A799A7AAA7BBA780E090E055
:10029000A0E8BFEB8E8B9F8BA88FB98F1F8E412C50
:1002A000512C3201DE0111961D0160918B08709175
:1002B0008C08072E000C880B990B0E94DED66B0170
:1002C0007C012E893F89488D598D0E94D8D688237C
:1002D000B1F02091870830918808409189085091A9
:1002E0008A08C701B601011135CF0E94D8D6881FF0
:1002F0008827881F8F8FCE8ADF8AE88EF98E0E942A
:10030000E3BB6B017C018CA19DA1AEA1BFA18C19A7
:100310009D09AE09BF09181619061A061B06ACF18D
:10032000D701C60188519C4FAF4FBF4F8CA39DA3EF
:10033000AEA3BFA380E00E94FDBF45E150E063EDA6
:1003400075E1C1010E94D2D51D8A41145104610496
:10035000710409F418CFC301B201605F784D8F4F6B
:100360009F4F6C197D098E099F0928EE33E040E00C
:1003700050E00E9406DDBA01A901C1010E94C8BF78
:10038000C1010E9427BF0E943B7280E039D80E94C1
:10039000E3BB6093CC047093CD048093CE04909320
:1003A000CF048091870890918808A0918908B09126
:1003B0008A088B8F9C8FAD8FBE8F9C01AD016E899B
:1003C0007F89888D998D0E94F5DD4B015C0120E0CD
:1003D00030E0A9010E9459DF87FF04C0B7FAB0944A
:1003E000B7F8B094411451046104710409F0E9CEE6
:1003F00020E030E040E85FE3C501B4010E94D8D6B8
:1004000087FF0FC0412C512C3201112331F085E0C0
:10041000482E8DE0582E612C712C4C0C5D1C6E1CEE
:100420007F1C9F8D9923A9F188A199A1AAA1BBA1A5
:100430000097A105B10549F08C199D09AE09BF09C6
:10044000181619061A061B0624F12B8D3C8D4D8DAE
:100450005E8D68A579A58AA59BA50E94F5DD20E0A3
:1004600030E040EC5FE30E94D8D687FD77CED7011D
:10047000C601805A9541AF4FBF4F88A399A3AAA345
:10048000BBA38B8D9C8DAD8DBE8D88A799A7AAA788
:10049000BBA78091D004882309F460CE4114510495
:1004A0006104710461F0C418D508E608F70890E10A
:1004B000C91697E2D906E104F10408F04FCE10E026
:1004C000F4CE87ED95E19F938F9382EE95E19F9314
:1004D0008F931F920E945F5B0F900F900F900F9071
:1004E0000F9023CE80E497E19F938F9382EE95E166
:1004F0009F938F931F920E945F5B0F900F900F90BE
:100500000F900F9018CEA3019201C501B4010E9473
:1005100059DF18163CF310E087ED95E1F6CDA6E61D
:10052000B0E0E5E9F2E80C94BEDD80918702888BAB
:100530008091C3049091C404A091C504B091C604F5
:10054000AC01BD01E6E17695679557954795EA952B
:10055000D1F740FFF1C020E030E0A90160918802AE
:100560007091890280918A0290918B020E94D8D664
:10057000811107C00E9428728BE19EE00E94D87111
:10058000F5C08AE50E94A4628823E9F00E9478669B
:100590006B017C0120E030E040E251ECC701B60184
:1005A0000E9459DF87FD0AC020E030E040E251E4BC
:1005B000C701B6010E94D8D6181674F40E9428729A
:1005C0008EE09EE0DBCFC0904A08D0904B08E090D0
:1005D0004C08F0904D08DECF40E050E060EC7FE743
:1005E00088E50E94A4664B015C0140E050E060ECAD
:1005F0007FE789E50E94A4662B013C016FEF89E447
:100600000E943F66182F6FEF8AE40E943F66082F12
:10061000A5019401C501B4010E941DE0811159C0DA
:10062000A3019201C301B2010E941DE0811151C0DA
:1006300020917602309177024091780250917902B0
:10064000C501B4010E94F5DD209188023091890234
:1006500040918A0250918B020E946DDE20E030E0D2
:1006600040E05FE30E94F6DD0E94D5DE4B015C01B5
:10067000162F20917A0230917B0240917C0250919A
:100680007D02C301B2010E94F5DD20918C02309100
:100690008D0240918E0250918F020E946DDE20E00B
:1006A00030E040E05FE30E94F6DD0E94D5DE062FD9
:1006B000082C000C990897FC37C023E0821691049F
:1006C000ACF5062E000C770B77FD32C06330710558
:1006D0008CF5133008F04AC0033008F047C080E0C2
:1006E0000E94EC6A812F012E000C990BFC01EE0F89
:1006F000FF1FE80FF91FE00FF11D07FDFA95EE0F40
:10070000FF1FEE0FFF1FE057FD4FC082D182E28234
:10071000F3820E94EA6D8889882341F181E00E947A
:10072000EC6A0E94702A22C010E0CBCF12E0C9CF41
:1007300000E0CFCF02E0CDCF29E0B695A795979501
:1007400087952A95D1F780FD0CC070E060E086E5C2
:100750000E946C669A838983059768F089EE9DE014
:100760000DCF80E00E94EC6A0E946B6ECA59DF4F89
:10077000E2E10C94DADD60E084E40E9458668F8741
:1007800040E050E0BA018AE50E94A4666BA77CA70E
:100790008DA79EA740E050E669EF75E483E50E94CF
:1007A000A46620E030E040E752E40E946DDE6B0179
:1007B0007C0120E030E040E752E40E94D8D687FD7B
:1007C000C4C2C0925E01D0925F01E0926001F092DB
:1007D0006101E090E108F090E208D7018D909D90D2
:1007E000AD90BC9020E030E0A901C501B4010E94A9
:1007F000F6DD2B013C0120E030E040E251E40E94B4
:10080000D8D687FF06C0412C512CA0E26A2EA1E465
:100810007A2E20E030E040EA53E4C501B4010E94A2
:10082000F6DD6F966CAF7DAF8EAF9FAF6F9720E018
:1008300030E041E953E40E9459DF181654F480E097
:1008400090E0A1E9B3E46F968CAF9DAFAEAFBFAFC0
:100850006F97D70114968D909D90AD90BC9017978F
:1008600020E030E0A901C501B4010E94F6DD6B0172
:100870007C0120E030E040E251E40E94D8D687FFBE
:1008800006C0C12CD12CF0E2EF2EF1E4FF2E20E0C7
:1008900030E046E953E4C501B4010E94F6DDA396B9
:1008A0006CAF7DAF8EAF9FAFA39720E030E041E902
:1008B00053E40E9459DF181654F480E090E0A1E957
:1008C000B3E4A3968CAF9DAFAEAFBFAFA39788E460
:1008D0000E942D62882309F44FC20E9478660E940C
:1008E000D5DEA7966CAF7DAF8EAF9FAFA797A596CD
:1008F0006EAD7FADA59777FF02C06F5F7F4F759597
:1009000067957195619571096A567F4F072E000CA6
:10091000880B990B0E94DED64B015C01A701960162
:100920000E9459DF181614F475016401A3019201A5
:10093000C501B4010E9459DF181614F05301420199
:100940008B8A9C8AAD8ABE8ACF8AD88EE98EFA8E2F
:10095000A596AEADBFADA597BD01BB0F880B990B9A
:100960000E94DED62B013C01AC019B01C701B60100
:100970000E94F6DD6B017C01A3962CAD3DAD4EAD22
:100980005FADA3970E94D8D687FF06C0A396CCAED2
:10099000DDAEEEAEFFAEA397A3019201C501B40197
:1009A0000E94F6DD6B017C016F962CAD3DAD4EAD26
:1009B0005FAD6F970E94D8D687FF06C06F96CCAE0A
:1009C000DDAEEEAEFFAE6F976F968CAD9DADAEAD6A
:1009D000BFAD6F978B8F9C8FAD8FBE8FA3968CAD65
:1009E0009DADAEADBFADA3978F8F98A3A9A3BAA3BA
:1009F000BE01695E7F4FCE0143960E9417B48823E3
:100A000009F4EBC1BE01615E7F4FCE014B960E949F
:100A100017B4C82E882309F4E0C12F89388D498D79
:100A20005A8D6F8D78A189A19AA10E94F5DD20E0F1
:100A300030E040E05FE30E943DD74B015C012B8931
:100A40003C894D895E896B8D7C8D8D8D9E8D0E943C
:100A5000F5DD20E030E040E05FE30E943DD76BA38E
:100A60007CA38DA39EA38FA298A6A9A6BAA68981CE
:100A70009A81181619066CF485E99DE00E94D871D8
:100A80008F85882321F08BE89DE00E94D8710E9419
:100A90003B720E9448210E94E52880E00E94EC6A97
:100AA00080E090E0A0E2B1E467968CAF9DAFAEAF7E
:100AB000BFAF679740E061E0CE018D5A9F4F0E9423
:100AC000BA298F85811146C0209188023091890210
:100AD00040918A0250918B026BA17CA18DA19EA1B5
:100AE0000E94D8D6811130C020918C0230918D02A5
:100AF00040918E0250918F026FA178A589A59AA589
:100B00000E94D8D6811120C02091760230917702C0
:100B100040917802509179026B897C898D899E89F8
:100B20000E94D8D6811110C020917A0230917B02A8
:100B300040917C0250917D026F89788D898D9A8DCC
:100B40000E94D8D6882331F080E00E94EC6A0E948F
:100B50006B6E188A60E085E40E945866882309F469
:100B60003FC191E0A0969FAFA0971B861C861D8673
:100B70001E861A8A412C512C612C60EC762E1A8923
:100B800013300CF043C16B857C858D859E859B0160
:100B9000AC010E941DE0811139C1CC2009F425C1AE
:100BA000B1E0A496BFAFA497E3E06C96EFAF6C976B
:100BB00091E0C926D12EDD0CD10ED394898B59E654
:100BC000252E5DE0352E19896A896C963FAD6C97AC
:100BD000131709F417C1062E000C770B880B990B1D
:100BE0000E94DED62FA138A549A55AA50E943DD75F
:100BF0002F89388D498D5A8D0E94F6DD4B015C019D
:100C0000612F110F770B880B990B0E94DED62BA159
:100C10003CA14DA15EA10E943DD72B893C894D8905
:100C20005E890E94F6DD6B837C838D839E838F8239
:100C30009886A986BA8689819A81892B91F087E75F
:100C40009DE00E94D8718D2D0E94E66A85E79DE0A7
:100C50000E94D87189E00E94E66A82E79DE00E94C6
:100C6000D8711F9289E08F931F92DF928BE59DE0F0
:100C70009F938F933F922F921F920E945F5B80E021
:100C800090E0A0E2B1E467968CAF9DAFAEAFBFAF8E
:100C900067976B964CAE5DAE6EAE7FAE6B97DE0126
:100CA000AD5ABF4F7D018E01095A1F4F2981A09671
:100CB0004FADA097BE01695F7F4FCE0103960E94A2
:100CC0004BB54B015C018B869C86AD86BE860FB60C
:100CD000F894DEBF0FBECDBFAC019B010E941DE0AA
:100CE00081118DC0E9888E2DEE0C990B2A897C012B
:100CF000EE0CFF1CE80EF91EE20EF11C27FDFA9423
:100D0000EE0CFF1CEE0CFF1C21E030E02C0F3D1F11
:100D1000E20EF31EA50194016BA57CA58DA59EA5F1
:100D20000E94F6DDD7019E966D937D938D939C93E3
:100D3000D197188A81E00E94007AD3948989A49679
:100D4000BFADA4978B0F898B3ECF80E090E0A0E7EA
:100D5000B2E480935E0190935F01A0936001B09331
:100D60006101AC01BD018AEC9DE00E94187287EC24
:100D70009DE00E94D8712DCDB701A60186E40E94A6
:100D8000A4666B017C01B301A2018CE40E94A466FD
:100D90006B8B7C8B8D8B9E8BCF8AD88EE98EFA8E57
:100DA000A3964CAD5DAD6EAD7FADA39782E40E947E
:100DB000A4666B017C016F964CAD5DAD6EAD7FADF1
:100DC0006F9782E50E94A4666B8F7C8F8D8F9E8FBC
:100DD000CF8ED8A2E9A2FAA20BCE8BEA9DE0CECBB1
:100DE000A3E0A096AFAFA097C0CEFFEFA496FFAF51
:100DF000A4972FEF6C962FAF6C9782E0D9CE88899D
:100E00000E94EC6A8A898F5F8A8BB9CE0E94DBB11F
:100E100080E00E94DC6A882359F088890E94EC6A8D
:100E200080E090E0A0ECBFE78B879C87AD87BE8712
:100E30006B857C858D859E859B01AC010E941DE0A4
:100E4000811110C08F85882381F0CE018F960E947A
:100E5000D8788F85882319F08889882319F081E054
:100E60000E94EC6A0E94CC285CCCBE016D5E7F4F74
:100E7000CE0183960E94FE6D84E2FE01BF96A0E93A
:100E8000B2E001900D928A95E1F70E94EA6D90E040
:100E900080E0DDCFACE9B0E0E0E5F7E80C94BEDD42
:100EA000C456DF4F8883CC59D0402091A804C55741
:100EB000DF4F2883CB58D04081E08093A8048091F5
:100EC000CB048D3409F4B4C4843509F495C1873456
:100ED00091F48091C9049091CA048D31910509F46F
:100EE0002FC208F081C08430910509F4B8C130F4F4
:100EF000029708F400C10E94B3BF7EC185319105FD
:100F000009F47AC14C97B9F787E00E94392581111D
:100F100011C08091C3049091C404A091C504B09104
:100F2000C6045EE0B695A795979587955A95D1F733
:100F300080FD62C10E9448210E94E3BB6093CC0403
:100F40007093CD048093CE049093CF04109223012C
:100F500061E08CE40E945866382E80E00E94EC6AC2
:100F60000E94E52881E08093FF040E94912FC090A9
:100F7000C304D090C404E090C504F090C60449E1D5
:100F8000F694E794D794C7944A95D1F7C0FE0DC064
:100F900081E00E943925182F82E00E943925111125
:100FA0000C94679D11E0811101C010E08091C30491
:100FB0009091C404A091C504B091C60437E1B695E0
:100FC000A795979587953A95D1F780FF02C00C9425
:100FD000D69B112311F40C94D99B012F10E03C2DCA
:100FE0003170C32E0C94F09B8A35910509F411C41D
:100FF00078F58E31910509F406C28A9709F07BCF06
:1010000080910105833008F4F7C089E40E94A4624E
:10101000E82E00E0882319F00E946966082F8AE410
:101020000E94A462F82E10E0882319F00E946966DD
:10103000182FEE2011F0033030F4FF2009F4E3C242
:10104000133008F4E0C284E090E10E94D871D4C06B
:101050008B35910509F4E0C38C35910509F04BCF30
:1010600059EE252E51E0352E62E4E62E68E0F62E8C
:10107000C12CD12C10E0D1018D911D010E94A462E0
:10108000082F882351F10E9478662B013C01F7015B
:1010900020813181428153810E94F5DD4B015C0149
:1010A0002DEB37E346E855EB0E9459DF87FD0AC078
:1010B0002DEB37E346E855E3C501B4010E94D8D6CD
:1010C00018165CF4133011F0C02E0D2DD7014D927F
:1010D0005D926D927C921397D02E1F5FB4E0EB0E61
:1010E000F11C143041F6CC2009F49AC30E94372A2F
:1010F0000E94702A81C080910105833008F47CC071
:1011000069EEA62E61E0B62E79E5C72E72E0D72EE5
:10111000E2E4EE2EE8E0FE2E10E0D5018D915D01B7
:101120000E94A462882309F47EC00E9478662B0185
:101130003C01812F0E940662882359F0F70120812B
:10114000318142815381C301B2010E94F6DD2B013E
:101150003C01D6014D925D926D927C9213971F5F78
:10116000F4E0CF0ED11C24E0E20EF11C1330A9F6FE
:1011700085E40E94A462882309F460C00E94786616
:101180006B017C0183E00E940662882371F020914C
:101190004E0830914F084091500850915108C701B6
:1011A000B6010E94F6DD6B017C01C0926502D0920F
:1011B0006602E0926702F092680240E050E0BA01F5
:1011C00086E40E94A46620E030E0A9010E9459DF75
:1011D000181684F40E94786620E030E040E752E47C
:1011E0000E946DDE609316017093170180931801C1
:1011F000909319010E94C225C456DF4F9881CC59A3
:10120000D040911150C7E0911205A1E6EA9FF0018C
:101210001124EC58FA4F8081811145C78BE995E183
:101220000E94D8713EC7F70180819181A281B3816C
:10123000F60180839183A283B38391CF80914E087E
:1012400090914F08A0915008B09151088093650289
:1012500090936602A0936702B0936802AECF80E5D8
:101260000E94A462C12CD12C7601882321F00E9417
:101270000E666B017C0183E50E94A462882361F005
:101280000E94786620E030E04AE754E40E943DD7AF
:101290000E94DADE6B017C010E944821C114D10456
:1012A000E104F10409F4A8CF8091270E811104C054
:1012B00082EB9FE00E94F2B20E94E3BB4B015C0113
:1012C0000E94E3BB681979098A099B096C157D05A1
:1012D0008E059F0508F090CF80E00E94007AF0CF45
:1012E0008DEC9FE00E94F2B20E942B728BEB9FE08C
:1012F0000E94D8710E94372A8091FE048093FF04D7
:10130000CC2079F06091D80680E090E0A0E2B1E4D2
:1013100089839A83AB83BC8341E0CE0101960E940E
:10132000BA29332019F081E00E94EC6A0E94CC288F
:1013300083E080935D010E94702A5ECFC82EDACFD1
:101340000E94E3BB6093CC047093CD048093CE04E1
:101350009093CF0480918702811143C08091C30490
:101360009091C404A091C504B091C604FDE0B69567
:10137000A79597958795FA95D1F780FF3DC0C090C6
:10138000DE06D090DF060EED1FE06AE070E0C801D7
:101390000E94C0D57C01801B910BE114F10419F46B
:1013A000C8010E94E6D51982A2961FAEA297AC0191
:1013B0008036910514F040E650E04F5F5F4FB80172
:1013C000CE0101960E94D2D5CE0101960E948B6972
:1013D00081E060DDE114F10461F087010F5F1F4FD0
:1013E000D4CF60E08FE40E945866882309F4B6CF1A
:1013F00003CFC6010E948B6987E00E948B5B81113D
:10140000FBCE8DD8F9CE88E0E2E4F8E0DE01AE59FB
:10141000BF4F01900D928A95E1F788E50E94A46282
:10142000882341F00E947866A6966CAF7DAF8EAFA0
:101430009FAFA69789E50E94A462882341F00E948D
:101440007866AA966CAF7DAF8EAF9FAFAA97E2E6A3
:10145000CE2ED12CCC0EDD1EF4E0CF0ED11CB60169
:10146000CE018E599F4F0E9417B4882309F4C0C043
:1014700080E00E94EC6A0E94E52861E085E40E9419
:10148000586640E050E060E271E449835A836B8320
:101490007C8340E050E060E070ECAE964CAF5DAF16
:1014A0006EAF7FAFAE979E012F5F3F4F79018E01E8
:1014B00006591F4F20E0482FB601CE018E599F4F8D
:1014C0000E944BB56B017C01AC019B010E941DE0A9
:1014D000811175C0A6964CAC5DAC6EAC7FACA69786
:1014E000AA968CAC9DACAEACBFACAA974FE150E0D5
:1014F0006DEF7FE0CE0101960E94D2D5E8964CAE0A
:101500005DAE6EAE7FAEE89782E0E9968FAFE99769
:10151000BE016C587F4FCE0101960E94E0658C01A0
:10152000DC010D900020E9F7CD010197801B910BA4
:101530008E31910550F44FE150E0481B590B69EF93
:101540007FE0800F911F0E94D2D5E3968CAE9DAEB6
:10155000AEAEBFAEE39782E0E4968FAFE497BE01F4
:1015600061597F4FC8010E94E0658C01AE96CCAEF8
:10157000DDAEEEAEFFAEAE9783E0AF968FAFAF9726
:10158000F80101900020E9F7CF010197801B910B32
:101590008E31910550F44FE150E0481B590B65EF37
:1015A0007FE0800F911F0E94D2D5BE0166597F4F08
:1015B000C8010E94E065CE0101960E9431250E947B
:1015C000CC2819821A821B821C8262E670E06C0FA2
:1015D0007D1F6C5F7F4F9E012F5F3F4F4AE458E0B5
:1015E000CE018E599F4F0E9404290E94702A04CE7A
:1015F00084EE9FE00E94D8710E943B7284EE9FE0CF
:101600000E94F2B2F9CD80E1E2E4F8E0A9E5B2E0AF
:1016100001900D928A95E1F7EE2011F1602F70E0B4
:1016200090E080E00E94DED620918802309189020D
:1016300040918A0250918B020E943DD72091760200
:101640003091770240917802509179020E94F6DD44
:101650006093590270935A0280935B0290935C02EC
:10166000FF2011F1612F70E090E080E00E94DED653
:1016700020918C0230918D0240918E0250918F0208
:101680000E943DD720917A0230917B0240917C02EA
:1016900050917D020E94F6DD60935D0270935E02C0
:1016A00080935F02909360028091C3049091C40480
:1016B000A091C504B091C6047FE0B695A795979513
:1016C00087957A95D1F780FF38C0EE20D1F0E09170
:1016D000E108F091E20820813181428153816091DB
:1016E000590270915A0280915B0290915C020E94B3
:1016F000F5DD6093590270935A0280935B029093D8
:101700005C02FF20D1F0E091E108F091E208248131
:1017100035814681578160915D0270915E028091B2
:101720005F02909160020E94F5DD60935D0270930C
:101730005E0280935F029093600240E050E0BA0145
:1017400086E40E94A4666B017C0120E030E0A901E0
:101750000E9459DF18160CF058C020E030E040E736
:1017600052E4C701B6010E946DDE6B017C018090DE
:10177000160190901701A0901801B09019010091E6
:1017800014011091150184E690E090931501809367
:101790001401409064015090650160906601709062
:1017A000670180E090E0A0E8BFE38093640190933C
:1017B0006501A0936601B093670120E030E0A901C4
:1017C000C701B6010E94D8D6882341F0C092160105
:1017D000D0921701E0921801F09219010E94C225DF
:1017E00040926401509265016092660170926701B7
:1017F0001093150100931401809216019092170125
:10180000A0921801B0921901F7CCC12CD12C76010D
:10181000AECF1092920EF0CC8FE08093920EECCC73
:10182000DD2009F465CC8EE498E00E94892360CC29
:101830008091C9049091CA048C38910509F40AC5B5
:1018400008F098C18936910509F424C408F03CC118
:101850008D34910509F413C408F0E5C08231910577
:1018600009F439C508F06EC08230910508F428C328
:10187000419709F040CB0E941C62882309F492C36F
:101880000E947B620091B502102F1095182309F475
:10189000B3CCF12CE12CD12CA12EB12CC5010E2CF6
:1018A00002C0959587950A94E2F780FF08C08E2DB7
:1018B0000E94571CF701E351FE4F8081D82A3FEF69
:1018C000E31AF30A43E0E416F10441F713FF05C0FD
:1018D0000E94201C5D2D5360D52E102B10951D21CC
:1018E00009F48ACC88E20E946471F12CE12CC12EAB
:1018F000D12CC6010E2C02C0959587950A94E2F76B
:1019000080FF09C0F701E751FE4F80810E9464719A
:1019100080E20E9464718FEFE81AF80A93E0E916FA
:10192000F10439F713FF09C085E40E94647180E374
:101930000E94647180E20E94647180E390E10E94E1
:10194000D8715ACC8B34910509F483C308F084C351
:101950004F9709F0D0CA0E9466336B017C0120E8E2
:1019600031E541E050E00E9406DDC9016DE671E01D
:101970000E947CDD4B015C01C701B60120E13EE025
:1019800040E050E00E9406DDCA01B90128E130E0E4
:1019900040E050E00E9406DD2B013C011B01C70125
:1019A000B6012CE330E040E050E00E9406DD6B0120
:1019B0007C01CA01B9012CE330E040E050E00E9414
:1019C00006DD8E010F5F1F4F8114910409F4FAC2E6
:1019D000DF92CF927F936F935F924F92BF92AF92BD
:1019E0009F928F9280E790E19F938F931F930F9325
:1019F0000E9471D60FB6F894DEBF0FBECDBF8091A6
:101A00004108811104C060E0C8010E94385B0E9457
:101A10002B7284E890E10E94D871C8010E9427BF10
:101A20000E943B72E9CB8435910509F454C4E8F473
:101A30008235910509F43FC408F045C4813591050C
:101A400009F059CA0E9459211092FC060E94DAC17D
:101A50000E94D53368EE73E080E090E00E94C16E92
:101A600085EC90E10E94F2B2C7CB8C35910509F468
:101A7000E9C48836910509F405C38535910509F057
:101A80003ACA83E50E942D62882309F4BDC40E94EE
:101A9000E3BB6093CC047093CD048093CE04909309
:101AA000CF040E94786620E030E04AE754E40E94C8
:101AB0003DD70E94DADE6093A4047093A50480935E
:101AC000A6049093A70498CB8137910509F4A1C38C
:101AD000E8F48D36910509F4D9C258F48B36910596
:101AE00009F425C308F4EBC2109251021092D004FD
:101AF00083CB8F36910509F440C308F421C341E03C
:101B000070E060E080EB90E10E94387986379105C3
:101B100009F4EAC5F0F48337910509F41FC508F408
:101B200015C58537910509F0E6C98091C7049091E4
:101B3000C804009709F4D4C5DC012C91222309F4D0
:101B4000CFC520914108211157CB60E00E94385B3E
:101B500053CB8837910509F404C608F4FEC58937CC
:101B6000910509F0C8C91092FF041092FE040E946A
:101B7000912F42CB8E32E1E09E0711F40C94D39763
:101B800008F095C08D3C910509F439C7E0F5883C13
:101B9000910509F458C6D8F48B39910509F464C34A
:101BA0008E3B910509F45BC38139910509F0A3C906
:101BB00070E060E083E50E946C66823008F4DAC56C
:101BC0000E94287281EC93E10E94D87115CB8B3C66
:101BD000910509F491C608F0BDC6893C910509F04C
:101BE0008AC98091C30484FD63C68091C504887846
:101BF00009F05EC68091C604837009F059C681E081
:101C00000E947578F9CA8D3D910511F40C94809667
:101C1000F0F4833D910509F47DC78C3D910511F4E5
:101C20000C943A968E3C910509F065C98091C304E5
:101C30009091C404A091C504B091C604892B8A2B4D
:101C40008B2B09F049C781E00E94A977D5CA82325F
:101C500021E0920711F40C94F1968D3231E0930754
:101C600011F40C943E978831914009F044C980E505
:101C70000E94A462882309F4BFCA0E9469668C018D
:101C8000892B11F00C94E49683E50E94A4628823CA
:101C900011F40C94C8960E94696697FF02C00C94D8
:101CA000C296BC0182ED98E00E941B6FA5CA853ADE
:101CB00051E0950711F40C94449A78F58139B1E01C
:101CC0009B0711F40C94289880F48033F1E09F076F
:101CD00011F40C94899710F40C9424988039914055
:101CE00009F009C90E94482187CA8A3941E094074E
:101CF00009F48BC2843A51E0950711F40C9437989B
:101D00008239914009F0F7C860E082E50E94586688
:101D10000E94DC6A0E94702A6FCA863FB1E09B076E
:101D200011F40C94D69A08F0AAC0843FF1E09F0702
:101D300011F40C94CE9A10F00C94D29A8C3A9140F3
:101D400009F0D9C887E00E948B5B811155CA8FE0EA
:101D5000C82E88E0D82E92E4292E98E0392E8E01E4
:101D60000F5F1F4FF12CE12CC6010E94D66AF101D2
:101D700081909190A190B1901F01A50194010E94C2
:101D8000F5DD2B013C01D8014D925D926D927C9264
:101D9000139720E030E040EA51EC0E9459DF87FDC4
:101DA0000AC020E030E040EA51E4C301B2010E94E1
:101DB000D8D618167CF4F701E15BF64DE4911E16B7
:101DC0004CF4B7FAB094B7F8B094F80180829182DD
:101DD000A282B382D8018D909D90AD90BC9020E0FE
:101DE00030E040EA51ECC501B4010E9459DF87FFA1
:101DF00002C00C94BE9A20E030E040EA51E4C501F4
:101E0000B4010E94D8D6181614F40C94BE9ABFEFF1
:101E1000EB1AFB0AE4E0CE0ED11C0C5F1F4FF3E07F
:101E2000EF16F10409F0A0CF89819A81AB81BC81C2
:101E30008093020590930305A0930405B0930505D4
:101E40008D819E81AF81B8858093060590930705AB
:101E5000A0930805B093090589859A85AB85BC8553
:101E600080930A0590930B05A0930C05B0930D0584
:101E70000E94702A8CE095E10E94F2B2BDC9883FB1
:101E800041E0940711F40C94E49A10F40C94DA9A5B
:101E90008335A3E09A0711F40C94F29A873E93409D
:101EA00009F029C883E0809301051092410860E0A1
:101EB00083E50E94586681119FC90E94FAB29CC9AD
:101EC00080E50E94A462C12CD12C7601882321F0E8
:101ED0000E940E666B017C0183E50E94A462882348
:101EE00061F00E94786620E030E04AE754E40E9406
:101EF0003DD70E94DADE6B017C010E94482180916F
:101F0000C7049091C804009739F12091410821112C
:101F100003C060E00E94385B1091A80483E08093C6
:101F2000A80481E080935102C114D104E104F104BA
:101F300031F00E94E3BBC60ED71EE81EF91E809149
:101F400051028823E9F0C114D104E104F10449F4F9
:101F500080E00E94007AF3CF8DE190E10E94F2B21E
:101F6000DBCF0E94E3BBA7019601261B370B480B72
:101F7000590BDA01C901181619061A061B0644F393
:101F8000109251028091520282FF07C062E370E01A
:101F900080E090E00E94C16EF5CF1093A8040E94EB
:101FA000DBB12AC98FE390E10E94F2B280E00E9487
:101FB000571C81E00E94571C82E00E94571C0E941F
:101FC000201C1AC9A114B10489F0DF92CF927F932B
:101FD0006F935F924F92BF92AF9280E690E19F9392
:101FE0008F931F930F930E9471D604CD4114510417
:101FF00079F0DF92CF927F936F935F924F9284E557
:1020000090E19F938F931F930F930E9471D6F2CC10
:102010006115710569F0DF92CF927F936F938CE425
:1020200090E19F938F931F930F930E9471D6E2CC00
:10203000DF92CF9288E490E19F938F931F930F9349
:102040000E9471D60F900F900F900F900F900F90ED
:10205000D6CC0E94B333D0C880915408813009F0A7
:10206000CBC882E0809354080E94E3BB6093550282
:10207000709356028093570290935802BDC80E94F5
:10208000D533BAC880E00E943080B6C881E00E9493
:102090003080B2C881E990E10E94D87180E00E944E
:1020A000FDBF0E943B72C557DF4FB881CB58D0406F
:1020B000B093A804C456DF4FE2E10C94DADD60E08F
:1020C00080E50E943F66811197C88091C30490917A
:1020D000C404A091C504B091C6046091FC06062F0B
:1020E00010E080FD02C00FEF10E089E40E94A462BE
:1020F000882311F40C94539D0E942E6690E01816CC
:10210000190614F481E090E026E0289FF001299F51
:10211000F00D1124EB53F94F048115810F3F110588
:1021200019F010F00FEF10E00093FC0665C860E0B6
:1021300080E50E943F6681115FC81092FC065CC872
:102140008EE40E94A462882359F00E941E66609368
:10215000DA077093DB078093DC079093DD074CC8A8
:102160004091DA075091DB076091DC077091DD0741
:1021700084E990E10E947E723FC883E50E94A462D8
:10218000882321F00E942E6680930F070E942B72F5
:1021900089EA90E10E94D87180910F07882381F12C
:1021A0004FE9E42E40E1F42E10E000E020E0F701DA
:1021B000C590D490C114D104B9F080910F0790E07C
:1021C000002E02C0959587950A94E2F780FF0CC017
:1021D000BB24B394B20E222319F08CE20E946471E6
:1021E000C6010E94D8712B2D0F5F1F4F52E0E50EE4
:1021F000F11C05301105D9F60E943B720C94FC8845
:102200008BE990E10E94D871F7CF0E94502A0C947C
:10221000FC8883E50E94A462882369F00E942E66F0
:102220008D3320F480933D010C94FC888CE38093E3
:102230003D010C94FC880E942B7210913D018EEBA5
:1022400090E10E94D871812F0E94E66A0E943B7241
:102250000C94FC8880E00E94517E0C94FC8881E004
:102260000E94517E0C94FC8883E50E94A46288231E
:1022700011F40C94FC880E942E66182F8C3308F001
:102280008CE38093A3040E94E3BB6B017C01212FAC
:1022900030E0A8EEB3E00E9454DDC60ED71EE81E63
:1022A000F91EC0929F04D092A004E092A104F09283
:1022B000A2040C94FC888091920E8F7D80618093A3
:1022C000920E0C94FC888091920E8F7E8062809397
:1022D000920E0C94FC8883E50E94A4628823F1F09E
:1022E0000E94E3BB6093CC047093CD048093CE0432
:1022F0009093CF040E94786620E030E04AE754E4EF
:102300000E943DD70E94DADE60933E0170933F0148
:1023100080934001909341010C94FC880E941C62C0
:10232000882309F46DC00E9448210E947B62E82E38
:10233000F090B502F82211F40C94FC8810E000E053
:10234000C82ED12CAA24A394B12CC601002E02C001
:10235000959587950A94E2F780FF12C0802F0E941E
:10236000271C882369F0F801E351FE4F8081950115
:10237000002E01C0220F0A94EAF7822B8095F822E2
:102380000F5F1F4F0330110501F7E3FE07C00E94E6
:10239000121C882319F08F2D847FF82E10E000E0A6
:1023A000CF2CD12CC601002E02C0959587950A949A
:1023B000E2F780FF0FC0F801E751FE4F80810E94D5
:1023C0006471F801E351FE4F90818091B502892339
:1023D0000E94E5710F5F1F4F0330110519F7F3FCE1
:1023E00002C00C94FC8885E40E94647180E30E9422
:1023F00064718091B50283700E94E5710C94FC8831
:102400000E9459210C94FC886091A4047091A50449
:102410008091A6049091A70428EE33E040E050E0BC
:102420000E9406DD69017A018AED90E10E94D8716F
:10243000C701B6010E94EDB185ED90E10E94D8710F
:102440000C94FC888091C30484FD09C08091C5046C
:1024500087FD05C08091C604837009F472C099EEAF
:10246000C92E91E0D92E20E1E22E27E0F22E10E0D5
:10247000D6018D916D010E94A462882349F013302A
:1024800089F00E947866F701648B758B868B978B39
:102490001F5FF4E0EF0EF11C143051F70E941E2173
:1024A0000C94FC880E9478664B015C0120E030E0CF
:1024B00040EA51E40E94D8D687FF3AC0A5019401B2
:1024C0006091300770913107809132079091330706
:1024D0000E946DDE2B013C01AC019B016091400725
:1024E0007091410780914207909143070E943DD728
:1024F000609340077093410780934207909343078E
:102500006091F0067091F1068091F2069091F306C9
:102510000E94DCD6A30192010E943DD70E94DADE20
:102520006093F0067093F1068093F2069093F306A1
:102530008092300790923107A0923207B092330711
:10254000A7CF81E00E94BCB30C94FC880E94B1B27A
:1025500087EE98E00E948DC40C94FC8888ED92E18F
:102560000E94D8710E943B7260E088EC92E10E9468
:102570006A7260E083EB92E10E946A7261E08CEA29
:1025800092E10E946A7261E081EA92E10E946A72BD
:1025900060E082E992E10E946A7261E082E892E181
:1025A0000E946A7260E089E792E10E946A7261E0CB
:1025B0008FE692E10E946A7261E085E692E10E94F4
:1025C0006A7260E08EE592E10E946A7261E086E5DF
:1025D00092E10E946A7261E088E492E10E946A726C
:1025E00060E08AE392E10E946A7260E08BE292E12D
:1025F0000E946A7260E08DE192E10E946A7260E07E
:1026000087E092E10E946A7260E086EF91E10E94A9
:102610006A7260E081EE91E10E946A7260E082ED90
:1026200091E10E946A7260E08BEC91E10E946A7213
:1026300060E084EC91E10E946A7260E08BEB91E1D2
:102640000E946A7260E086EA91E10E946A7260E02C
:1026500088E991E10E946A7260E08EE891E10E944F
:102660006A7260E087E791E10E946A7260E08AE640
:1026700091E10E946A7261E087E591E10E946A72CD
:1026800060E08AE491E10E946A7260E085E491E191
:102690000E946A7261E088E391E10E946A7260E0E0
:1026A0008CE291E10E946A7260E088E191E10E940F
:1026B0006A7260E085E091E10E946A7260E08EE0FB
:1026C00095E00E940362682F61708CEF90E10E9498
:1026D0006A7260E08EEE90E10E946A720C94FC884F
:1026E0000E94DBB10C94FC880091C7041091C804CF
:1026F00094E0F12C40E09150F9F0F8018081282F0E
:102700002B7F213499F421812133B1F4813411F1EB
:10271000853409F441E098012E5F3F4F89012F5F16
:102720003F4FF80180818032C9F3E5CF803521F435
:10273000818180538A3078F341110E942B72FF20EF
:1027400021F08EEB93E10E94D871C8010E943125DF
:102750000C94FC88FF24F394DECF0E94532F0C943A
:10276000FC8881E08093FF048093FE040E94912FF7
:102770000C94FC888C01112788E40E94A4628823B1
:10278000E9F00E94696620912001309121018217B1
:10279000930754F00E94696624E031E0853091404F
:1027A0001CF40E9469669C0186E0809FF001819F75
:1027B000F00D1124EB53F94F3183208382E40E9402
:1027C000A4628823A9F00E946966059784F10E949B
:1027D00069668F36910574F50E94696626E0209F30
:1027E000F001219FF00D1124EB53F94F9383828365
:1027F00086E40E94A462882311F40C94FC880E9451
:10280000696697FD1AC00E9469668F3F910509F0BD
:10281000BCF40E94696626E0209FF001219FF00D24
:102820001124EB53F94F958384830C94FC8885E045
:1028300090E0D4CF8EE690E0D1CF90E080E0EBCF77
:102840008FEF90E0E8CF8091C30483FD09C08091B1
:10285000C5048C7029F481E00E94AD780C94FC884A
:102860001091820284E40E94A462082F8823A1F0C0
:102870000E9478666B017C0120E030E0A9010E9493
:10288000D8D6882399F0C0927E02D0927F02E0923F
:102890008002F0928102102F612F83E50E9458661A
:1028A000809382020E94D0150C94FC8880E0F8CFBF
:1028B00009EE11E0B0E1EB2EB7E0FB2E8DEEC82E55
:1028C00081E0D82ED8018D918D010E94A4628823C9
:1028D00059F00E9478660E94DADEF7016083718306
:1028E000828393830E94DA20F4E0EF0EF11CC0167D
:1028F000D10641F70C94FC888091C30484FD0DC07F
:102900008091C504887849F48091C604837029F4C5
:1029100081E00E944D780C94FC88A9EEEA2EA1E09B
:10292000FA2E10E000E0D7018D917D010E94A46293
:10293000882349F00E947866F801E05FF84F64A3AD
:1029400075A386A397A30C5F1F4F0031110559F79C
:102950000C94FC888091C40487FD09C08091C50453
:102960008E7029F481E00E942D780C94FC8883E518
:102970000E94A462882391F00E94786660934407C5
:1029800070934507809346079093470760934C07E1
:1029900070934D0780934E0790934F0780E50E94F8
:1029A000A462882351F00E94786660934407709374
:1029B0004507809346079093470782E50E94A462EB
:1029C000882351F00E947866609348077093490706
:1029D00080934A0790934B0784E50E94A462882362
:1029E00011F40C94FC880E94786660934C077093F5
:1029F0004D0780934E0790934F070C94FC8880916D
:102A0000C3049091C404A091C504B091C604892B5D
:102A10008A2B8B2B29F481E00E94F9770C94FC8897
:102A200082E40E94A462882351F00E940E666093A3
:102A3000200770932107809322079093230783E553
:102A40000E94A462882351F00E9478666093500728
:102A500070935107809352079093530784E50E9427
:102A6000A462882351F00E947866609354077093A3
:102A7000550780935607909357078AE40E94A462F3
:102A8000882311F40C94FC880E9478666B017C0109
:102A90002AE037ED43E25CE30E9459DF87FD14C072
:102AA0002AE939E949E95EE3C701B6010E94D8D6AF
:102AB000181654F0C092E006D092E106E092E206C9
:102AC000F092E3060C94FC880E94287283EE93E156
:102AD0000E94D8710C94FC8809EE11E0F2E0EF2E10
:102AE000F5E0FF2EF80181918F010E94A4628823F6
:102AF00041F00E947866D7016D937D938D939C93EE
:102B00001397B4E0EB0EF11CE1E00C3E1E0751F709
:102B10000C94788883E50E942D62882331F00E940E
:102B20004966809322010C94FC8810912201105D6B
:102B30008EE194E10E94D871812F0E94647180918E
:102B4000220101E81AE0811102C00DE71AE08AE1D2
:102B500094E10E94D871C8010E94D8710E943B7212
:102B600020912401309125014091260150912701A7
:102B7000ED962CAF3DAF4EAF5FAFED974090280183
:102B80005090290160902A0170902B0180902C01B7
:102B900090902D01A0902E01B0902F01C090300197
:102BA000D0903101E0903201F090330180913401F6
:102BB00090913501A0913601B0913701C358DF4F94
:102BC00088839983AA83BB83CD57D0402091380155
:102BD0003091390140913A0150913B01CF57DF4F7D
:102BE000288339834A835B83C158D04082E194E1D2
:102BF0000E94D871ED964CAD5DAD6EAD7FADED9799
:102C000082E094E10E941872B301A2018FE999E277
:102C10000E941872B501A4018CE999E20E94187211
:102C200080E194E10E94D87188E094E10E94D8711B
:102C3000B701A60182E094E10E941872C358DF4FE9
:102C4000488159816A817B81CD57D0408FE999E2D3
:102C50000E941872CF57DF4F488159816A817B816A
:102C6000C158D0408CE999E20E9418720E943B72D0
:102C70000C94FC888091C3049091C404A091C50475
:102C8000B091C60460911401709115010097A105DF
:102C9000B10551F48AE294E10E942E7287E294E138
:102CA0000E94D8710C94FC888C019D01E1E136955D
:102CB000279517950795EA95D1F700FF08C0209151
:102CC0004201309143013093150120931401B695D0
:102CD000A7959795879580FF04C0709343016093F3
:102CE000420183E50E94A462882311F40C94FC88BD
:102CF0000E94696690931501809314010C94FC88DE
:102D000083E50E94A462882331F10E946966909352
:102D10001B0180931A01BC01990F880B990B0E942B
:102D2000DED62AE037ED43E25CE30E943DD72091F6
:102D3000690230916A0240916B0250916C020E94CC
:102D40003DD7609364017093650180936601909311
:102D500067010C94FC880E942B7285E40E946471C8
:102D600080E30E94647160911A0170911B018EE2F0
:102D700094E10E942E7285E20E9464710E943B726F
:102D80000C94FC8882ED98E00E94FC6E0C94FC8808
:102D90000E942B7270E060E089E394E10E942E7241
:102DA00082ED98E00E94B0628C0186E394E10E947B
:102DB000D871B801012E000C880B990B0E944AB201
:102DC0000E943B720C94FC880E942872B80180E536
:102DD00094E10E942E7281E494E10E94D8710C94D7
:102DE000FC888AE50E94A462882331F10E947866FB
:102DF00020E030E040E050EC0E94D8D687FD2DC0A6
:102E00000E94786620E030E040E050E40E9459DF04
:102E1000181644F10E94786620912C0730912D07F6
:102E200040912E0750912F070E943DD70E94D5DE7A
:102E3000CB010E94E8B305C083E50E94A462811122
:102E4000D5CF8091C50487FD12C08091C6048370E0
:102E500071F40E942B720C94FC8860E070E080E0BA
:102E600090ECDACF60E070E080E090E4D5CF82E5CE
:102E70000E942D628111EDCF0C94FC888091C304D7
:102E800083FD09C08091C404817829F481E00E9407
:102E9000A5720C94FC8880E50E94A462882351F0FE
:102EA0000E94786660939F087093A0088093A108A1
:102EB0009093A20889E40E94A462882381F00E9472
:102EC000786621E732EB47E25EE30E943DD76093EC
:102ED000A3087093A4088093A5089093A60884E49F
:102EE0000E94A462882381F00E94786621E732EB79
:102EF00047E25EE30E946DDE6093A7087093A80826
:102F00008093A9089093AA0881E080938E080C947E
:102F1000FC888091C30483FD09C08091C40481783A
:102F200029F481E00E94C9770C94FC8880E50E9416
:102F3000A462882351F00E947866609377087093AA
:102F400078088093790890937A0889E40E94A462B3
:102F5000882381F00E94786621E732EB47E25EE346
:102F60000E943DD760937B0870937C0880937D0816
:102F700090937E0884E40E94A462882311F40C9448
:102F8000FC880E94786621E732EB47E25EE30E940C
:102F90006DDE60937F087093800880938108909322
:102FA00082080C94FC8883E50E942D62182F8823E8
:102FB00031F00E946966909321018093200180E5A1
:102FC0000E942D62811102C0112391F020912001F5
:102FD00030912101232B41F0882341F00E94496662
:102FE000809371020C94FC8881E0FACF80E0F8CFE6
:102FF0000E942B7200912001109121018091710299
:103000004BE5E42E44E1F42E811104C037E5E32EB4
:1030100034E1F32E82E794E10E94D871C7010E9447
:10302000D87181E694E10E94D871B801012E000C9C
:10303000880B990B0E944AB28EE594E10E94D871E8
:103040000E943B720C94FC880E94F3720C94FC88E2
:1030500060E082E50E9458669091D80691110C9428
:103060007888682F81E00E942F310C94788883E55E
:103070000E942D62182F882309F45EC10E944966C0
:10308000EA968FAFEA978091420890914308A09109
:103090004408B0914508C457DF4F88839983AA83B9
:1030A000BB83CC58D04020914608309147084091CE
:1030B000480850914908C057DF4F288339834A8315
:1030C0005B83C059D04080914A0890914B08A091F1
:1030D0004C08B0914D08CC56DF4F88839983AA8362
:1030E000BB83C459D040112341F0EA969FADEA97C3
:1030F000911103C080E00E94EC6A8091C30490911A
:10310000C404A091C504B091C60425E1B695A79565
:10311000979587952A95D1F79C01AD0121703327AA
:1031200044275527CB57DF4F288339834A835B8356
:10313000C558D04020E030E0A9016091880270912C
:10314000890280918A0290918B020E94D8D68823AE
:1031500009F4F8C083E40E942D62882309F4B7C003
:103160000E947866C856DF4F688379838A839B8381
:10317000C859D04000E9202E02E0302E810133E012
:10318000EE963FAFEE97412C512C88EC682E82ECE6
:10319000782EC12CD12C98ECE92E92E4F92EC75749
:1031A000DF4F19830883C958D04043E0CF57DF4F22
:1031B0004883C158D040C757DF4FA881B981C9584B
:1031C000D0408D909D90AD90BD90C757DF4FB98393
:1031D000A883C958D040A7019601C501B4010E9437
:1031E000D8D687FF02C075016401A3019201C50111
:1031F000B4010E9459DF181614F424013501CF5789
:10320000DF4FB881C158D040B150CF57DF4FB8839E
:10321000C158D040B111CFCFEE96EFADEE97E1504F
:10322000EE96EFAFEE97045F1F4FE111B8CFA30109
:103230009201C701B6010E94F6DD20E030E040E0D7
:103240005FE30E943DD7C856DF4F288139814A810C
:103250005B81C859D0400E94F6DD4B015C012DEB2B
:1032600037E346E855EB0E9459DF87FD0AC02DEB96
:1032700037E346E855E3C501B4010E94D8D61816D5
:1032800034F580E00E94EC6A13E0F12E8101B3E096
:10329000EB2ED8016D917D918D919D918D016D01E8
:1032A000B4E0CB1AD108A50194010E94F5DDF60126
:1032B0006083718382839383EA94E110EACFFA9466
:1032C000FCE02F0E311CF110E1CF0E94EA6DCB57CC
:1032D000DF4F288139814A815B81C558D040232B3B
:1032E000242B252B99F020E030E0A9016091880281
:1032F0007091890280918A0290918B020E94D8D6A7
:10330000882321F090E080E00E94D8788AE50E942E
:103310002D62882359F00E94786669837A838B83B3
:103320009C8360E0CE0101960E94196BEA968FADF6
:10333000EA970E94EC6A1DC030918702EA963FAF7F
:10334000EA97A1CEEA962FADEA9721110CC0CB5790
:10335000DF4F88819981AA81BB81C558D040892BD4
:103360008A2B8B2B99F20E942B7284EC94E10E94A1
:10337000D871EA963FADEA97332351F080918702E6
:10338000811106C00E94287285EA94E10E94D871DA
:103390000E942B728091870201E81AE0811102C01D
:1033A0000DE71AE087E994E10E94D871C8010E94F4
:1033B000D8710E943B720E942B728AE894E10E94AD
:1033C000D871C0908302D0908402E0908502F09082
:1033D000860220E030E0A901C701B6010E9459DF52
:1033E00018160CF04CC042E0C701B6010E946B7188
:1033F0008DE00E9464718AE00E946471209142080D
:10340000309143084091440850914508C457DF4F1C
:10341000688179818A819B81CC58D0400E94D8D61E
:1034200081110C947888209146083091470840918A
:10343000480850914908C057DF4F688179818A81D7
:103440009B81C059D0400E94D8D681110C947888B5
:1034500020914A0830914B0840914C0850914D08FA
:10346000CC56DF4F688179818A819B81C459D040D5
:103470000E94D8D681110C9478880C94FC8885E839
:1034800094E10E94D871BACF6FEF7FEF89E40E9478
:103490006C668C016FEF7FEF8AE40E946C667C01A2
:1034A0008AE50E94A462B12C811107C081E50E94C7
:1034B000A462B82E882309F402C3A02E81E0800FF5
:1034C000843008F053C09E2C81E08E0D843008F0CB
:1034D0004DC0102F0E9478662B013C01802E07FD05
:1034E000812C17FF02C0A2E0AA2E8E2DE7FCE12C52
:1034F00087FF02C0F2E09F2EA814A0F1FE2C882DB9
:1035000090E06C01CC0CDD1CC80ED91E9F1440F15C
:103510000F2D10E020E030E0A901BB2069F0F6019A
:10352000E00FF11FEE0FFF1FEE0FFF1FE057FD4FE3
:1035300020813181428153810C0D1D1D000F111F0F
:10354000000F111F00571D4FC301B2010E94F6DD8D
:10355000D8016D937D938D939C931397F394D6CF5D
:103560008394CACF0E94EA6D0C94FC880E94287252
:1035700083EF94E10E94D8710C94FC880E94287219
:103580008CE295E10E94D87141E061E08CE195E127
:103590000E94F85B0E94711B0C94FC880E94851DA0
:1035A0000C94FC880E9415310C94FC880E94A02F7A
:1035B0000C94FC8861E083E50E94586691E08927BD
:1035C0000E94721C0C94FC880E942B2F882311F4FB
:1035D0000C94FC880E942B7282E495E10E94D871C1
:1035E0000C94FC888091C50487FD09C08091C604B5
:1035F000837029F481E00E943D720C94FC88409015
:10360000D5085090D6086090D7087090D8082091BF
:10361000D9083091DA084091DB085091DC08ED962A
:103620002CAF3DAF4EAF5FAFED97C090DD08D090AF
:10363000DE08E090DF08F090E00888E50E94A462D0
:10364000182F882309F482C00E9478664B015C0120
:1036500020E030E046E953EC0E9459DF87FD0BC0C3
:1036600020E030E046E953E4C501B4010E94D8D619
:1036700018160CF06DC064ED7EEF89E895E10E94AC
:103680002E726CE271E084E895E10E942E7281E86E
:1036900095E10E94D87110E089E50E94A462882318
:1036A00041F10E9478664B015C0120E030E046E980
:1036B00053EC0E9459DF87FD0BC020E030E046E963
:1036C00053E4C501B4010E94D8D618160CF043C0CB
:1036D00064ED7EEF8FE695E10E942E726CE271E060
:1036E0008AE695E10E942E7287E695E10E94D871E4
:1036F00010E08AE50E94A4628823A1F10E94786606
:103700006B017C0120E030E040EA51EC0E9459DF7F
:1037100087FD0AC020E030E040EA51E4C701B6016D
:103720000E94D8D61816F4F46CEE7FEF85E595E18B
:103730000E942E7264E170E080E595E10E942E7295
:103740008DE495E10E94D8710C94FC8811E0A4CF1F
:1037500024013501A1CFED968CAE9DAEAEAEBFAECD
:10376000ED97C7CF112311F40C94FC884092D50833
:103770005092D6086092D7087092D808ED968CAD1A
:103780009DADAEADBFADED978093D9089093DA08AB
:10379000A093DB08B093DC08C092DD08D092DE086D
:1037A000E092DF08F092E0080C94FC8811110EC042
:1037B00011E08091C3049091C404A091C504B0911C
:1037C000C6040B2F017010130C94EF878C2D8170A1
:1037D000012F18130C94EF8711E001E0CC24C3945F
:1037E00082E50E94A462F82E60E070E080E291E43D
:1037F000F1100E947866E3966CAF7DAF8EAF9FAFFD
:10380000E397F11045C1F12E111103C0FC2C0111F9
:10381000F02E6091B40261111DC084E00E94392530
:1038200061E0811117C0E3962CAD3DAD4EAD5FADAB
:10383000E39760914A0870914B0880914C089091F1
:103840004D080E94F6DDE3966CAF7DAF8EAF9FAF63
:10385000E39760E0FF2051F040E0CE0181599F4F97
:103860000E94BA290E9450700E940B70112309F423
:1038700061C0002309F45BC0109242081092430813
:10388000109244081092450810924608109247087A
:1038900010924808109249080E94372A80E396E463
:1038A000A2EEB1E4AE968CAF9DAFAEAFBFAFAE9718
:1038B00087E299E20E94D66A20E030E040EC5FE3C4
:1038C0000E943DD7905869837A838B839C8383E2DF
:1038D00099E20E94D66A20E030E040EC5FE30E946B
:1038E0003DD79058A6966CAF7DAF8EAF9FAFA69791
:1038F0009E0126593F4F4AE458E0BE016F5F7F4F5B
:10390000CE018E599F4F0E9404290E94B632109218
:1039100042081092430810924408109245081092F1
:10392000460810924708109248081092490880E013
:103930000E946D31002319F081E00E946D31CC208E
:1039400011F40C947A898091C3049091C404A091DD
:10395000C504B091C60427E0B695A79597958795BD
:103960002A95D1F780FD8FC083E00E948B5B811187
:103970000C949E890E94372A80914A0890914B08A6
:10398000A0914C08B0914D0880936102909362021F
:10399000A0936302B09364020091E1081091E208E1
:1039A000D8012D913D914D915C9160E070E086E1F0
:1039B00093E40E94F5DD2B013C01409259025092A4
:1039C0005A0260925B0270925C02F8012481358198
:1039D0004681578160E070E086E193E40E94F5DD66
:1039E0004B015C0180925D0290925E02A0925F02A8
:1039F000B092600227E137EB41ED58EB0E9459DFAE
:103A000087FF02C00C94708923E030E046E953E45C
:103A1000C501B4010E94D8D6181614F40C9470890C
:103A200027E137EB41ED58EBC301B2010E9459DFAA
:103A300087FF02C00C94708923E030E040EA53E431
:103A4000C301B2010E94D8D6181614F40C947089E0
:103A5000A6961CAE1DAE1EAE1FAEA69788E0E9E589
:103A6000F2E0DE01119601900D928A95E1F79E0138
:103A70002E593F4F4AE458E0BE016B5F7F4FCE01A5
:103A800001960E94042982E00E946D310C947A898B
:103A900020E030E0A9010E94D8D6882309F4E2CEC4
:103AA000FF24F394C0CE83E50E94A462882311F41E
:103AB0000C948E900E941E668B010C948E900E9436
:103AC000287283ED94E10E94D8710C94FC888823BD
:103AD00009F46ECE81CEFC0120818091590890912D
:103AE0005A08922728E0AC01880F991F57FD07C09C
:103AF0002150C9F790935A08809359080895F1E22C
:103B00008F27F0E19F27F4CFFC01808108953FB714
:103B1000F8948091400F9091410FA091420FB09185
:103B2000430F26B5A89B05C02F3F19F00196A11D94
:103B3000B11D3FBFBA2FA92F982F8827BC01CD01F7
:103B4000620F711D811D911D42E0660F771F881F56
:103B5000991F4A95D1F70895B0E0A0E0E2EBFDE9A6
:103B60000C94C6DD6C017B018B01040F151FEB016A
:103B70005E01AE18BF08C017D10759F06991D60190
:103B8000ED91FC910190F081E02DC6010995892B02
:103B900079F7C501CDB7DEB7EAE00C94E2DD089510
:103BA00080E00895FC018491882321F0823011F097
:103BB00083E0089586E00895EF92FF920F931F939C
:103BC000CF93DF93EC01162FEC80FD80F701049179
:103BD000C701E8DFA82F013039F10FEF2C813D81BB
:103BE000F9013A9644913196549133976491319604
:103BF00084911136D8F070E0762F6627860F972FC4
:103C0000911D009799F08E0D9F1D41E6511720F5EB
:103C1000188A1B8A1C8A198A1A8A90E080E0CDB71C
:103C2000DEB7E6E00C94E6DD0FE0D8CFF90136967A
:103C3000649131968491113460F070E0762F66279C
:103C4000860F972F911D009721F08E0D9F1D41E447
:103C5000DDCFC7014196DACF5417D0F2B0E0FC01B6
:103C600064916F3F29F40196451791F24F5FF7CFAA
:103C7000411333C0F9012491AC014F5F5F4FFC0148
:103C8000222311F0223091F424912B8BFA014491DC
:103C90004C8BFC013396E491E88BFC013496E49163
:103CA000E98BFC013596E491EA8BB9CF2491322F50
:103CB0003F7032503A8B22952F70298BFA01449134
:103CC000242F2F702C8B42954F704B8BFC0132961A
:103CD000E491E295EF70E88BA2CF32966491602375
:103CE0006A0F7B2F711D860F971FBECF81E008954D
:103CF0004F925F926F927F928F929F92AF92BF92FC
:103D0000CF92DF92EF92FF92CF93DF9300D000D05B
:103D100000D0CDB7DEB7DC010D90BC91A02DBE83E5
:103D2000AD8314964D905D906D907C90179718968A
:103D30006D917C91072E000C880B990B0E94DED6AA
:103D40006B017C0120E030E0A9010E94D8D68823D5
:103D500081F0A3019201C701B6010E94F5DD6B015C
:103D60007C0120E030E040EA51EC0E94D8D687FF89
:103D700008C081E0ED81FE818387C12CD12C7601C2
:103D8000B7C020E030E040EA51E4C701B6010E942C
:103D900059DF181664F481E0AD81BE811B968C93C7
:103DA000C12CD12C9FE7E92E93E4F92EA1C0ED811F
:103DB000FE818385882349F0148A158A168A178A1A
:103DC000108E118E128E138E1386AD81BE815C967D
:103DD0002D913D914D915C915F97C701B6010E9475
:103DE0003DD769837A838B839C83ED81FE81608BD1
:103DF000718B828B938B20A131A142A153A1C7016A
:103E0000B6010E943DD7AD81BE8154962D913D9162
:103E10004D915C9157970E94F6DD6B017C0120E08B
:103E200030E0A9010E94D8D687FD9AC020E030E09A
:103E30004FE753E4C701B6010E9459DF18160CF48E
:103E400093C0ED81FE81C48AD58AE68AF78A808C88
:103E5000918CA28CB38CA3019201648575858685B3
:103E600097850E94F5DDAD81BE8194962D913D919F
:103E70004D915C9197970E943DD7A50194010E94B6
:103E8000F5DD20ED3CEC4CE45DE30E943DD7A5015F
:103E900094010E94F6DD4B015C01ED81FE81808E74
:103EA000918EA28EB38EA701960169817A818B8152
:103EB0009C810E94F6DDA50194010E94F6DD20E0C0
:103EC00030E0A9010E94F6DD6B017C0120E030E0CA
:103ED000A9010E94D8D687FD50CF20E030E04FE7FF
:103EE00053E4C701B6010E9459DF18160CF458CFED
:103EF000AD81BE811C964D925D926D927C921F9712
:103F000020E030E0A901C701B6010E94D8D687FDA4
:103F100032C020E030E04FE753E4C701B6010E9411
:103F200059DF181634F4C12CD12C8FE7E82E83E426
:103F3000F82EC701B60126960FB6F894DEBF0FBE65
:103F4000CDBFDF91CF91FF90EF90DF90CF90BF90EA
:103F5000AF909F908F907F906F905F904F9008955B
:103F6000C12CD12C76016DCFC12CD12C2FE7E22EA4
:103F700023E4F22E66CFC12CD12C7601DACFCF9379
:103F8000DF93C0918B08D0918C0881E0CE31D105B0
:103F9000E4F020E030E040E05FE36091870870915A
:103FA00088088091890890918A080E94F6DD0E9415
:103FB000D5DE6C1B7D0B77FF03C071956195710990
:103FC00081E0633071050CF080E0DF91CF910895BE
:103FD000B0E0A0E0EEEEFFE90C94C4DDB4E4A0E0B4
:103FE0006A2F70E0AB014B0F511D5595479541115C
:103FF00011C0EBECF6E265917491072E000C880B72
:10400000990B0E94DED6CDB7DEB7ECE00C94E0DD74
:10401000B42FE8CFA41711F0B41303C0E7EDF7E213
:10402000EACF9A0121503109220F331F220F331F8B
:10403000F901E753F94DE590F490F901E353F94D97
:10404000C591D4918E159F0518F3A42FC817D907D1
:1040500008F4C6CFF901E553F94D05911491F90122
:10406000E153F94DC590D4908E199F09BC0190E0A1
:1040700080E00E94DCD64B015C01B601601B710B35
:10408000072E000C880B990B0E94DED69B01AC0119
:10409000C501B4010E943DD74B015C01CE19DF0977
:1040A000BE0190E080E00E94DCD69B01AC01C5011E
:1040B000B4010E946DDE6B017C01B801012E000C81
:1040C000880B990B0E94DED69B01AC01C701B6019B
:1040D0000E94F6DD98CF0F931F9320914401203169
:1040E00048F0F4E09695879577956795FA95D1F71E
:1040F00022952F70243048F0E2E0969587957795C9
:104100006795EA95D1F726952695223020F0969569
:10411000879577956795611528E072078105910568
:10412000C8F081114BC023E0729FA0011124405BB5
:104130005E4DFA0125913491FA013296E4916E9F19
:10414000412D1124000C411DC901841B91091F91AF
:104150000F910895613271058105910550F160520A
:104160007109810991098B019C0183E0369527959E
:10417000179507958A95D1F7000F111F000F111F92
:10418000005B124EF80125913491F8013296459169
:1041900054916770649FC001659F900D112443E0A6
:1041A000969587954A95E1F7A901481B590BCA01D5
:1041B000CECFE0E5FDE185919491C9CF8EE190E00D
:1041C000C6CFB0E0A0E0E7EEF0EA0C94C4DDB4E4C2
:1041D000A0E06A2F70E0AB014B0F511D559547953C
:1041E000411111C0EBECF6E265917491072E000CC1
:1041F000880B990B0E94DED6CDB7DEB7ECE00C94AD
:10420000E0DDB42FE8CF4A1711F0B41303C0E7ED97
:10421000F7E2EACF9A0121503109220F331F220F12
:10422000331FF901E753F94DE590F490F901E35399
:10423000F94DC591D4918E159F0518F3A42FC81779
:10424000D90708F4C6CFF901E553F94D059114914A
:10425000F901E153F94DC590D4908E199F09BC0125
:1042600090E080E00E94DCD64B015C01B601601B4F
:10427000710B072E000C880B990B0E94DED69B0158
:10428000AC01C501B4010E943DD74B015C01CE19C0
:10429000DF09BE0190E080E00E94DCD69B01AC010A
:1042A000C501B4010E946DDE6B017C01B801012ED5
:1042B000000C880B990B0E94DED69B01AC01C70154
:1042C000B6010E94F6DD98CFA4E1B0E0EAE6F1EA9B
:1042D0000C94CADD7C01FB01608171818281938134
:1042E0008E010F5F1F4F22E041E00E940FD2F701C5
:1042F00001900020E9F79F01215031092E193F0953
:104300002233310550F443E350E0421B530BBC0110
:10431000C701820F931F0E9421D6C7016496E6E071
:104320000C94E6DDA3E0B0E0E8E9F1EA0C94CEDD20
:1043300000C000C08CEA98E09A8389831B82CE017A
:1043400001960E94C43281113AC0459A8FEF809342
:10435000930E8CEA98E09A83898381E08B83CE0167
:1043600001960E94C43281112DC0479A8FEF80932D
:10437000940E8CEA98E09A83898382E08B83CE0145
:1043800001960E94C432882301F12A9A81E0809329
:10439000950E8CEA98E09A83898383E08B83CE0123
:1043A00001960E94C432882399F0289881E0809376
:1043B000960E00C000C02396E2E00C94EADD45981A
:1043C00081E0C5CF479881E0D2CF2A988FEFDFCF29
:1043D000289A8FEFECCFABE7B0E0E1EFF1EA0C9475
:1043E000BEDD7C018B0169965FAF4EAF699720916E
:1043F0002407309125074091260750912707DC01BB
:104400006D917D918D919C910E943DD70E945EDFC0
:10441000E3966CAF7DAF8EAF9FAFE39720912807F7
:104420003091290740912A0750912B07F7016481A9
:104430007581868197810E943DD70E945EDFE79655
:104440006CAF7DAF8EAF9FAFE79720912C07309177
:104450002D0740912E0750912F07D70118966D9187
:104460007D918D919C911B970E943DD70E945EDFAC
:10447000EB966CAF7DAF8EAF9FAFEB97209130077F
:10448000309131074091320750913307F70164852D
:104490007585868597850E943DD70E945EDFAF9621
:1044A0006CAF7DAF8EAF9FAFAF9780910F0783FF4B
:1044B0000EC0AF962CAD3DAD4EAD5FADAF97209326
:1044C000F3083093F4084093F5085093F608D801A8
:1044D0008D919D910D90BC91A02D23968CAF9DAF99
:1044E000AEAFBFAF23979091E6088091E50889179A
:1044F00038F0891B8F3031F480E00E94007AF3CFCE
:10450000805FF7CF8091E5080E94F75DEC968FAF52
:10451000EC970091E50880910D0790910E07892B8B
:1045200011F00C94F1B08091E7089091E808A09107
:10453000E908B091EA08E3968CAC9DACAEACBFAC98
:10454000E397881A990AAA0ABB0A8091EB0890910E
:10455000EC08A091ED08B091EE08E7962CAD3DADCA
:104560004EAD5FADE797281B390B4A0B5B0B2FABAA
:1045700038AF49AF5AAF8091EF089091F008A09101
:10458000F108B091F208EB962CAD3DAD4EAD5FADAC
:10459000EB97281B390B4A0B5B0B2BAB3CAB4DABA2
:1045A0005EAB8091F3089091F408A091F508B0916A
:1045B000F608AF96CCACDDACEEACFFACAF97C81A4A
:1045C000D90AEA0AFB0A09F461C00E94A7208823DD
:1045D000B9F0AF968CAD9DADAEADBFADAF9780934A
:1045E000F3089093F408A093F508B093F6080E949E
:1045F0002B7288E59AE20E94D871C12CD12C7601E9
:10460000C701B6010E94DED6209164013091650198
:1046100040916601509167010E943DD72B013C01FA
:1046200020E030E0A9010E9459DF87FF04C077FA3B
:10463000709477F8709420E030E04AE754E4609199
:1046400030077091310780913207909133070E94B3
:104650003DD7A30192010E94D8D687FF17C0AF961D
:104660002CAD3DAD4EAD5FADAF972093F3083093C9
:10467000F4084093F5085093F6080E942B7289E3E2
:104680009AE20E94D871C12CD12C760110E081E011
:10469000181419041A041B040CF080E080FB10F9B4
:1046A00081E02FA938AD49AD5AAD12161306140694
:1046B00015060CF080E080FB11F981E02BA93CA9E4
:1046C0004DA95EA912161306140615060CF080E01B
:1046D00080FB12F981E01C141D041E041F040CF061
:1046E00080E080FB13F9C701B6010E94DED620915D
:1046F00064013091650140916601509167010E940B
:104700003DD76B017C0120E030E0A9010E9459DF18
:1047100087FFB9C3C701B6019058202E312C43E55D
:10472000049F90011124D901A950B74FBCAFABAF82
:104730000E94DADE27966CAF7DAF8EAF9FAF2797D2
:10474000EBADFCAD108215AF0BA91CA92DA93EA99C
:104750002F960CAF1DAF2EAF3FAF2F9737FF0DC079
:1047600030952095109501951F4F2F4F3F4F2F9655
:104770000CAF1DAF2EAF3FAF2F972FA938AD49AD6E
:104780005AAD2B962CAF3DAF4EAF5FAF2B9757FF77
:104790000DC050954095309521953F4F4F4F5F4F3D
:1047A0002B962CAF3DAF4EAF5FAF2B972401350159
:1047B000B7FE07C0442455243201481859086A0836
:1047C0007B08ABADBCAD5D964D925D926D927C92D7
:1047D00090972B960CAD1DAD2EAD3FAD2B979196BE
:1047E0000D931D932D933C9394972F960CAD1DAD77
:1047F0002EAD3FAD2F9795960D931D932D933C9322
:104800009897C501B4010E94DED62091FD06309133
:10481000FE064091FF06509100070E943DD7639627
:104820006CAF7DAF8EAF9FAF639769A37AA38BA365
:104830009CA36FA978AD89AD9AAD0E94DED6209178
:1048400001073091020740910307509104070E942D
:104850003DD767966CAF7DAF8EAF9FAF67976DA367
:104860007EA38FA398A76BA97CA98DA99EA90E945E
:10487000DED6209105073091060740910707509139
:1048800008070E943DD76F966CAF7DAF8EAF9FAF8C
:104890006F9769A77AA78BA79CA7209109073091EA
:1048A0000A0740910B0750910C07C701B6010E94FF
:1048B0003DD76BAB7CAB8DAB9EAB6DA77EA78FA7B7
:1048C00098ABB6E04B165104610471040CF0E3C2DE
:1048D0002B960CAD1DAD2EAD3FAD2B9706301105BF
:1048E000210531050CF0D7C22F962CAD3DAD4EAD54
:1048F0005FAD2F9726303105410551050CF0CBC235
:1049000020E030E0A9010E9459DF87FFBFC28BA9D8
:104910009CA9ADA9BEA9B05823E5229DF001239D15
:10492000F00D1124E950F74F818B928BA38BB48B40
:1049300083E5829DF001839DF00D1124E950F74F2E
:1049400027962CAD3DAD4EAD5FAD279721A732A781
:1049500043A754A7458D568D678D70A101A112A163
:1049600023A134A185A196A1A7A1B0A58017910785
:10497000A207B30710F4D901C80184179507A60749
:10498000B70710F4DB01CA0127960CAD1DAD2EADA3
:104990003FAD279780179107A207B30710F4D901FD
:1049A000C80123E5229DF001239DF00D1124E9505B
:1049B000F74F85A796A7A7A7B0AB0697A105B105A6
:1049C00010F40C94E9B0E25BFF4F8091FC06808309
:1049D000452B462B472B19F080E00E94571C83E59E
:1049E000829DF001839DF00D1124E950F74F81A1C4
:1049F00092A1A3A1B4A1892B8A2B8B2B19F081E062
:104A00000E94571C83E5829DF001839DF00D1124C7
:104A1000E950F74F85A196A1A7A1B0A5892B8A2BB4
:104A20008B2B19F082E00E94571C27962CAD3DADD0
:104A30004EAD5FAD2797232B242B252B11F40C941F
:104A4000F3B00E94201CC0905007D0905107E09016
:104A50005207F0905307A701960123966CAD7DADE8
:104A60008EAD9FAD23970E94D8D687FD06C02396B2
:104A7000CCACDDACEEACFFAC239783E5829DF001BE
:104A8000839DF00D1124E950F74F21893289438924
:104A9000548960E070E080E89FE30E946DDE239619
:104AA0006CAF7DAF8EAF9FAF2397A70196010E9499
:104AB0003DD76B017C019091E4088091E50889174E
:104AC00008F43EC2891B68968FAF6897A7019601CC
:104AD00060E074E284E799E40E946DDE0E945EDF8C
:104AE0004B015C0168968FAD689782508630B0F5B7
:104AF00060912007709121078091220790912307F0
:104B0000681979098A099B091616170618061906E5
:104B10002CF5660F771F881F991F68960FAD689751
:104B2000202F30E050E040E00E9428DDCA01B901AA
:104B30000E94DED60E94D5DE860E971EA81EB91EE4
:104B4000C501B4010E94DED69B01AC0160E074E2B5
:104B500084E799E40E946DDE6B017C010E946F2363
:104B60004091F8065091F9066091FA067091FB06A3
:104B7000480D591D6A1D7B1D4093F8065093F90698
:104B80006093FA067093FB0693E5929DF001939D66
:104B9000F00D1124EA5BF64F80829182A282B382EB
:104BA00081110E94A46E83E5829D8001839D100D7A
:104BB00011240950174FD80151962D913D914D91D7
:104BC0005C915497C701B6010E943DD72B966CAFFC
:104BD0007DAF8EAF9FAF2B97F80161837283838384
:104BE000948325A536A547A550A92FAB38AF49AF6B
:104BF0005AAFCA01B9010E94DCD62F966CAF7DAFC7
:104C00008EAF9FAF2F979B01AC01C701B6010E94E9
:104C10003DD70E945ADE0E94DADEA3966CAF7DAFCC
:104C20008EAF9FAFA397F801FE9660837183828356
:104C300093838E010F5D1F4FE4E3F7E0A996FFAF6A
:104C4000EEAFA9979E01235D3F4F3AAB29AB412CB4
:104C5000512C50E8652E5FE3752ED8012D913D91C2
:104C60004D915D918D01C701B6010E943DD74B0169
:104C70005C0120E030E0A9010E9459DF87FF04C0F9
:104C8000B7FAB094B7F8B094A996AEADBFADA997F6
:104C90002D913D914D915D91A996BFAFAEAFA99772
:104CA000A7962CAF3DAF4EAF5FAFA797A50194017C
:104CB000A7966CAD7DAD8EAD9FADA7970E94D8D65F
:104CC00087FF14C0A5019401A7966CAD7DAD8EAD94
:104CD0009FADA7970E946DDE4B015C01A30192017D
:104CE0000E94D8D687FF02C024013501E9A9FAA99C
:104CF000E017F10709F0B1CFA70196016BA97CA9D4
:104D00008DA99EA90E943DD76B017C0120E030E077
:104D1000A9010E9459DF87FF04C0F7FAF094F7F861
:104D2000F0948090400790904107A0904207B09087
:104D30004307A7019601C501B4010E94D8D687FF99
:104D400010C0A7019601C501B4010E946DDE6B0180
:104D50007C01A30192010E94D8D687FF02C02601E0
:104D6000370120E030E040E85FE3C301B2010E9478
:104D7000D8D687FF2FC083E5829D8001839D100DCB
:104D800011240950174F7801FEE3EF0EF11CA39692
:104D90006CAD7DAD8EAD9FADA3970E94DCD6A30117
:104DA00092010E943DD70E94DADED7016D937D9378
:104DB0008D939C931397A30192012B966CAD7DADBF
:104DC0008EAD9FAD2B970E943DD7F8016183728312
:104DD000838394832F962CAD3DAD4EAD5FAD2F9761
:104DE00023966CAD7DAD8EAD9FAD23970E943DD7D0
:104DF0002B966CAF7DAF8EAF9FAF2B9783E5829DD7
:104E0000F001839DF00D1124E950F74F2B960CAD66
:104E10001DAD2EAD3FAD2B97058B168B278B308F9D
:104E2000858C968CA78CB0A081149104A104B10448
:104E300009F088C081A192A1A3A1B4A1892B8A2BDA
:104E40008B2B09F07FC085A196A1A7A1B0A5892BC6
:104E50008A2B8B2B09F076C02091480730914907A7
:104E600040914A0750914B072B966CAD7DAD8EADAE
:104E70009FAD2B970E943DD70E945ADE0E94DADE3A
:104E80006B017C0157C1C701B60147CC8BA99CA916
:104E9000ADA9BEA941CD6996AEADBFAD6997CD9024
:104EA000DD90ED90FC9020E030E0A901C701B60153
:104EB0000E94D8D6882369F083E5829DF001839D06
:104EC000F00D1124E950F74FC18AD28AE38AF48A9F
:104ED0002FCD63960CAD1DAD2EAD3FAD639709830D
:104EE0001A832B833C8367962CAD3DAD4EAD5FADF1
:104EF00067972D833E834F8358876F968CAD9DAD0A
:104F0000AEADBFAD6F9789879A87AB87BC870BA97A
:104F10001CA92DA93EA90D871E872F87388BCE018E
:104F200001960E94542523E5229DF001239DF00D5A
:104F30001124E950F74F618B728B838B948BF8CCE3
:104F4000805FC0CD27962CAD3DAD4EAD5FAD2797B0
:104F5000232B242B252B09F4BBC620914407309129
:104F6000450740914607509147072B966CAD7DADA4
:104F70008EAD9FAD2B970E943DD70E945ADE0E94B6
:104F8000DADE6B017C018091F4069091F506A09128
:104F9000F606B091F706EBADFCAD01A112A123A17D
:104FA00034A1A3960CAF1DAF2EAF3FAFA39705A1C1
:104FB00016A127A130A5A7960CAF1DAF2EAF3FAF0E
:104FC000A79701A512A523A534A5AB960CAF1DAFDD
:104FD0002EAF3FAFAB970FA918AD29AD3AAD8017F3
:104FE0009107A207B30708F47CC681149104A104B9
:104FF000B104E1F06091E4067091E5068091E60667
:105000009091E7066C157D058E059F0578F4A90142
:1050100098010E94F7DCA50194010E9406DD2C1581
:105020003D054E055F0510F469017A01A3962CAD8C
:105030003DAD4EAD5FADA397232B242B252B11F156
:105040006091E8067091E9068091EA069091EB067E
:105050006C157D058E059F05A8F42FA938AD49ADC7
:105060005AAD0E94F7DCA3962CAD3DAD4EAD5FADC1
:10507000A3970E9406DD2C153D054E055F0510F433
:1050800069017A01A7968CAD9DADAEADBFADA79776
:10509000892B8A2B8B2B11F16091EC067091ED0618
:1050A0008091EE069091EF066C157D058E059F05AB
:1050B000A8F42FA938AD49AD5AAD0E94F7DCA796E8
:1050C0002CAD3DAD4EAD5FADA7970E9406DD2C1512
:1050D0003D054E055F0510F469017A01AB960CADF4
:1050E0001DAD2EAD3FADAB97012B022B032B11F164
:1050F0006091F0067091F1068091F2069091F306AE
:105100006C157D058E059F05A8F42FA938AD49AD16
:105110005AAD0E94F7DCAB962CAD3DAD4EAD5FAD08
:10512000AB970E9406DD2C153D054E055F0510F47A
:1051300069017A0183E5829D8001839D100D112410
:105140000950174FF801E65BFF4FC082D182E2821F
:10515000F382C701B6010E94DCD64B015C012B969D
:105160002CAD3DAD4EAD5FAD2B970E946DDE6B015A
:105170007C01D8015996CD92DD92ED92FC925C971C
:105180002DEB37E346E051E4C501B4010E943DD761
:105190000E94DADEF80161AF72AF83AF94AF20E016
:1051A00030E040E05FE3C701B6010E943DD72B9697
:1051B0002CAD3DAD4EAD5FAD2B970E946DDE6B010A
:1051C0007C01D80111966D917D918D919C911497E0
:1051D0009B01AC010E943DD76FAB78AF89AF9AAF0E
:1051E0009B01AC01C701B6010E9459DF181624F0DB
:1051F000CFAAD8AEE9AEFAAE63960CAD1DAD2EAD1A
:105200003FAD6397098B1A8B2B8B3C8B67962CAD2C
:105210003DAD4EAD5FAD67972D8B3E8B4F8B588F5D
:105220006F968CAD9DADAEADBFAD6F97898F9A8FE8
:10523000AB8FBC8F0BA91CA92DA93EA90D8F1E8F6A
:105240002F8F38A327962CAD3DAD4EAD5FAD279780
:10525000232B242B252B09F44FC68E010F5E1F4FE5
:105260003E0131E2630E711CC12CD12C7601D801B4
:105270008D909D90AD90BD908D0120E030E0A90112
:10528000C501B4010E94D8D6882371F0A50194010C
:10529000C501B4010E943DD79B01AC01C701B60115
:1052A0000E94F6DD6B017C016016710601F7C701F3
:1052B000B6010E94DFDF9B01AC0160E070E080E896
:1052C0009FE30E946DDE6B017C01AC019B01639644
:1052D0006CAD7DAD8EAD9FAD63970E943DD7698B60
:1052E0007A8B8B8B9C8BA701960167966CAD7DADFD
:1052F0008EAD9FAD67970E943DD76D8B7E8B8F8B58
:10530000988FA70196016F966CAD7DAD8EAD9FAD68
:105310006F970E943DD7698F7A8F8B8F9C8FA701E3
:1053200096016BA97CA98DA99EA90E943DD76D8F7E
:105330007E8F8F8F98A368960FAD6897002309F42E
:1053400020C62091680F3091690F40916A0F5091EB
:105350006B0F2F962CAF3DAF4EAF5FAF2F972DEB5E
:1053600037E346E855E32F966CAD7DAD8EAD9FAD2E
:105370002F970E94D8D687FD04C68090460F909044
:10538000470FA090480FB090490FC988DA88EB8882
:10539000FC8880914A0F90914B0FA0914C0FB091D7
:1053A0004D0F27968CAF9DAFAEAFBFAF27970D893E
:1053B0001E892F89388D23960CAF1DAF2EAF3FAFBE
:1053C000239720914E0F30914F0F4091500F5091E5
:1053D000510F63962CAF3DAF4EAF5FAF6397898D92
:1053E0009A8DAB8DBC8D67968CAF9DAFAEAFBFAFC6
:1053F00067970091520F1091530F2091540F3091E5
:10540000550F6F960CAF1DAF2EAF3FAF6F972D8D21
:105410003E8D4F8D58A12B962CAF3DAF4EAF5FAF59
:105420002B97C501B4019058A70196010E943DD762
:105430002B013C0127966CAD7DAD8EAD9FAD2797BE
:10544000905823962CAD3DAD4EAD5FAD23970E9495
:105450003DD79B01AC01C301B2010E94F6DD2B01D7
:105460003C0163966CAD7DAD8EAD9FAD639790585A
:1054700067962CAD3DAD4EAD5FAD67970E943DD7B1
:105480009B01AC01C301B2010E94F6DD2B013C017E
:105490006F966CAD7DAD8EAD9FAD6F9790582B968E
:1054A0002CAD3DAD4EAD5FAD2B970E943DD79B011E
:1054B000AC01C301B2010E94F6DD6BAB7CAB8DABDE
:1054C0009EAB2FEE3FEF4FE75FE30E9459DF1816C8
:1054D0000CF452C5A5019401C701B6010E94F5DD87
:1054E0002B013C0149825A826B827C8227962CAD2B
:1054F0003DAD4EAD5FAD279723966CAD7DAD8EADC6
:105500009FAD23970E94F5DD6B966CAF7DAF8EAF9C
:105510009FAF6B976D837E838F83988763962CAD47
:105520003DAD4EAD5FAD639767966CAD7DAD8EAD15
:105530009FAD67970E94F5DD63966CAF7DAF8EAF30
:105540009FAF639769877A878B879C876F962CAD0F
:105550003DAD4EAD5FAD6F972B966CAD7DAD8EAD15
:105560009FAD2B970E94F5DD67966CAF7DAF8EAF38
:105570009FAF67976D877E878F87988B8E010F5FB0
:105580001F4F21961FAF0EAF2197005F1F4F21962F
:105590002EAD3FAD219725963FAF2EAF2597C12C5D
:1055A000D12C76012596AEADBFAD25978D909D90FF
:1055B000AD90BD902596BFAFAEAF259720E030E00F
:1055C000A901C501B4010E94D8D6882371F0A501B4
:1055D0009401C501B4010E943DD79B01AC01C701F4
:1055E000B6010E94F6DD6B017C012596EEADFFADA4
:1055F00025970E171F07B1F6C701B6010E94DFDF1E
:105600009B01AC0160E070E080E89FE30E946DDEEA
:105610006B017C01AC019B01C301B2010E943DD72B
:1056200069837A838B839C83A70196016B966CAD0B
:105630007DAD8EAD9FAD6B970E943DD76D837E8310
:105640008F839887A701960163966CAD7DAD8EAD73
:105650009FAD63970E943DD769877A878B879C8728
:10566000A701960167966CAD7DAD8EAD9FAD679736
:105670000E943DD76D877E878F87988BABADBCAD81
:1056800059960D911D912D913C915C970BAF1CAFDC
:105690002DAF3EAF00E117E02196EEADFFAD2197B3
:1056A000C190D190E190F1902196FFAFEEAF21979C
:1056B00020E030E0A901C701B6010E94D8D68823B6
:1056C00009F440C020E030E0A901C701B6010E9402
:1056D00059DF2601370187FF04C077FA709477F805
:1056E0007094D8016D917D918D919C910E94DCD632
:1056F0004B015C012BAD3CAD4DAD5EADC301B201C4
:105700000E943DD7A50194010E9459DF1816D4F4D8
:10571000A7019601C501B4010E946DDE6BAF7CAF9D
:105720008DAF9EAF20E030E0A9010E9459DF87FFD6
:1057300009C02BAD3CAD4DAD5EAD50582BAF3CAF6D
:105740004DAF5EAF0C5F1F4F25964EAD5FAD2597F9
:1057500021968EAD9FAD21974817590709F09CCF30
:105760002FEE3FEF4FE75FEB6BA97CA98DA99EA9B8
:105770000E94D8D687FF08C00FEE1FEF2FE73FEB40
:105780000BAB1CAB2DAB3EAB2BA93CA94DA95EA925
:1057900060E070E080E89FE30E94F5DD20E030E00B
:1057A00040E05FE30E943DD70E94DFDF6B017C0198
:1057B0002091E0063091E1064091E2065091E30627
:1057C0006BAD7CAD8DAD9EAD0E943DD7A70196011E
:1057D0000E943DD74B015C01A701960160E070E09B
:1057E00080E89FE30E94F5DD9B01AC01C501B40197
:1057F0000E946DDE2B013C0183E5829DF001839DBB
:10580000F00D1124E950F74F2189328943895489D9
:1058100027962CAF3DAF4EAF5FAF279720E030E02B
:1058200040E85FE327966CAD7DAD8EAD9FAD2797C9
:105830000E94D8D687FF9AC023EF34E045E35FEBA0
:105840006BA97CA98DA99EA90E94D8D687FF8EC07E
:1058500020E030E0A9016BA97CA98DA99EA90E9436
:10586000D8D6C12CD12C40E8E42E4FEBF42E87FD86
:1058700006C0C12CD12C30E8E32E3FE3F32EA70164
:1058800096016BA97CA98DA99EA90E943DD74B01C9
:105890005C0129E539ED40E053E30E94D8D687FD4D
:1058A00068C3A501940160E070E080E89FE30E9476
:1058B000F5DD20E030E040E057E40E943DD70E9453
:1058C000DADECB010E94ACDD0197880F991F880FAB
:1058D000991FFC01E750F64D259135914591549162
:1058E000FC01E754F64D85919591A591B4918BAB50
:1058F0009CABADABBEABC501B4010E943DD72BA99B
:105900003CA94DA95EA90E94F6DD4B015C0120E097
:1059100030E0A901C701B6010E9459DF181654F4FE
:10592000A50194016BED7FE089E490E40E94F5DD30
:105930004B015C012BAD3CAD4DAD5EAD27966CAD22
:105940007DAD8EAD9FAD27970E943DD7A5019401F7
:105950000E946DDE6B017C01AC019B01C301B201B1
:105960000E9459DF181614F4260137012F962CAD2A
:105970003DAD4EAD5FAD2F97CA01B9010E943DD735
:105980006B017C0183E5829DF001839DF00D112464
:10599000E950F74F61817281838194819B01AC0151
:1059A0000E943DD74B015C01AC019B01C701B601D0
:1059B0000E9459DF181614F475016401A3019201C5
:1059C000C701B6010E9459DF181614F47301620171
:1059D00080E1FE017196A6E4BFE001900D928A95E8
:1059E000E1F72FA938AD49AD5AADC701B6010E9404
:1059F000D8D687FF04C0CFA8D8ACE9ACFAAC83E511
:105A0000829DF001839DF00D1124E950F74FC5866A
:105A1000D686E786F08A0FA918AD29AD3AAD058381
:105A20001683278330870187128723873487DF0116
:105A3000AE5BBF4F1D921D921D921C9213978081E9
:105A40008160808381819281A381B4818093680F7A
:105A50009093690FA0936A0FB0936B0FE3962CADF0
:105A60003DAD4EAD5FADE3972093E7083093E80876
:105A70004093E9085093EA08E7968CAD9DADAEAD32
:105A8000BFADE7978093EB089093EC08A093ED08E7
:105A9000B093EE08EB960CAD1DAD2EAD3FADEB9780
:105AA0000093EF081093F0082093F1083093F20868
:105AB000AF962CAD3DAD4EAD5FADAF972093F308E3
:105AC0003093F4084093F5085093F6089091E50858
:105AD0008091E608981303C084E68093E308EC966F
:105AE0000FADEC970093E50820E030E0A9016FA925
:105AF00078AD89AD9AAD0E94D8D687FF04C01FAAA1
:105B000018AE19AE1AAE1091E508112309F43EC281
:105B10001150F090E408312C212C03E51F1509F4F5
:105B20009BC0C12ED12C0C9DF0010D9DF00D1124B8
:105B3000E950F74F808182FD40C22114310421F0E9
:105B4000D1018C9180FF88C00C9DF0010D9DF00D5E
:105B50001124E950F74F25813681478150852BAFBD
:105B60003CAF4DAF5EAF85849684A784B088A50115
:105B700094016BAD7CAD8DAD9EAD0E94D8D68823CF
:105B800009F46AC02114310409F402C2D101159646
:105B90004D905D906D907C901897109FC0011124DE
:105BA000FC01E950F74F1F010C9DF0010D9DF00D18
:105BB0001124E950F74F618D728D838D948D90582B
:105BC0009B01AC010E94F6DDD10151962D913D91D2
:105BD0004D915C9154970E943DD79B01AC01C3014C
:105BE000B2010E94F5DD2B013C01AC019B01C50116
:105BF000B4010E94D8D687FDD0C1A30192016BAD3C
:105C00007CAD8DAD9EAD0E94D8D6882329F10C9D28
:105C1000F0010D9DF00D1124E950F74F8081816056
:105C200080838091440F9091450F2091440F3091D3
:105C3000450F2817390709F0B3C12816390609F0AE
:105C4000B1C183E58C9DF0018D9DF00D1124E950CB
:105C5000F74F80818E7F8083B090E6080091E50841
:105C60000BAB198A1A8A1B8A1C8A10E000E083E5B4
:105C7000A82E2BA92B1509F486C28B2C912CBA9C2B
:105C8000C0011124AC014950574F1A01DA018C911F
:105C900082FD77C28C9180FF15C00115110509F0B6
:105CA0009DC119966D917D918D919C911C97FA01E2
:105CB00065837683878390870E94DFDF698B7A8B89
:105CC0008B8B9C8B8B2D0E94F75DB82E8101D1CFE1
:105CD00020914C0730914D0740914E0750914F074E
:105CE00044C981149104A104B104B9F16091E4069E
:105CF0007091E5068091E6069091E7066C157D05AA
:105D00008E059F0550F50E94DCD62F962CAD3DAD3B
:105D10004EAD5FAD2F970E943DD72B013C01C501D1
:105D2000B4010E94DCD69B01AC01C301B2010E9408
:105D30006DDE4B015C01C701B6010E94DCD69B0100
:105D4000AC01C501B4010E94D8D687FF06C0C501C9
:105D5000B4010E94DADE6B017C01A3962CAD3DAD4F
:105D60004EAD5FADA397232B242B252BD9F160914A
:105D7000E8067091E9068091EA069091EB066C15B1
:105D80007D058E059F0570F50E94DCD62F962CAD03
:105D90003DAD4EAD5FAD2F970E943DD74B015C01ED
:105DA000A3966CAD7DAD8EAD9FADA3970E94DCD662
:105DB0009B01AC01C501B4010E946DDE4B015C0189
:105DC000C701B6010E94DCD69B01AC01C501B4013C
:105DD0000E94D8D687FF06C0C501B4010E94DADE52
:105DE0006B017C01A7968CAD9DADAEADBFADA79705
:105DF000892B8A2B8B2BD9F16091EC067091ED06E3
:105E00008091EE069091EF066C157D058E059F053D
:105E100070F50E94DCD62F962CAD3DAD4EAD5FAD3A
:105E20002F970E943DD74B015C01A7966CAD7DADCD
:105E30008EAD9FADA7970E94DCD69B01AC01C5013A
:105E4000B4010E946DDE4B015C01C701B6010E94E6
:105E5000DCD69B01AC01C501B4010E94D8D687FFF6
:105E600006C0C501B4010E94DADE6B017C01AB966D
:105E70000CAD1DAD2EAD3FADAB97012B022B032B0F
:105E800009F458C96091F0067091F1068091F2060C
:105E90009091F3066C157D058E059F0508F04AC9A3
:105EA0000E94DCD62F962CAD3DAD4EAD5FAD2F9749
:105EB0000E943DD74B015C01AB966CAD7DAD8EADC4
:105EC0009FADAB970E94DCD69B01AC01C501B4012C
:105ED0000E946DDE4B015C01C701B6010E94DCD659
:105EE0009B01AC01C501B4010E94D8D687FF22C92D
:105EF000C501B4010C943EA723962CAD3DAD4EAD2B
:105F00005FAD239763966CAD7DAD8EAD9FAD63970E
:105F10000E943DD7698B7A8B8B8B9C8B23962CAD03
:105F20003DAD4EAD5FAD239767966CAD7DAD8EAD4B
:105F30009FAD67970E943DD76D8B7E8B8F8B988F1F
:105F400023962CAD3DAD4EAD5FAD23976F966CADF6
:105F50007DAD8EAD9FAD6F970E943DD7698F7A8FD3
:105F60008B8F9C8F23962CAD3DAD4EAD5FAD2397AF
:105F7000D8C990E080E0A9CC4FA858AC69AC7AAC05
:105F8000F5CCCFA8D8ACE9ACFAAC22CD1FE0C1CD9E
:105F90004FA858AC69AC7AAC00CE2401350137CE9D
:105FA000C90143CE0C9DF0010D9DF00D1124E95067
:105FB000F74F4582568267827086112369F011502F
:105FC0008F2DF090E408F81609F4A8CD811709F494
:105FD00043CE0E94F75DF5CF1FE0F2CFD8018C9140
:105FE00081608C938091440F9091450F2091440FD4
:105FF0003091450F2817390769F5A89CF001A99C35
:10600000F00D1124E950F74FC184D284E384F48465
:106010000817190709F5C582D682E782F086EE5B7C
:10602000FF4F80819181A281B381892B8A2B8B2B99
:1060300061F4D801AA5BBF4F8D919D910D90BC91E9
:10604000A02D80839183A283B383F80180818E7F0A
:10605000808338CEC901CACF2581368147815085DA
:106060002BAF3CAF4DAF5EAFA70196016BAD7CADE2
:106070008DAD9EAD0E94D8D6882309F45FC0D801AB
:1060800015964D905D906D907C901897A3019201AC
:106090006BAD7CAD8DAD9EAD0E9459DF18160CF036
:1060A0003EC0F801618D728D838D948D90589B0157
:1060B000AC010E94F6DDD80151962D913D914D9194
:1060C0005C9154970E943DD79B01AC01C301B20182
:1060D0000E94F5DD2B013C01AC019B016BAD7CAD59
:1060E0008DAD9EAD0E9459DF1816CCF4A701960124
:1060F000C301B2010E94D8D687FD02C073016201BC
:10610000A89CF001A99CF00D1124E950F74FC5821D
:10611000D682E782F086C586D686E786F08AA89C76
:10612000F001A99CF00D1124E950F74F858196816B
:10613000A781B08581879287A387B48789899A8947
:10614000AB89BC8989839A83AB83BC83A89CF0010B
:10615000A99CF00D1124E950F74F65817681878164
:1061600090850E94DFDF698B7A8B8B8B9C8BAE01D5
:106170004F5E5F4FBE016F5F7F4FC8010E940E22CE
:1061800064CF18019FCD0115110519F1D8018C912B
:1061900080FF1FC089899A89AB89BC8989839A83CA
:1061A000AB83BC836FA978AD89AD9AAD0E94DFDF68
:1061B000698B7A8B8B8B9C8BAE014F5E5F4FBE01E0
:1061C0006F5F7F4FC8010E940E22F80180818E7F91
:1061D00080830E94A46E81E0C558DF4FE2E10C94F9
:1061E000DADD80E0F9CFC0905407D0905507E090F9
:1061F0005607F09057070C942BA5A6E1B0E0E3E01A
:10620000F1EB0C94BEDD4C017B011A013E8B2D8B12
:10621000198A1A8AFB0180819181A281B3818F3F03
:106220009105A105B10509F008F449C01D861E8637
:106230001F86188AAC01BD0137E0769567955795A2
:1062400047953A95D1F75A87498780688B878C871D
:106250000091570810915808809155089091560860
:106260009C8B8B8B0115110551F1AA24A394B12CA1
:106270003501600E711E76946794630191E0C91A2E
:10628000D108260193E0440C551C9A95E1F76B89DF
:106290007C89640D751D48E050E0CE0101960E9496
:1062A000B7D529813A8189859A8528173907B0F4AD
:1062B0005301EFEFAE1ABE0A0A151B05C8F6F70127
:1062C0008081898BB401AE014F5E5F4FC101ED89C2
:1062D000FE8909956696E2E10C94DADD8217930750
:1062E00008F19C818B85981718F39B818C85891701
:1062F000C8F06091550870915608640D751D48E00E
:1063000050E0CE0109960E94B7D56F857889611556
:106310007105A9F286169706B1F2F70180818068AF
:10632000898BD1CF8601C8CFA4E0B0E0EAE9F1EBD8
:106330000C94C4DD6C017B014A015901AE014F5F31
:106340005F4FB401C7010E94DB3C7C0189819A81C7
:10635000AB81BC81892B8A2B8B2B41F09801A50145
:10636000BE016F5F7F4FC60148DFE8CF2496ECE0A7
:106370000C94E0DD87E29EE0FC0101900020E9F74B
:10638000CF0182559E40863D9F4760F4E7E2FEE0E4
:106390008AE290E022A5207C203839F0895D914F77
:1063A000FC01108287E29EE00895019731978F3FAC
:1063B000980781F7F7CF80915408823041F08130FF
:1063C00049F08DEF9AE241E06FEF0C94F85B8BE1BE
:1063D0009BE2F9CF8FE09BE2F6CF8F929F92AF9234
:1063E000BF92FF920F931F93CF93DF93CDB7DEB78A
:1063F000A0970FB6F894DEBF0FBECDBF6115710533
:1064000081059105A1F120E03AE0832E912CA12C89
:10641000B12CFF24F394F20E01E010E00C0F1D1FCD
:10642000020F111D27FD1A95A50194010E9406DD9A
:10643000F8016083CA01B9012F2D6115710581052D
:10644000910539F7FA94FFEFFF16A1F0E1E0F0E0D3
:10645000EC0FFD1FEF0DF11DF7FCFA95908187E31E
:106460009A3008F480E3890F0E946471EBCF80E3D7
:106470000E946471A0960FB6F894DEBF0FBECDBF28
:10648000DF91CF911F910F91FF90BF90AF909F90A0
:106490008F900895CF92DF92EF92FF926B017C0173
:1064A000F7FE0BC0F094E094D094C094C11CD11CB2
:1064B000E11CF11C8DE20E946471C701B6018DDF01
:1064C000FF90EF90DF90CF900895A1E0B0E0EBE671
:1064D000F2EB0C94C9DD8C01D42E7C01E60EF71E84
:1064E00080915208909153080E94E1DC8983DD205D
:1064F00011F0F8018083CE0101960E946B9D80917E
:106500005208909153080196909353088093520833
:106510000F5F1F4F0E151F0519F780E02196E7E06A
:106520000C94E5DD90E0FC01ED53F54D24918D5583
:10653000954DFC018491882399F090E0880F991F74
:10654000FC01E756F54DA591B491FC01E157F54DDD
:10655000859194918FB7F894EC91E22BEC938FBFD7
:1065600008954F925F926F927F928F929F92AF9217
:10657000BF92CF92DF92EF92FF92E2E4F8E0448084
:1065800055806680778080849184A284B384C4849B
:10659000D584E684F78440815181628173818CE8DF
:1065A0009AE20E941872B301A20188E89AE20E945E
:1065B0001872B501A40184E89AE20E941872B7012A
:1065C000A60180E89AE20E941872FF90EF90DF9097
:1065D000CF90BF90AF909F908F907F906F905F9083
:1065E0004F90089520914108211103C061E00C945F
:1065F000385B0895E8E5F7E0808181834091DA0710
:106600005091DB076091DC077091DD074F5F5F4FB2
:106610006F4F7F4F87E79AE20E947E7283E79AE28C
:106620000C94D8710F931F93CF938C01C62F0E94A7
:1066300028724091DA075091DB076091DC07709176
:10664000DD07C8010E947E720E94B8790196E1F7C9
:106650008C2FD0DF1092DF071092DE07CF911F91B1
:106660000F910895CF93DF939091E6088091E5080C
:10667000891738F0891B8F3031F480E00E94007A4E
:10668000F3CF805FF7CF8091E5080E94F75DA0917E
:10669000E50893E5A99FD0011124FD01E950F74FCA
:1066A000EF0119929A95E9F7908194609083AC5E1E
:1066B000B64F90E1E7EEF8E001900D929A95E1F780
:1066C0002091E5089091E608291303C094E6909381
:1066D000E3088093E5080E94A46EDF91CF910895AE
:1066E000A0E1B0E0E6E7F3EB0C94CADDFC018B011E
:1066F0007A0190E1DE01119601900D929A95E1F7F1
:10670000CE0101960E946B2180910D0790910E079A
:10671000892B51F4A701B801CE0101960E94EBA18B
:106720006096E6E00C94E6DD80E0FACFA0E1B0E010
:10673000ECE9F3EB0C94CEDD80E1E2E4F8E0DE017D
:10674000119601900D928A95E1F7CE0101960E9473
:106750006B21CE0101960E94C0236096E2E00C946A
:10676000EADDCF93C82F41E00E948F72C11102C0B1
:106770000E942B72CF910895CF93DF936AEA79E25A
:10678000F0DFC0E1D7E04C895D896E897F8982EABC
:1067900099E20E941872488D598D6A8D7B8D8FE920
:1067A00099E20E9418724C8D5D8D6E8D7F8D8CE903
:1067B00099E20E94187248A159A16AA17BA189E9B6
:1067C00099E20E9418720E943B72DF91CF91089566
:1067D000CF93DF93EC0184E00E943925811124C01E
:1067E0008091DB069091DC068C0F9D1F9093DC0658
:1067F0008093DB068091D9069091DA06C80FD91FE5
:10680000D093DA06C093D9060E94AA6E882361F05D
:106810008091620190916301019631F410926301BD
:10682000109262010E94A46EDF91CF9108954F9261
:106830005F926F927F928F929F92AF92BF92CF9210
:10684000DF92EF92FF92CF93DF93CDB7DEB7289719
:106850000FB6F894DEBF0FBECDBF5C01DB01CD905B
:10686000DD90ED90FC90E091E108F091E208FE836C
:10687000ED8384819581A681B78189839A83AB83D7
:10688000BC839C01AD01C701B6010E94F5DD2B015F
:106890003C01F50180809180A280B380AD81BE81F2
:1068A0008D919D910D90BC91A02D8D839E83AF8382
:1068B000B88727E137EB41ED58EBC301B2010E94E5
:1068C00059DF87FDD1C023E030E046E953E4C3013E
:1068D000B2010E94D8D618160CF4C6C02D813E8194
:1068E0004F815885C501B4010E94F5DD2B013C01A3
:1068F00027E137EB41ED58EB0E9459DF87FDB4C02B
:1069000023E030E040EA53E4C301B2010E94D8D64C
:1069100018160CF4A9C020E030E0A9016D817E8139
:106920008F8198850E94F6DD2B013C0120E030E04C
:1069300040E251E40E94D8D687FF06C0412C512C7A
:1069400030E2632E31E4732E27E137EB41ED58E35B
:10695000C301B2010E94F5DD9B01AC01C501B40188
:106960000E9459DF87FD80C020E030E040EA53E418
:106970006D817E818F8198850E94F6DD2B013C011F
:1069800020E030E041E953E40E9459DF181634F466
:10699000412C512C21E9622E23E4722E27E137EBA2
:1069A00041ED58E3C301B2010E94F6DD9B01AC0149
:1069B000C501B4010E94D8D618160CF455C020E0C9
:1069C00030E0A90169817A818B819C810E94F6DD8A
:1069D0004B015C0120E030E040E251E40E94D8D657
:1069E00087FF06C0812C912C90E2A92E91E4B92E4C
:1069F00027E137EB41ED58E3C501B4010E94F5DD15
:106A00009B01AC01C701B6010E9459DF87FD2CC074
:106A100020E030E046E953E469817A818B819C81F2
:106A20000E94F6DD4B015C0120E030E041E953E4D7
:106A30000E9459DF181634F4812C912C81E9A82E7C
:106A400083E4B82E27E137EB41ED58E3C501B401EB
:106A50000E94F6DD9B01AC01B1E0B983C701B6012C
:106A60000E94D8D618160CF41982898128960FB680
:106A7000F894DEBF0FBECDBFDF91CF91FF90EF90B6
:106A8000DF90CF90BF90AF909F908F907F906F904E
:106A90005F904F900895AEE1B0E0E1E5F5EB0C9426
:106AA000BEDD6C011B01498F2E8F80904A089090AB
:106AB0004B08A0904C08B0904D0820E030E040E238
:106AC00051E4C501B4010E9459DF181634F0812C3D
:106AD000912C40E2A42E41E4B42ED6018D919D91DB
:106AE0000D90BC91A02D8A8F9B8FAC8FBD8F898319
:106AF0009A83AB83BC83F1014080518062807380B4
:106B00004D825E826F82788689869A86AB86BC8645
:106B1000BE016B5F7F4FCE01019689DE882309F4A9
:106B200039C1A090E108B090E208D5012D913D91C6
:106B30004D915C916A8D7B8D8C8D9D8D0E94F5DDD4
:106B400069837A838B839C83F50124813581468117
:106B50005781C301B2010E94F5DD6D837E838F836F
:106B6000988780915E0190915F01A0916001B09142
:106B700061018D879E87AF87B88B9E01235F3F4F52
:106B8000AE01475F5F4FBE016B5F7F4FCE01019645
:106B90000E94042934990E9450708091D806811176
:106BA00004C060E081E00E942F318090DD08909069
:106BB000DE08A090DF08B090E008A5019401D8019C
:106BC0006D917D918D919C910E94F5DD2B013C0191
:106BD0008091D70690E095958795959587958095B6
:106BE0009095817099272AE0289FB001299F700D08
:106BF0001124072E000C880B990B0E94DED69B01F6
:106C0000AC01C301B2010E94F5DD6D8B7E8B8F8BD1
:106C1000988F20E030E0A901C501B4010E94D8D6C8
:106C200087FF97C0C501B401905820E030E040E7ED
:106C300051E40E94F6DD698B7A8B8B8B9C8B2091C3
:106C40004A0830914B0840914C0850914D080E94E1
:106C5000D8D687FF11C00E94A17081110DC061E3D9
:106C600072E0CE0141960E94392A811105C040E0B0
:106C700061E0C7010E94BA2980E090E0A0E0B0E4A2
:106C80008D879E87AF87B88B0E94A170182F8111C6
:106C900008C0BE01635F7F4FCE0145960E94392A2E
:106CA000182F40904A0850904B0860904C08709004
:106CB0004D08A501940160E070E080E490E40E943A
:106CC000F5DDA30192010E94D8D687FF6AC0412C4E
:106CD000512C20EC622E2FE7722E2091DD0830918E
:106CE000DE084091DF085091E008C301B2010E9424
:106CF000F6DD4B015C01AC019B010E941DE081119E
:106D000037C0B98DB13048F0B33038F1B33029F421
:106D100040E061E0C7010E94BA29BE8DB330A0F106
:106D2000F60140815181628173818CE599E20E9474
:106D30001872D1014D915D916D917C9187E599E239
:106D40000E941872B501A40182E599E20E94E272E4
:106D50001BC060E070E0CB0168CF80E00E94DC6A7D
:106D60008823D9F2812C912C90ECA92E9FE7B92E83
:106D700080E00E94DC6A84E799E234DC0E94287299
:106D800084E699E20E94D871C501B4016E96E2E1F1
:106D90000C94DADD812C912C80ECA82E8FE7B82E94
:106DA000F3CF112309F499CF92CF4F925F926F9254
:106DB0007F928F929F92AF92BF92FF920F931F93F9
:106DC000CF93DF93CDB7DEB768970FB6F894DEBFE9
:106DD0000FBECDBFF82E4A015B012801390120E02A
:106DE00030E0A901C301B8010E94D8D6811111C0B9
:106DF000FF2019F081E0F81288C060E070E086E9B9
:106E000094E420E030E040E752E40E946DDE2B0184
:106E10003C014D8A5E8A6F8A788E0F2D10E0F80152
:106E2000E15BF64DE491772473941E160CF4712CFB
:106E3000FF24F39420E030E0A901C501B4010E94D1
:106E400059DF18160CF0F12C80E00E945824698359
:106E50007A838B839C8381E00E9458246D837E8398
:106E60008F83988782E00E94582469877A878B876E
:106E70009C8783E00E9458246D877E878F87988B3C
:106E8000000F111F000F111FE1E0F0E0EC0FFD1FDC
:106E90000E0F1F1FF8011082118212821382CE0181
:106EA00001960E94C023F80180829182A282B3825F
:106EB000198A1A8A1B8A1C8A80910D0790910E07E5
:106EC000892B51F4AE014F5E5F4FBE016B5E7F4F69
:106ED000CE0101960E94EBA10E9448217F100E94E2
:106EE000B63268960FB6F894DEBF0FBECDBFDF9105
:106EF000CF911F910F91FF90BF90AF909F908F9077
:106F00007F906F905F904F90089560E070E080E711
:106F100093E477CFB0E0A0E0E0E9F7EB0C94C4DDB8
:106F20004B01CDB6DEB661E00E94B766882309F456
:106F30006FC0C4010E94D03726E0829FC001112497
:106F40009C012D5F3F4F4DB75EB7421B530B0FB6F1
:106F5000F8945EBF0FBE4DBFEDB7FEB731965F012F
:106F600020912F0230913002EDB7FEB7328321839A
:106F7000339611920197E8F78114910479F1009109
:106F8000D5061091D6062091D3063091D40695E10E
:106F9000E92E4091D206B401C5010E943D5C36E065
:106FA000839F4001112480E890E08819990966E0E8
:106FB00070E00E947CDD162F67FF02C011E0160F03
:106FC000159580E8E82EF12C11165CF48DE499E219
:106FD0000E945E67E81AF90A1150F6CF912C812CB5
:106FE000E2CF8114910421F0B701C5010E94E3674B
:106FF00047E0E416F10438F08BE499E20E945E6702
:10700000E81AF90AF5CF0FB6F894DEBE0FBECDBE72
:107010000FB6F894DEBE0FBECDBEECE00C94E0DD02
:10702000A4E0B0E0E6E1F8EB0C94C4DD982F862FE5
:107030004A01F22ECDB6DEB6692F0E94B7668823CC
:1070400009F446C00091D5061091D6062091D306CA
:107050003091D4064091D2068DB79EB78A970FB66D
:10706000F8949EBF0FBE8DBF01965C0154E1E52EE2
:10707000B4010E943D5C082F68E770E0C5010E94E2
:10708000E3670FB6F894DEBE0FBECDBE14E1101B51
:10709000112331F089E499E20E94AF671150F8CFD3
:1070A0008F2DFF0C990BAA0BBB0B89839A83AB83A3
:1070B000BC838091D1069AE790938F0E8093900EB7
:1070C000CE0101960E94FF6687E499E20E94AF67B5
:1070D0000FB6F894DEBE0FBECDBE2496ECE00C9445
:1070E000E0DDEF92FF920F931F93CF93DF93FB01AD
:1070F000D081DD2331F17B018C016D2F0E94DC9D5D
:10710000F801C189C195FFEFEF1AFF0AF7018191DC
:107110007F01F801882341F09089C90FD82F682F8B
:10712000C8010E94DC9DF2CFD03249F08389918959
:10713000890F8C0FCDB7DEB7E6E00C94E6DD8089D1
:10714000F8CF80E0F7CF1F93CF93DF93162FC82F90
:10715000D0E060FF0CC086E08C9FF0018D9FF00DA9
:107160001124EB53F94F808191810E94972011FFE8
:1071700015C086E08C9FF0018D9FF00D1124EB531C
:10718000F94F828193818E36910514F08EE690E05E
:1071900090936408809363080E94AA6512FF12C04E
:1071A00086E08C9FF0018D9FF00D1124EB53F94F79
:1071B000848195818F3F910519F010F08FEF90E059
:1071C0008093FC06DF91CF911F910895A6E0B0E077
:1071D000ECEEF8EB0C94BEDD1C017A8369832B8303
:1071E0003C834D835E832701380181E08093C40690
:1071F0000E94715183E080935D013092C30620921A
:10720000C20689819A819093C1068093C0068B81C2
:107210009C81AD81BE818093BC069093BD06A093F6
:10722000BE06B093BF064092B8065092B90660926F
:10723000BA067092BB06A092B406B092B506C09290
:10724000B606D092B7069092530E8092520E8B8D56
:107250009C8D9093B3068093B2061092B106269649
:10726000E2E10C94DADD8091B4069091B506A0912C
:10727000B606B091B706B7FF08C01092B4061092D8
:10728000B5061092B6061092B7068091B006882314
:1072900031F08091B4068093AF061092C4068091BD
:1072A000AE061816D4F4082E000C990B0197209105
:1072B000AF06022E000C330B2817390774F08093A9
:1072C000AF06092E000CAA0BBB0B8093B40690935B
:1072D000B506A093B606B093B7068091AF0690911D
:1072E000AD06891714F48093AD062091AD06022EE9
:1072F000000C330B2C5F3F4F482F082E000C550B12
:10730000241735071CF484508093AD060895B0E02F
:10731000A0E0EDE8F9EB0C94C4DD8B01FC01608189
:1073200071818281938143E050E00E9413346B01AC
:107330007C01C114D104E104F10409F46AC0F7FE30
:1073400068C0F094E094D094C094C11CD11CE11C9E
:10735000F11C8DE2E801CC55D94F8883013011052D
:1073600099F4C701B60120E137E240E050E00E9405
:1073700028DDCA01B9012AE030E040E050E00E9477
:1073800028DD605D6093A606C701B60128EE33E0F4
:1073900040E050E00E9428DD8AE0882E912CA12C4C
:1073A000B12CCA01B901A50194010E9428DD605DDC
:1073B0006093A7068EE28093A806C701B60124E673
:1073C00030E040E050E00E9428DDCA01B901A5018B
:1073D00094010E9428DD605D6093A906C701B60193
:1073E000A50194010E9428DD6B017C01CA01B9014D
:1073F000A50194010E9428DD605D6093AA06F0E378
:10740000CF0EC092AB06CE01CDB7DEB7ECE00C9448
:10741000E0DD80E29FCFA6E0B0E0E1E1FAEB0C9482
:10742000BEDD1C017E836D83E982FA820B831C839F
:10743000CA01B9010E94D5DE2B013C01ED81FE811C
:1074400060817181828193810E94D5DE5B016C0134
:10745000A418B508C608D708C801B7010E94D5DE30
:107460007B018C01E418F508060917091F921F9289
:1074700082E6882E81E5982EA30192016D817E819E
:10748000C101A4DE0F900F902696E2E10C94DADDA4
:10749000B0E0A0E0EEE4FAEB0C94BEDD1C01EB01E1
:1074A0004801CA01B9010E94DCD62AE037ED43E267
:1074B0005DE30E943DD70E94D5DE2B013C0168812F
:1074C00079818A819B810E94DCD62AE037ED43E2F4
:1074D0005DE30E943DD70E94D5DE5B016C01A418DC
:1074E000B508C608D70888E79FE0A0E0B0E07C01B7
:1074F0008D01E418F508060917099F928F9288E517
:10750000882E81E5982EA3019201BE01C1015EDEA5
:107510000F900F90CDB7DEB7E2E10C94DADD8F92D9
:107520009F92AF92BF92CF92DF92EF92FF920F9312
:107530001F937901F8019A01550F440B550BDB019C
:10754000AD90BC900B2C000CCC08DD08A21AB30A3D
:10755000C40AD50A0F2C000C000B110BE21AF30A17
:10756000040B150BFF93EF93E7E68E2EE1E59E2EBD
:107570002DDE0F900F901F910F91FF90EF90DF90F5
:10758000CF90BF90AF909F908F900895B0E0A0E013
:10759000ECECFAEB0C94C4DDEC018B016091A006DD
:1075A00070E090E080E00E94DED629EC38EC48ECF8
:1075B0005EE30E943DD720E030E040E05FE30E94C0
:1075C000F6DD0E94D5DE1F930F932EE4822E21E577
:1075D000922E5B016C0114E6E12EF12C00E010E02C
:1075E00020E030E0A90160EA76E0CE01EFDD0F9007
:1075F0000F90CDB7DEB7ECE00C94E0DD90E0FC013D
:10760000E751F74D2491FC01ED53F54D34918D5523
:10761000954DFC018491882359F12223C1F021501A
:107620002A30A8F4E22FF0E0E85EF4440C94A3DDE5
:107630003DBB41BB22BB39BB27BB27BB44BB4ABBBD
:107640004EBB54BB909180009F7790938000E82FB1
:10765000F0E0EE0FFF1FE157F54DA591B4918FB704
:10766000F894EC91611124C030953E233C938FBF78
:107670000895909180009F7DE8CF94B59F7794BD49
:10768000E6CF94B59F7DFBCF9091B0009F7790930C
:10769000B000DDCF9091B0009F7DF9CF9091900028
:1076A0009F7790939000D3CF909190009F7DF9CFDA
:1076B0003E2BDCCF8F929F92AF92BF92CF92DF9200
:1076C000EF92FF926B017C010E94879D4B015C0150
:1076D000C114D104E104F104B9F00E94879D681936
:1076E00079098A099B09683E73408105910580F3F9
:1076F00021E0C21AD108E108F10888EE880E83E083
:10770000981EA11CB11CE4CFFF90EF90DF90CF90AA
:10771000BF90AF909F908F900895A1E0B0E0E3E913
:10772000FBEB0C94C5DD8C016C01C60ED71EF12C51
:10773000E12CC016D10609F444C0A0905208B090C4
:107740005308F80191908F019982C5010E94E1DCF4
:10775000981649F1692DC5010E94E9DCFFEFEF1A87
:10776000FF0AC7018F779927892BB1F062E070E09B
:1077700080E090E09FDFC5010E94E1DC99818917DC
:1077800091F00E942B7283EE9AE20E94D87181E000
:107790002196EBE00C94E1DD62E070E080E090E0A7
:1077A0000E94C16EE8CFCE0101960E946B9D809130
:1077B0005208909153080196909353088093520871
:1077C000B8CF80E0E5CF2FB7F89460913C0F70916F
:1077D0003D0F80913E0F90913F0F2FBF0895CF93A3
:1077E000DF93C0918B08D0918C08209721F1609194
:1077F0008708709188088091890890918A080E9472
:10780000D5DE6E5F7F4F24976C177D07A4F47093CD
:10781000F8046093F704D7DF605C73468F4F9F4F87
:107820006093F9047093FA048093FB049093FC0432
:10783000DF91CF9108951092F9041092FA041092FA
:10784000FB041092FC04F4CF1F920F920FB60F921C
:1078500011242F933F938F939F93AF93BF93809166
:107860003C0F90913D0FA0913E0FB0913F0F309192
:107870003B0F23E0230F2D3758F50196A11DB11DB5
:1078800020933B0F80933C0F90933D0FA0933E0FAE
:10789000B0933F0F8091400F9091410FA091420F04
:1078A000B091430F0196A11DB11D8093400F90939D
:1078B000410FA093420FB093430FBF91AF919F919F
:1078C0008F913F912F910F900FBE0F901F901895A1
:1078D00026E8230F0296A11DB11DD2CFFC01DB01CA
:1078E00011968C9111972281821770F193819817CC
:1078F00058F14C919581491738F514965C910680A2
:10790000F781E02D821B883018F0E90FF11D877098
:10791000969596959695642F677020E830E002C0A2
:10792000359527956A95E2F7989F802D1124469505
:1079300046954695840F9927991FE80FF91F808176
:10794000552319F0282B2083089520952823FBCF59
:10795000DB01ED91FC9109950895A1E0B0E0E3EB26
:10796000FCEB0C94CCDD00915A0E10915B0EE09173
:10797000890EF0918A0E82E0099530E020E04AE01D
:10798000B80188E59EE0E4DF182FE091890EF091C0
:107990008A0E83E00995E091890EF0918A0E80E0CD
:1079A0000995112399F160915A0E70915B0E9E0119
:1079B0002F5F3F4F46E488E59EE0CADF89818093D0
:1079C000580E60915A0E70915B0E9E012F5F3F4FD3
:1079D00047E488E59EE0BCDF89818093590E609181
:1079E0005A0E70915B0E30E020E048E488E59EE09E
:1079F000AFDF8093630E60915A0E70915B0E2BE89F
:107A00003EE047E188E59EE0A3DF11E0812F21966B
:107A1000E4E00C94E8DD0F931F93CF93DF93082FDE
:107A2000C4E5DEE06E817F8188A38DE189A311E04A
:107A30001BA38FEF8AA324E73EE04BE388E59EE09B
:107A400087DF6E817F8108A385E289A31BA380EE77
:107A50008AA324E73EE04BE388E59EE079DFDF91EF
:107A6000CF911F910F910895B0E0A0E0EAE3FDEB04
:107A70000C94C8DDEC01F42E122F062F020FEE2419
:107A8000EA946C018CE1C80ED11C802F811B183048
:107A9000F0F41123B9F097E019276A817B818C8F6C
:107AA000FD8E1F8E1F5F17708FEF90E0012E01C0BB
:107AB000880F0A94EAF78E8F9E01245E3F4F4BE3B6
:107AC000CE0146DFCDB7DEB7E8E00C94E4DD6A8195
:107AD0007B818C8FFD8E1F8EEE8E96014BE3CE0147
:107AE00037DF1850D2CFEF92FF921F93CF93DF93DF
:107AF000EC01EE85FF85309709F00995EA80FB805F
:107B0000E9A9FAA982E00995E9A9FAA981E009950C
:107B100030E020E045E1B701CE011ADF182F8823BD
:107B200039F09E012D5C3F4F47E1B701CE0110DFD8
:107B3000E9A9FAA980E00995812FDF91CF911F91E2
:107B4000FF90EF900895DC0114968D919C9115970C
:107B50008617970709F43CC015967C936E9314978B
:107B60006115710579F157968C915797FB01811139
:107B700030C03596E4915896EC935897645F7F4FE8
:107B8000FB01649159966C93599758968C9158972C
:107B9000082E000C990B59962C915997821B91092C
:107BA00027FD93955A962C915A97203441F0829F45
:107BB000C001112426E0969587952A95E1F75B96FA
:107BC0008C935B9780ED9DE956969C938E93559789
:107BD0000895813041F43F96E4915896EC9358977C
:107BE000605F7F4FCDCF3D96E4915896EC935897C8
:107BF000625F7F4FC5CF0F93FC010150040F84A932
:107C000096A9941788F0081710F4041778F42150F7
:107C1000260F83A995A9961758F0281760F481E0DC
:107C2000261720F40F910895081778F780E0FACF0F
:107C30002817A8F7FBCF81E0F5CF0F93CF93C82F7C
:107C400001E020E8482F60E088E59EE0D4DF88234B
:107C500031F020E84C2F60E088E59EE005DFCF9111
:107C60000F910895B0E0A0E0E8E3FEEB0C94C7DDCF
:107C7000E82E6B01142FCB010E94D037C6E0EC9E9A
:107C8000700111241123F9F091E09093780E8C9FEC
:107C9000E0011124CE5FBB24BA94BE0C0CE02C2F63
:107CA00042E36B2D88E59EE0A6DF882351F0D2E306
:107CB0002C2F4D2F6B2D88E59EE0D6DEDF5FDE3367
:107CC000B9F71092780EA6016CE38E2D0E94A96779
:107CD000112319F081E08093780ECDB7DEB7E9E08B
:107CE0000C94E3DDB0E0A0E0E8E7FEEB0C94C1DD2E
:107CF000EC01E62E142F622F0E94DC9D6C0180E0C7
:107D0000C114D104A9F08C819D810E94D29DA82E1E
:107D1000FB88BC888989E80E1B198A89181B0B2DE2
:107D20002F2D412F6E2DCE0166DF811106C088896F
:107D3000CDB7DEB7EFE00C94DDDD87E0F80EF6940A
:107D4000F694F6948F2C912CCA0CD11C012F0B0D9C
:107D50003E01ECE16E0E711C5601101741F35E2CD2
:107D600011C0F50184916A817B815C8E1D8F1F8E0D
:107D70008E8F93014BE3CE01EBDDFFEFAF1ABF0A0D
:107D800088E0580E8A2D8C198F1558F31F5FC80C88
:107D9000D91CE2CFFF920F931F93CF93DF93D82F7D
:107DA000F62E8A01E0916D0EF0916E0E88E59EE050
:107DB0000995F80EC0E0F8012491222351F04F2DCF
:107DC0006D2F88E59EE08EDFD80FC80F0F5F1F4F25
:107DD000F2CF8C2FCDB7DEB7E5E00C94E7DDB0E055
:107DE000A0E0E5EFFEEB0C94C0DDEC01562E142F65
:107DF000622E402E220F220F220FFDDE882311F16A
:107E0000410E5E018CE1A80EB11C862C912C762CC3
:107E1000052D6701F60184916A817B810C8F1D8F8E
:107E20001F8E8E8F95014BE3CE0192DDFFEFCF1AAF
:107E3000DF0A7A94085F7110EDCFE80CF91C1F5F20
:107E40004112E5CFCDB7DEB7E0E10C94DCDDCF9396
:107E5000DF93EC018991882319F00E946471FACFB5
:107E6000DF91CF910895A8E3B0E0E9E3FFEB0C9434
:107E7000CADD7A0122E48F3F09F024E580E289839C
:107E80001A828E010F5F1F4FF80101900020E9F761
:107E9000CF010197801B910B8233910510F5F801FA
:107EA000E80FF91F20838133910521F08C0F9D1F6E
:107EB000FC011282F80101900020E9F7CF0101973F
:107EC000801B910B8233910560F42AE3F801E80FDF
:107ED000F91F20838133910521F08C0F9D1FFC0138
:107EE0001282FB0180819181A281B3818CAB9DAB19
:107EF000AEABBFAB82E088AFBE016C5C7F4FC80108
:107F00000E9464A1F80101900020E9F7CF010197D8
:107F1000801B910B8233910550F443E350E0481BE2
:107F2000590B6FEF74E2800F911F0E94D2D5F701B9
:107F300080819181A281B3818CAB9DABAEABBFAB95
:107F400082E088AFBE016C5C7F4FC8010E9464A1D3
:107F5000C8017DDF62E070E080E090E0ABDBE89696
:107F6000E6E00C94E6DDCF93DF930E942B72C09184
:107F7000DE06D091DF0686E899E20E94D871CE0134
:107F800066DF83E899E20E94D871DF91CF9108956E
:107F9000ACE0B0E0EEECFFEB0C94CADD8C017F931B
:107FA0006F935F934F9389E492E09F938F939E0129
:107FB0002F5F3F4F79013F932F930E946AE1F801B1
:107FC00001900020E9F7CF010197801B910B0FB6BC
:107FD000F894DEBF0FBECDBF8431910548F445E172
:107FE00050E0481B590BB701800F911F0E9421D60A
:107FF000C8012C96E6E00C94E6DDA1E7B0E0E3E0F2
:10800000F0EC0C94C8DDD82E7E0186E6E80EF11C5B
:1080100060918B0870918C08072E000C880B990BCF
:108020000E94DED6F70160837183828393838091FF
:10803000870890918808A0918908B0918A0889835F
:108040009A83AB83BC83A7018E010F5F1F4FB801DA
:1080500080E809DF6091630870916408072E000CC6
:10806000880B990B0E94DED6F701608371838283AF
:10807000938380915F0890916008A0916108B0910E
:10808000620889839A83AB83BC83A701B8018FEF11
:10809000EADEFFEFDF1631F0DD2009F473C0D12CEA
:1080A000C12C03C0C0906508D12C45E650E067E0C4
:1080B00075E2C8010E94D2D5DF92CF928DE492E0A2
:1080C0009F938F93FF92EF920E946AE1F8010190D3
:1080D0000020E9F7CF010197801B910B0F900F90C3
:1080E0000F900F900F900F908436910548F445E65D
:1080F00050E0481B590BB701800F911F0E9421D6F9
:10810000D0906508F80101900020E9F7CF010197B0
:10811000801B910B8436910550F445E650E0481BD6
:10812000590B62E075E2800F911F0E94D2D51F9219
:10813000DF928DE492E09F938F93FF92EF920E94E3
:108140006AE1F80101900020E9F7CF010197801B57
:10815000910B0F900F900F900F900F900F9084360F
:10816000910548F445E650E0481B590BB701800FD4
:10817000911F0E9421D6C8016ADECF58DF4FE8E088
:108180000C94E4DDC0908D088FCF809150018F3723
:10819000E8F18F5790918D089093F80E9923A1F1F3
:1081A0005D9A909165089093F70E9923C1F15C9ABE
:1081B0008F5F809350018091F60E91E08927809324
:1081C000F60E81110E943C5D80914F0191E0980F65
:1081D00085300CF090E0823009F46EC014F58823ED
:1081E000B1F1813009F45DC090934F010E94D53206
:1081F00080910D0790910E07009729F001979093B9
:108200000E0780930D0708955D98CBCF9091F80EDF
:10821000891708F05D989091F70E891748F25C98DD
:10822000C7CF843009F45FC00CF459C08530E1F643
:108230002091F50E211102C08093F50E8091F50E6C
:1082400081508093F50E882379F295E0CDCF80910F
:108250004E018F5F80311CF480934E01C5CF109288
:108260004E018091F604811113C020918308309152
:108270008408309386082093850820915B0830910C
:108280005C0830935E0820935D0881E08093F604DB
:10829000109284081092830810925C0810925B0878
:1082A000A3CF10927B0087E480937C0080917A00BA
:1082B000806480937A0098CF80917A0086FD26C0F2
:1082C0004091780050917900209183083091840882
:1082D000240F351F309384082093830885CF109294
:1082E0007B0086E4E1CF80917A0086FD11C0409149
:1082F00078005091790020915B0830915C08240F40
:10830000351F30935C0820935B086ECF92E06CCFF2
:1083100094E06ACF0F930FB70F9300916E000D7F1B
:1083200000936E0078940F930BB70F930CB70F92D6
:108330001F922F933F934F935F936F937F938F93EE
:108340009F93AF93BF93EF93FF9311241EDFFF9191
:10835000EF91BF91AF919F918F917F916F915F91BD
:108360004F913F912F911F900F900CBF0F910BBF1A
:108370000F910260F89400936E000F910FBF0F9160
:10838000189520918B0830918C08263531053CF4E6
:1083900020916308309164082630310524F0882349
:1083A00041F00C94B333662321F00E94D5330C9432
:1083B000DBB10895CF93DF9310924D01C3E8D8E06D
:1083C000198618860CDA1A865D98CBE5D8E01986EE
:1083D00018860E94AA651A865C98DF91CF9108954D
:1083E000EF92FF920F931F93CF93C82F7B018A01C7
:1083F000809101058330A8F08091DF0E811111C0BA
:108400000E942872C7010E94D87185E694E20E94FA
:10841000D871CF3FE9F481E694E20E94D8710E94BE
:108420003B72C8DFA8958091DF0E81111FC081E0EB
:108430008093DF0E82E080930105BCDF6AE574E281
:10844000CF3F11F06EE574E240E0C8010E94387938
:10845000C7FDE5CF85E40E9464716C2F0C2E000CE3
:10846000770B880B990B0E944AB2D9CFCF911F91FD
:108470000F91FF90EF900895B0E0A0E0E2E4F2ECFD
:108480000C94BFDDEC015B014A01322EFA01408001
:10849000518062807380A30192016D817E818F8102
:1084A00098850E94D8D68823A1F04D825E826F8283
:1084B00078867724739420E030E0A901F40160818C
:1084C0007181828193810E9459DF18160CF0712C02
:1084D0007C828C818230A1F0833009F44AC08130E3
:1084E000A1F52D813E814F815885F5016081718113
:1084F000828193810E94D8D687FD27C082E08C8339
:10850000F50120813181428153816D817E818F818E
:1085100098850E94F5DD2B013C0155D94B015C018A
:10852000A7019601C301B2010E94D8D6181694F093
:108530009801A8EEB3E00E9454DD860E971EA81E97
:10854000B91E88829982AA82BB82CDB7DEB7E1E1EB
:108550000C94DBDD88819981AA81BB8188199909F6
:10856000AA09BB09181619061A061B0674F383E03C
:108570008C834FED54E26FEE74E2832D31DFE5CF53
:1085800043E854E260E974E22BCFCF93DF93A895E0
:1085900080918508909186080E94E1A060938708E9
:1085A000709388088093890890938A0880915D0869
:1085B00090915E080E94E89F60935F087093600846
:1085C0008093610890936208C0918508D0918608D5
:1085D0008091570190915801C817D90710F480E095
:1085E000CFDF80918B0890918C08181619066CF4D7
:1085F00080915501909156018C179D0730F440EC05
:1086000054E26DEC74E280E0EBDE20915301309196
:10861000540180915D0890915E088217930710F4D1
:108620008FEFAEDF809163089091640818161906E9
:108630008CF4209151013091520180915D0890910C
:108640005E082817390730F440EC54E26DEC74E210
:108650008FEFC6DEDF91CF910895A4E0B0E0E3E3B1
:10866000F3EC0C94C0DD80910105811105C0A89543
:108670002496E0E10C94DCDD8091F40E8111F8CFBA
:1086800081E08093F40E8091F604811103C0109272
:10869000F40EEECF7ADF1092F60495D84B015C0110
:1086A00060915B0170915C01072E000C880B990BA7
:1086B0000E94DED62B013C01AC019B016091870832
:1086C000709188088091890890918A080E9459DFEA
:1086D000181614F480E054DF60918B0870918C08B8
:1086E000072E000C880B990B0E94DED669837A83D3
:1086F0008B839C83C12CD12C30E8E32E30E4F32E05
:1087000008E210E020E0AE014F5F5F4F67E878E0DD
:1087100086E59FE0B1DEC0908708D0908808E090A1
:108720008908F0908A086091590170915A01072ECA
:10873000000C880B990B0E94DED69B01AC01C7018F
:10874000B6010E9459DF18160CF0D5C0A70196019A
:10875000C301B2010E9459DF18160CF0CCC0809101
:10876000EC0E811109C083E898E09093EB0E8093A2
:10877000EA0E81E08093EC0E8AEE9EE00E94789EE5
:108780000E94D5DE7595679560938D088091F904F8
:108790009091FA04A091FB04B091FC040097A1050C
:1087A000B105E1F088199909AA09BB09181619063B
:1087B0001A061B069CF060918708709188088091CA
:1087C000890890918A080E94D5DE2091F7043091A3
:1087D000F804621773070CF490C001D820E030E071
:1087E00040EF52E460915F087091600880916108E9
:1087F000909162080E9459DF181614F48FEFC0DEC2
:108800008091F2049091F304A091F404B091F504E6
:108810000097A105B105E9F088199909AA09BB09D2
:10882000181619061A061B06A4F060915F087091CD
:10883000600880916108909162080E94D5DE2091C5
:10884000F0043091F104621773070CF45DC00E94CC
:10885000AA656091630870916408072E000C880B6C
:10886000990B0E94DED669837A838B839C83C12C0B
:10887000D12CE12C90E4F92E04E110E02FEFAE01B1
:108880004F5F5F4F6FE578E08FE59FE0F5DDC090CB
:108890005F08D0906008E0906108F090620820E0E6
:1088A00030E040EA50E4C701B6010E9459DF87FD7D
:1088B00032C020E030E040EF52E4C701B6010E9430
:1088C000D8D6181644F18091E20E811109C08BE5CB
:1088D00098E09093E10E8093E00E81E08093E20EA9
:1088E00080EE9EE00E94789E0E94D5DE7595679589
:1088F00060936508CCCE60E047CF42EA54E261EB7A
:1089000074E280E06DDD6ACF42EA54E261EB74E22A
:108910008FEF66DD9ECF60E0EBCFCF92DF92EF92DC
:10892000FF92CF93DF93EC01C880D980EA80FB806F
:1089300080E594E20E94D871C701B6010E944AB254
:10894000CC80DD80EE80FF8088E89AE20E94D871BA
:10895000C701B6010E944AB2488559856A857B8560
:1089600084E89AE20E947E72DF91CF91FF90EF90AF
:10897000DF90CF900895CF93C82F0E946F2394E08B
:10898000C99F90011124F901EC52FB4F20523B4F3B
:10899000D9014D915D916D917C91408351836283AA
:1089A000738391E09093D30481110E94A46ECF91C0
:1089B0000895FC0190E1A0EEB4E001900D929A952B
:1089C000E1F70895A7E0B0E0E8EEF4EC0C94BEDD2A
:1089D0008FEF9FEF90938900809388002AE02D838A
:1089E0001F821E828091DD0E9091DE0E892B09F090
:1089F0009FC18091D3048823E1F08091440F90912E
:108A0000450F1092D304892B09F492C11092450F9F
:108A10001092440F1092AB089091E5088091E608FF
:108A2000981709F485C18091E6080E94F75D80934C
:108A3000E6088091440F9091450F892B09F478C185
:108A40004091D30E5091D40E6091D50E7091D60EF8
:108A50008091CF0E9091D00EA091D10EB091D20EF8
:108A6000481759076A077B0708F062C10091440163
:108A700010E030E020E0841B950BA60BB70B081725
:108A800019072A073B0710F4D901C801282F840FC2
:108A9000951FA61FB71F8093D30E9093D40EA0935B
:108AA000D50EB093D60E91E08090970E9090980ED0
:108AB000A090990EB0909A0E4091AB0E5091AC0ED2
:108AC0006091AD0E7091AE0E40909B0E50909C0E3A
:108AD00060909D0E70909E0E440D551D661D771D75
:108AE00080E077FD05C0481959096A097B0981E0D2
:108AF0004093AB0E5093AC0E6093AD0E7093AE0EE0
:108B00004091AF0E5091B00E6091B10E7091B20EC7
:108B100040909F0E5090A00E6090A10E7090A20EFB
:108B2000440D551D661D771D77FD05C082604819EF
:108B300059096A097B094093AF0E5093B00E6093B8
:108B4000B10E7093B20E4091B30E5091B40E60917D
:108B5000B50E7091B60E4090A30E5090A40E60908A
:108B6000A50E7090A60E440D551D661D771D77FD50
:108B700005C08460481959096A097B094093B30EFE
:108B80005093B40E6093B50E7093B60E4091B70E2D
:108B90005091B80E6091B90E7091BA0E4090A70E28
:108BA0005090A80E6090A90E7090AA0E440D551D0D
:108BB000661D771D77FD05C08860481959096A0947
:108BC0007B094093B70E5093B80E6093B90E709323
:108BD000BA0E911104C04091840050918500482F35
:108BE00050E0382F317080FF1CC08091930E082E0A
:108BF000000C990BAA0BBB0B8090E0049090E10451
:108C0000A090E204B090E304880D991DAA1DBB1D3D
:108C10008093E0049093E104A093E204B093E30412
:108C20005F9A41FBEE24E0F8F12C41FF1CC08091DB
:108C3000940E082E000C990BAA0BBB0B8090E40439
:108C40009090E504A090E604B090E704880D991D8B
:108C5000AA1DBB1D8093E4049093E504A093E60451
:108C6000B093E704469A42FB222420F8312C42FFBD
:108C70001CC08091950E082E000C990BAA0BBB0B03
:108C80008090E8049090E904A090EA04B090EB048E
:108C9000880D991DAA1DBB1D8093E8049093E904DB
:108CA000A093EA04B093EB042B9A63E055954795A3
:108CB0006A95E1F741155105E1F08091960E082E75
:108CC000000C990BAA0BBB0B8090EC049090ED0468
:108CD000A090EE04B090EF04880D991DAA1DBB1D55
:108CE0008093EC049093ED04A093EE04B093EF0412
:108CF000299A8091840090918500809184009091C0
:108D0000850031115F98E114F10409F046982114AF
:108D1000310409F02B98452B09F02998222321F0E2
:108D20008091840090918500215090E009F0BCCEA4
:108D3000C0906201D0906301C114D10409F03FC01A
:108D40000091D9061091DA060115110509F42CC01D
:108D500083B18470B82E82E00E94571C00C000C00E
:108D6000101611060CF010C22A9A00C000C02B9AEF
:108D700000C0000082E090E00197F0F72B9800C05F
:108D800000C0BB2009F402C22A9A00C000C0809132
:108D9000D9069091DA06101611060CF0F9C1019768
:108DA0009093DA068093D9060E94AA6E882309F46C
:108DB000F1C180ED97E09093630180936201789414
:108DC0008091DD0E9091DE0E892B09F062C1209119
:108DD000840030918500809144018230B0F0409150
:108DE000DB0E5091DC0E420F531F6091D70E709135
:108DF000D80E6417750748F090E095958795809395
:108E000044011092DA0E1092D90E31952195310954
:108E10003093DC0E2093DB0E1092D80E1092D70EFA
:108E2000E091440FF091450F309709F415C38091FC
:108E3000D30E9091D40EA091D50EB091D60E409144
:108E4000CF0E5091D00E6091D10E7091D20E84173A
:108E50009507A607B70708F4A0C11092450F109216
:108E6000440F1092AB089091E5088091E60898179E
:108E700009F4F2C28091E6080E94F75D8093E6084B
:108E800000ED17E08091440F9091450F892B09F078
:108E9000FCC00E94FD5D9093450F8093440F892B89
:108EA00009F4F3C0E091440FF091450F808182FDF9
:108EB000A9C280E0858C968CA78CB0A08114910407
:108EC000A104B10409F081E001A112A123A134A100
:108ED000011511052105310509F0826045A156A152
:108EE00067A170A5411551056105710509F0846000
:108EF0008093AB0885A596A5A7A5B0A98093CF0EB2
:108F00009093D00EA093D10EB093D20E442455244A
:108F10003201481A590A6A0A7B0A4092AB0E5092F3
:108F2000AC0E6092AD0E7092AE0E4092AF0E5092AB
:108F3000B00E6092B10E7092B20E4092B30E50928B
:108F4000B40E6092B50E7092B60E4092B70E50926B
:108F5000B80E6092B90E7092BA0E41A452A463A4E6
:108F600074A4440C551C661C771C880C991CAA1C04
:108F7000BB1C80929B0E90929C0EA0929D0EB09274
:108F80009E0E000F111F221F331F00939F0E109380
:108F9000A00E2093A10E3093A20E440F551F661F02
:108FA000771F4093A30E5093A40E6093A50E709369
:108FB000A60E4092A70E5092A80E6092A90E709233
:108FC000AA0E880F991FAA1FBB1F8093970E90931C
:108FD000980EA093990EB0939A0E1092D30E109201
:108FE000D40E1092D50E1092D60E81A992A9A3A9E3
:108FF000B4A98093CB0E9093CC0EA093CD0EB093DA
:10900000CE0E85A996A9A7A9B0AD8093BB0E90936B
:10901000BC0EA093BD0EB093BE0E9091AC0885AD72
:10902000981721F08093AC080E9492A10E94D5323B
:109030001092DA0E1092D90EE091440FF091450F84
:10904000EE5BFF4F60817181828193816093C30EDB
:109050007093C40E8093C50E9093C60E0E946BA0B1
:109060008C0196958795B0E0A0E08093BF0E909319
:10907000C00EA093C10EB093C20E8093C70E909302
:10908000C80EA093C90EB093CA0E1093DE0E0093C3
:10909000DD0EC114D10469F48091DD0E9091DE0ED5
:1090A0008A3F910530F42AEF30E03093DE0E2093B2
:1090B000DD0E40916201509163012091DD0E3091EF
:1090C000DE0E4F3F540751F0C9019695879548171A
:1090D000590720F4909363018093620180916201AB
:1090E00090916301AC012817390708F4A901241BEA
:1090F000350B3093DE0E2093DD0E8F3F980731F055
:10910000841B950B90936301809362018E819F81F4
:10911000840F951F9F838E83F89480918400909193
:1091200085004096AD81A150AD83AA2331F0EE8138
:10913000FF81E817F90708F455CC4091840050915D
:1091400085002091DB0E3091DC0E240F351F30930B
:10915000DC0E2093DB0E2E813F812817390708F0A3
:109160006BC120914401203138F4220F2093440137
:109170001092DA0E1092D90E909389008093880095
:109180002796E2E10C94DADD2A98EFCD2A98FDCDFE
:10919000019606CE8FEF9FEF0ECE4091CB0E5091F1
:1091A000CC0E6091CD0E7091CE0E84179507A60758
:1091B000B70708F07BC04091C70E5091C80E609170
:1091C000C90E7091CA0E49835A836B837C8381AD2B
:1091D00092ADA3ADB4AD1127499F012D5A9F9001C7
:1091E0006A9F300D699F200D311D4A9F000D211D82
:1091F000311F599F000D211D311F689F000D211D3A
:10920000311F589F010D211F311FB49F000F201DDA
:10921000311DB59F300D1124DF01AE5BBF4F8D9125
:109220009D910D90BC91A02D820F931FA11DB11D8A
:109230008093C30E9093C40EA093C50EB093C60E38
:10924000FE964081518162817381481759076A07F0
:109250007B0740F44093C30E5093C40E6093C50E39
:109260007093C60E6091C30E7091C40E8091C50EAE
:109270009091C60E0E946BA08C0189819A81AB816E
:10928000BC81800F911FA11DB11D8093C70E9093CB
:10929000C80EA093C90EB093CA0E1092BF0E1092C2
:1092A000C00E1092C10E1092C20EECCD4091BB0EBA
:1092B0005091BC0E6091BD0E7091BE0E8417950743
:1092C000A607B70708F46CC06091BF0E7091C00E7E
:1092D0008091C10E9091C20E69837A838B839C83A7
:1092E00081AD92ADA3ADB4AD49815A816B817C81D2
:1092F0001127499F012D5A9F90016A9F300D699F48
:10930000200D311D4A9F000D211D311F599F000D59
:10931000211D311F689F000D211D311F589F010D18
:10932000211F311FB49F000F201D311DB59F300D2F
:109330001124A90170E060E08091C30E9091C40EE9
:10934000A091C50EB091C60EEA5BFF4F008111815E
:1093500022813381481759076A077B0758F4841B19
:10936000950BA60BB70B081719072A073B0710F434
:109370008C019D01C901B8010E946BA08C018981FB
:109380009A81AB81BC81800F911FA11DB11D80937B
:10939000BF0E9093C00EA093C10EB093C20E72CDBB
:1093A0008091D90E9091DA0E892B39F58F01025CEC
:1093B0001F4FD8016D917D918D919C910E946BA062
:1093C0009093DA0E8093D90EF80140815181628129
:1093D00073814093C30E5093C40E6093C50E709377
:1093E000C60E96958795B0E0A0E08093BF0E90934F
:1093F000C00EA093C10EB093C20E0091D90E109171
:10940000DA0E40CD808182FF03C0CF014D96D1DAC4
:109410001092450F1092440F1092AB089091E508FE
:109420008091E608981709F434CD8091E6080E94EF
:10943000F75D8093E6082DCD8091D70E9091D80EE0
:10944000841B950B4E815F81840F951F9093D80EDE
:109450008093D70ECA0190CE00ED17E01ACD0F937E
:109460000FB70F9300916E000F930D7F00936E0066
:1094700000916F000D7F00936F000F930BB70F9358
:109480000CB70F921F922F933F934F935F936F935D
:109490007F938F939F93AF93BF93EF93FF93112489
:1094A00091DAFF91EF91BF91AF919F918F917F9151
:1094B0006F915F914F913F912F911F900F900CBF33
:1094C0000F910BBF0F910260F89400936F000F9102
:1094D00000936E000F910FBF0F91189580E00E94CE
:1094E000271C81E00E94271C82E00E94271C0C940C
:1094F000121CA5E0B0E0EFE7FAEC0C94BEDD482EBC
:1095000070939F0660939E060E9433B97090AD06DB
:10951000372C85E0870D898355245394EFE0EE2E98
:10952000E9E2FE2EF3E1CF2EF9E2DF2EA0E2AA2E31
:10953000A9E2BA2E82E087198A83042D10E0952DC6
:1095400097199B83272C2194B9E08B2EB9E29B2E8F
:1095500083E0481609F4CEC07110A4C14092D2062F
:109560001092D6061092D5061092D4061092D30609
:109570005520D9F08091AF061816BCF04091B40682
:109580005091B5066091B6067091B7064F5F5F4F78
:109590006F4F7F4F4093B4065093B5066093B60665
:1095A0007093B7068F5F8093AF0680915D0160E492
:1095B00079E28111DFC01D830C8393E0491609F421
:1095C00082C1C801880F991F880F991F8D5D964D24
:1095D0000E94D66A20E030E040E05FE30E943DD781
:1095E00020E030E040E85FE30E94F6DD20E030E07C
:1095F00040E251E40E9459DF18160CF491C162E078
:10960000662E8C819D81880F991F880F991F8D5D13
:10961000964D0E94D66A20E030E040E05FE30E9471
:109620003DD720E030E040E85FE30E94F6DD20E037
:1096300030E040E85FE30E9459DF1816DCF4761052
:1096400014C01092D206D092D606C092D5061092BF
:10965000D4061092D3068091AF06871509F4C5C0D1
:1096600080915D018111D2C0512C639493E0491621
:1096700009F460C18C819D81880F991F880F991F03
:109680008D5D964D0E94D66A20E030E040E05FE3B9
:109690000E943DD720E030E040E85FE30E94F6DD25
:1096A0002DEC3CEC4CEC5DE30E9459DF18160CF4F9
:1096B00041C182E0481217C0671014C01092D20650
:1096C0009092D6068092D5061092D4061092D306B8
:1096D0008091AF06861509F4C4C080915D018111A7
:1096E000D1C0512C639473949981971131CF6092BA
:1096F000AE0652C080914E0890914F08A09150083C
:10970000B091510880939A0690939B06A0939C0673
:10971000B0939D067110D4C01092D2061092D60656
:109720001092D5061092D4061092D3065520D9F087
:109730008091AF061816BCF04091B4065091B50662
:109740006091B6067091B7064F5F5F4F6F4F7F4FC6
:109750004093B4065093B5066093B6067093B7066F
:109760008F5F8093AF0680915D01882309F423CF3A
:1097700069E379E2822D0E948AB71DCF8091990614
:1097800010929906882309F495C00E94433E809167
:10979000C406882309F48EC02596E2E10C94DADD34
:1097A00081E09091AF06913009F080E024E04FE233
:1097B00059E26B810E9410B881C080919906109285
:1097C0009906882309F495C08CE59BE10E949B5182
:1097D0008091C406882309F48CC0DECF33E0632E69
:1097E00083E090E09D838C832CCF8091990610922A
:1097F0009906882309F434CF87E49BE10E949B51AA
:109800008091C406882309F42BCFC6CF672D631936
:1098100081E09091AF06971180E023E047E159E2A3
:109820000E9410B821CF8091990610929906882342
:1098300009F491C082E39BE10E949B518091C40690
:10984000882309F488C0A8CF672D631981E090911F
:10985000AF06971180E023E047E159E20E9410B87B
:109860007EC08091990610929906882309F435CF1D
:109870008DE19BE10E949B518091C406882309F4ED
:109880002CCF8ACF672D631981E09091AF06971195
:1098900080E023E047E159E20E9410B822CF1D8307
:1098A0000C838FCE81E07812FACF8091AF068130A1
:1098B00009F464CF80915D01811172CF512C7BCE70
:1098C00091E0791691F382E078122EC083E090E067
:1098D0009D838C831092D206B092D606A092D506B4
:1098E0001092D4061092D3068091AF06823009F40C
:1098F00064CF80915D01882361F081E09091AF0693
:10990000923009F080E023E047E159E26A810E9449
:1099100010B893E0512C491659F053E0652E71CEE2
:1099200082E07812FACFD6CF93E0791609F456CFB9
:1099300084E0682E761014C01092D206F092D606FB
:10994000E092D5061092D4061092D3068091AF060D
:10995000871509F468CF80915D01811175CF512C75
:109960006394A7CE81E080938E0810928F081092A6
:1099700090081092910810929208109293081092F9
:1099800094081092950810929608109297081092D9
:1099900098081092990810929A0810929B081092B9
:1099A0009C0810929D0810929E0810929F08109299
:1099B000A0081092A1081092A2081092A308109279
:1099C000A4081092A5081092A6081092A708109259
:1099D000A8081092A9081092AA088093660810920D
:1099E0006708109268081092690810926A0810922D
:1099F0006B0810926C0810926D0810926E0810920D
:109A00006F081092700810927108109272081092EC
:109A100073081092740810927508109276081092CC
:109A20007708109278081092790810927A081092AC
:109A30007B0810927C0810927D0810927E0810928C
:109A40007F0810928008109281081092820810926C
:109A5000560F1092570F1092580F1092590F1092E4
:109A60005A0F10925F0F1092600F1092610F1092B8
:109A7000620F1092630F1092AC081092AB088091A5
:109A8000D1088C3008F06EC091E0980F9093D10807
:109A90008093D20890E0FC01EE0FFF1FE80FF91F42
:109AA000E355F74F88EB9BE09283818385ED98E047
:109AB0009093E2088093E1081092F3081092F40862
:109AC0001092F5081092F6081092EF081092F00824
:109AD0001092F1081092F2081092EB081092EC0824
:109AE0001092ED081092EE081092E7081092E80824
:109AF0001092E9081092EA081092680F1092690F0C
:109B000010926A0F10926B0F1092E6081092E508FF
:109B10001092E4081092E308E7EFF8E087E29EE095
:109B200015AEED5AFF4F8E179F07D1F78CEE97E3D6
:109B30009093530E8093520E1092270E1092510E56
:109B40001092570E1092560E89E392E09093550EA4
:109B50008093540E80E08E7F8D7F8B7F877F8093F4
:109B6000920E08958FEF8093D208A0CFA8E0B0E0C6
:109B7000ECEBFDEC0C94BFDD789484B5826084BD81
:109B800084B5816084BD85B5826085BD85B5816001
:109B900085BD80916E00816080936E00109281007F
:109BA000809181008260809381008091810081603A
:109BB00080938100809180008160809380008091FB
:109BC000B10084608093B1008091B0008160809387
:109BD000B00080919100826080939100809191000B
:109BE00081608093910080919000816080939000CB
:109BF00080917A00846080937A0080917A008260FC
:109C000080937A0080917A00816080937A008091BD
:109C10007A00806880937A001092C1001091720FD0
:109C200014BE1092C0008091C00082608093C0007A
:109C30001092C50080E18093C4008091C1008061D2
:109C40008093C1008091C10088608093C1008091A1
:109C5000C10080688093C1000E94E3BB6B017C015E
:109C600028EEC20E23E0D21EE11CF11C8EE095E02E
:109C70000E94FA6E81110FC00E94E3BBA7019601FA
:109C8000261B370B480B590BDA01C90118161906A8
:109C90001A061B068CF38FEA98E20E94D8710C9A80
:109CA000149810FF04C086EA98E20E94D87111FF50
:109CB00004C085E998E20E94D87112FF04C083E8CD
:109CC00098E20E94D87113FF04C082E798E20E94D4
:109CD000D87115FF04C081E698E20E94D8718DE426
:109CE00098E20E94D8710E942B7287E198E20E944C
:109CF000D8710E942B728FEF97E20E94D8710E9458
:109D00002B7280916C0F90916D0FAE014F5F5F4F82
:109D10006A01009709F003C1CA0182579F409A83E4
:109D2000898369817A8180EF97E20E942E7289EDA2
:109D300097E20E94D87180E395E00E94E66E0E944F
:109D40003B720E94E26084E59EE00E94B0670BE0F7
:109D5000E02E05E2F02E02E120E147E160E088E537
:109D60009EE00E94EFBE88E59EE00E9473BD8111D7
:109D7000EECF68EE73E080E090E00E94C16E84E573
:109D80009EE00E94B06714E4E12E16E2F12E03E19A
:109D900027E047E064E288E59EE00E94EFBE83E0B2
:109DA0000E94EE6648E356E26BE28FE10E94A967EB
:109DB0004BE256E267E38CE10E94A96788E59EE0EA
:109DC0000E9473BD8111DFCF0E94E3BB4B015C0198
:109DD0008091F90E811107C00E941531882319F076
:109DE00081E08093F90E20910205309103054091A6
:109DF00004055091050560914208709143088091D7
:109E00004408909145080E94F6DD609342087093E3
:109E100043088093440890934508209106053091AB
:109E20000705409108055091090560914608709119
:109E3000470880914808909149080E94F6DD609398
:109E400046087093470880934808909349082091EA
:109E50000A0530910B0540910C0550910D0560915C
:109E60004A0870914B0880914C0890914D080E94CF
:109E7000F6DD60934A0870934B0880934C089093EA
:109E80004D080E94372A559A5D98549A5C98249AF6
:109E900087ED80937A0010927E0080917E0080682A
:109EA00080937E0080917E00806480937E0080E8B5
:109EB00087BD80916E00826080936E00E7EDF7E2CF
:109EC000859194918530910514F485E090E090930C
:109ED0005A01809359019C01990F440B550B2D8316
:109EE0003E834F8358870091550110915601C80158
:109EF0000E94E1A02B013C016D817E818F819885BC
:109F00005DD79B01AC01C301B20152D787FF0CC0E2
:109F1000005111091093560100935501E4CF7A01C5
:109F2000E81AF90AC701FBCEEBECF6E285919491B1
:109F30000197843131E0930714F083E191E090932D
:109F40005C0180935B019C01990F440B550B2D83A1
:109F50003E834F8358870091570110915801C801E3
:109F60000E94E1A02B013C016D817E818F8198854B
:109F700025D79B01AC01C301B2010E9459DF18161D
:109F80003CF4005F1F4F1093580100935701E3CF3B
:109F90000091510110915201C8010E94E89F20E0F8
:109FA00030E040EA50E404D787FF07C000511109B0
:109FB0001093520100935101EBCF00915301109186
:109FC0005401C8010E94E89F20E030E040EF52E4D5
:109FD0000E9459DF18163CF4005F1F4F1093540184
:109FE00000935301EACF0E9498333A983B983C98EB
:109FF0001092FF041092FE040E94912F3D9A3F9A06
:10A00000229A209A569A5E9A569A5E9A0D9A159AB4
:10A01000569A5E9A579A5F985E9A8091D7068E7F7D
:10A020008093D7063E9A46985E9A8091D7068D7F98
:10A030008093D706239A2B98159A8091D7068B7F09
:10A040008093D706219A29985E9A809180008C7F10
:10A050008093800080918100877E8860809381005A
:10A06000809180008F738093800080918100887F31
:10A0700082608093810080E090E4909389008093D7
:10A08000880010928500109284000E94A46E78943B
:10A090000E9492A18091D2088C3008F042C090E0DA
:10A0A000FC01EE0FFF1FE80FF91FE355F74F80810A
:10A0B00080788B6180838BE10E9492B21092D308EA
:10A0C0001092D4088091D2082CE0622F0E9463DDA8
:10A0D000829FB001112430E020E0AB01420F531FFA
:10A0E000FA01EE0FFF1FE40FF51FE355F74F9081C4
:10A0F00097FD09C02F5F3F4F2C30310571F781115B
:10A1000002C00E940B6FE091D2088E2F90E0FC01FC
:10A11000EE0FFF1FE80FF91FE355F74F80818068AE
:10A12000808382ED98E00E94FC6E6AE570E082ED2B
:10A1300098E00E941B6F1092D8060E94912F0E94F7
:10A1400050700E940B7080910005811124C00E9404
:10A15000227066E9462E512C612C712C49825A825C
:10A160006B827C82B6018CE80E94E46F49825A823D
:10A170006B827C82B60182E80E94E46F49825A8237
:10A180006B827C82B6018CE80E94E46F0E940B70A7
:10A1900081E08093000588E198E20FB6F894A895D5
:10A1A000809360000FBE909360000E94E3BBDC01CF
:10A1B000CB0188199909AA09BB09883B3BE09307A1
:10A1C000A105B10570F408EB1BE020E030E0680168
:10A1D0007901C81AD90AEA0AFB0AC701B6010E9426
:10A1E000C16E83E08093010521E6E22E30E2F32E7A
:10A1F00046EB842E48E2942E5FEB452E58E2552E16
:10A2000080E00E94007A6DB67EB660910F05709175
:10A21000100510E000E06115710599F58091FA0EC6
:10A22000EAEFFEE08111C8C080911105882309F48E
:10A2300062C0009112050E9D800111240C5E1A4F20
:10A2400080910F0780FF05C00E942B72C8010E94F9
:10A250003125C8010E948B6980E00E944A87809165
:10A260001105882309F447C0909112059F5F94302F
:10A2700008F0CFC0909312058150809311053BC028
:10A280008501FB01E00FF11F349058012FEFA21A56
:10A29000B20A332019F03AE03312F2CF4DB75EB76D
:10A2A0004A195B090FB6F8945EBF0FBE4DBF8DB75C
:10A2B0009EB701966C01A8015AD4F601E00FF11F78
:10A2C0001082332009F475C080910F05909110051C
:10A2D000A80EB91EB0921005A0920F05012B31F007
:10A2E000C6010E948B6980E00E944A870FB6F894ED
:10A2F0007EBE0FBE6DBE9091980680913A0F981762
:10A3000009F47ECF8091980680933A0F8091980649
:10A31000882309F475CF0E942B728AED98E20E947F
:10A32000D8718091980610E280FF0AC080E00E94F8
:10A330000825AB01BC0186ED98E20E94187218E571
:10A340008091980600E281FF0AC081E00E94082502
:10A35000AB01BC0182ED98E20E94187209E5809180
:10A36000980682FF59C082E00E940825AB01BC011B
:10A370008EEC98E20E9418729AE5D92E0E943B72E8
:10A380001F92FF921F92DF921F920F931F921F93B3
:10A390009F928F925F924F921F920E945F5B2DB7A8
:10A3A0003EB7235F3F4F0FB6F8943EBF0FBE2DBFA1
:10A3B00027CFB12CA12C8ECF8F010A5F1E40D190E8
:10A3C000DD2019F09AE0D912F7CF0115110559F0E7
:10A3D000F801E650F14F10828AEF9EE00E948B69EF
:10A3E00080E00E944A8781E0D11001C080E0800FA8
:10A3F000982FE92FF0E0E650F14F2081E92FE81B7C
:10A40000F0E0E650F14F2083222309F474CF9F5FE0
:10A41000F0CF1092120530CF80E2D82EAFCFEF925E
:10A420000F931F93CF93DF93E80134E047FD34E1AE
:10A43000042E000C550B57FF03C05195419551094F
:10A44000E32E022F242FAE0171D7CE01DF91CF91E1
:10A450001F910F91EF9008958F929F92AF92BF92AC
:10A46000CF92DF92EF92FF920F931F93CF93DF93E0
:10A470005C017B016115710519F0DB018D939C93E3
:10A4800085010F5F1F4FF501D0818D2F90E067D3BD
:10A490006C01892BA9F5DD32A9F50F5F1F4FD5019E
:10A4A0001196DC91C1E05801F1E0AF1AB10843E028
:10A4B00050E066E171E0C50192D3892B61F5680136
:10A4C00082E0C80ED11C45E050E061E171E0C601B8
:10A4D00086D3892B21F4680197E0C90ED11CE114C1
:10A4E000F10419F0D701CD92DC9260E070E080E8D1
:10A4F0009FEFC111FAC060E070E080E89FE7F5C00F
:10A500005801BECFDB3229F485010E5F1F4FF501E4
:10A51000D181C0E0C8CF43E050E06EE071E0C501FA
:10A520005ED3892BE9F0F80110E000E020E030E094
:10A53000A9015F01B0ED8B2E8D0E89E08815C8F161
:10A540009C2E689491F88C2F8870C2FF16C08111E0
:10A5500002C00F5F1F4F3196D501DC91C92DE9CFA5
:10A56000E114F10429F00E5F1F4FF70111830083FE
:10A5700060E070E080EC9FE7B8C0882311F00150E4
:10A580001109A5E0B0E00E9444DD9B01AC01220F5F
:10A59000331F441F551F280D311D411D511D2839E2
:10A5A00099E93907490799E15907A8F2C6609C2E35
:10A5B000D2CFAEEF8A1206C0C3FD3CC09C2E689479
:10A5C00093F8C9CFDF7DD534A9F580818D3239F478
:10A5D000C061DF011296818162E070E006C0DF0198
:10A5E0008B32C1F3119661E070E080535D01A61AD1
:10A5F000B70A8A30F8F4E0E8CE16ECE0DE065CF448
:10A60000B601660F771F660F771FC60ED71ECC0CDC
:10A61000DD1CC80ED11C5D01FFEFAF1ABF0A8C9183
:10A6200080538A3098F1C4FF03C0D194C194D108FB
:10A630000C0D1D1DC1FF09C0E114F10431F081E0D2
:10A64000A81AB108D701AD92BC92CA01B901B4D31E
:10A65000C370C33009F490584B015C0120E030E036
:10A66000A901A6D3882309F43EC0C5E4D1E017FFB1
:10A6700005C0119501951109CDE2D1E06E01B8E157
:10A68000CB1AD10880E2E82EF12C0EC0D501B3CF51
:10A69000FE0125913591459154910E191F09C5016F
:10A6A000B401EBD34B015C01D501C4010E151F05AC
:10A6B0007CF72497F594E794CC16DD06A9F78A2F4A
:10A6C000880F8B2F881F8F3F41F020E030E0A901D9
:10A6D000C501B4016DD3811106C082E290E0909370
:10A6E000710F8093700FC501B401DF91CF911F915D
:10A6F0000F91FF90EF90DF90CF90BF90AF909F9021
:10A700008F9008953F924F925F926F927F928F92B7
:10A710009F92AF92BF92CF92DF92EF92FF920F93F0
:10A720001F93CF93DF935C016B017A016115710573
:10A7300019F0FB0191838083E114F10451F0C7010A
:10A740000297839730F040E030E020E090E06AC06C
:10A750005E01E5012196F5011081812F90E0FFD186
:10A76000892BB1F71D3201F52196F501118101E028
:10A77000E114F10409F4E6C0F0E1EF16F10409F088
:10A7800088C0103359F488818F7D883509F07CC0EA
:10A79000198122960260F0E1EF2EF12C812C912C90
:10A7A000A12C88E0B82E92C01B3221F4E50122963C
:10A7B000F501118100E0DCCFEAE0EE16F10409F4C6
:10A7C000C7C0F0E1EF16F10409F073C0E7CF78E0FD
:10A7D000E72EF12C812C912CA12C60E1B62E76C0B5
:10A7E00021E0ADC0302F3170C114D10431F02223EB
:10A7F00071F12197F601D183C08327FF2EC060E05D
:10A8000070E080E090E8311104C06FEF7FEF8FEFD0
:10A810009FE722E230E03093710F2093700F462FB4
:10A82000372F282F642F732F822FDF91CF911F9105
:10A830000F91FF90EF90DF90CF90BF90AF909F90DF
:10A840008F907F906F905F904F903F90089501FFA1
:10A8500004C02297F601D183C083332341F0909541
:10A860008095709561957F4F8F4F9F4FD8CF97FF01
:10A87000D6CF82E290E09093710F8093700F6FEFCC
:10A880007FEF8FEF9FE7CBCF10E3E114F10409F4E2
:10A890009ECF28E0E216F10409F49CCF0CF08CCF97
:10A8A000812C912CA12CE0E4BE2E82E0E816F1046C
:10A8B00069F060E070E080E090E897010F2C000CF8
:10A8C000440B550B0E9406DD49015A0120E060E06F
:10A8D00070E0CB0127010F2C000C66087708FE0101
:10A8E00050ED352E310E39E0331570F43FEB310F5A
:10A8F00049EC342E3A3138F03FE9310F3A3108F063
:10A9000071CF39EA332E310E3E141F040CF06ACF9A
:10A9100027FD15C086169706A806B90678F0A3018C
:10A9200092010E94F7DC630D711D811D911D613044
:10A930007105810520E8920708F452CF2FEF219688
:10A940001081CDCF103309F41ECF2AE0E22EF12C76
:10A950009CEC892E982CA82C9CE0B92EB7CF3F9266
:10A960004F925F926F927F928F929F92AF92BF921F
:10A97000CF92DF92EF92FF920F931F93CF93DF93CB
:10A980005C016B017A016115710519F0FB0191837E
:10A990008083E114F10449F0C7010297839728F0FE
:10A9A00060E070E0CB0199C05E01E5012196F50100
:10A9B0001081812F90E0D3D0892BB1F71D3209F09F
:10A9C0005BC02196F501118101E0E114F10409F465
:10A9D000B9C0F0E1EF16F10409F09AC0103341F468
:10A9E00088818F7D883509F08EC01981229602609A
:10A9F000E0E1EE2EF12C88248A94982CA82CFFE01C
:10AA0000BF2E20E060E070E0CB0127010F2C000C8E
:10AA100066087708FE0150ED352E310E39E033150A
:10AA200068F43FEB310F49EC342E3A3130F03FE916
:10AA3000310F3A31A8F539EA332E310E3E141F0496
:10AA40007CF52F3FB1F086169706A806B90630F1BF
:10AA5000A3019201CCD7232D30E050E040E0620FFB
:10AA6000731F841F951F6217730784079507B0F043
:10AA700021E021961081CECF1B3221F4E5012296F0
:10AA8000F501118100E0A1CF78E0E72EF12C8824B8
:10AA90008A94982CA82C6FE1B62EB3CF2FEFE9CF74
:10AAA000C114D10431F0222351F12197F601D18351
:10AAB000C08300FF07C090958095709561957F4F8A
:10AAC0008F4F9F4F2F3F49F482E290E09093710F98
:10AAD0008093700F6FEF7FEFCB01DF91CF911F91CC
:10AAE0000F91FF90EF90DF90CF90BF90AF909F902D
:10AAF0008F907F906F905F904F903F90089501FFEF
:10AB0000D8CF2297D3CF10E3E114F10409F4BCCFDE
:10AB10003AE0E316F104E1F080E1E816F10409F40B
:10AB200067CFE8E0EE16F10409F4B1CF6FEF7FEFE5
:10AB3000CB0197010F2C000C440B550B67D7490133
:10AB40005A015FCF103309F44BCF9AE0E92EF12C74
:10AB500089E9882E982CA82C89E1B82E52CF911122
:10AB600038C6803219F089508550D0F70895FB011E
:10AB7000DC0102C005900D9241505040D8F7089575
:10AB8000FC010590061621F00020D9F7C0010895B8
:10AB90003197CF010895FB01DC0105900D92002053
:10ABA000E1F70895DC01FB014150504058F049F0B5
:10ABB00005900D920020C1F7E61BF70B3197CF01EE
:10ABC00008951C9205900020E9F7F6CFFC0105904E
:10ABD0000020E9F7809590958E0F9F1F0895FB0147
:10ABE000DC014150504088F08D9181341CF08B3550
:10ABF0000CF4805E659161341CF06B350CF4605E82
:10AC0000861B611171F3990B0895881BFCCFFB0122
:10AC100055915523A9F0BF01DC014D914517411114
:10AC2000E1F759F4CD010590002049F04D91401510
:10AC30004111C9F3FB014111EFCF81E090E0019791
:10AC40000895DC01FB014150504058F049F001905B
:10AC50000D920020C1F7E61BF70B3197CF01089545
:10AC60001C9201900020E9F7F6CF0F931F93CF932A
:10AC7000DF93CDB7DEB72E970FB6F894DEBF0FBEC9
:10AC8000CDBF0D891E898F89988D2EE02C831A8364
:10AC9000098397FF02C080E090E801979E838D832F
:10ACA000AE01455E5F4F698D7A8DCE01019648D128
:10ACB0004D815E8157FD0AC02F81388542175307A9
:10ACC0000CF49A01020F131FF80110822E960FB692
:10ACD000F894DEBF0FBECDBFDF91CF911F910F91D2
:10ACE00008950F931F93CF93DF93CDB7DEB72E97C1
:10ACF0000FB6F894DEBF0FBECDBF0D891E898EE062
:10AD00008C831A8309838FEF9FE79E838D83AE0127
:10AD1000475E5F4F6F89788DCE01019611D12F81EB
:10AD20003885020F131FF80110822E960FB6F89483
:10AD3000DEBF0FBECDBFDF91CF911F910F91089560
:10AD40000F931F93CF93DF93CDB7DEB72E970FB638
:10AD5000F894DEBF0FBECDBF8C01FA018EE08C836C
:10AD60001A83098377FF02C060E070E861507109BF
:10AD70007E836D83A901BF01CE010196E1D04D8193
:10AD80005E8157FD0AC02F813885421753070CF4A6
:10AD90009A01020F131FF80110822E960FB6F89435
:10ADA000DEBF0FBECDBFDF91CF911F910F910895F0
:10ADB00040D008F481E00895E89409C097FB3EF480
:10ADC00090958095709561957F4F8F4F9F4F9923F8
:10ADD000A9F0F92F96E9BB279395F6958795779576
:10ADE0006795B795F111F8CFFAF4BB0F11F460FF36
:10ADF0001BC06F5F7F4F8F4F9F4F16C0882311F08E
:10AE000096E911C0772321F09EE8872F762F05C0A1
:10AE1000662371F096E8862F70E060E02AF09A953C
:10AE2000660F771F881FDAF7880F9695879597F931
:10AE30000895990F0008550FAA0BE0E8FEEF1616CB
:10AE40001706E807F907C0F012161306E407F5071E
:10AE500098F0621B730B840B950B39F40A2661F092
:10AE6000232B242B252B21F408950A2609F4A14035
:10AE7000A6958FEF811D811D08950BD068C559D50A
:10AE800028F05ED518F0952309F04AC54FC5112466
:10AE900092C56ED5A0F3959FD1F3950F50E0551F45
:10AEA000629FF001729FBB27F00DB11D639FAA271F
:10AEB000F00DB11DAA1F649F6627B00DA11D661F6E
:10AEC000829F2227B00DA11D621F739FB00DA11D8F
:10AED000621F839FA00D611D221F749F3327A00D49
:10AEE000611D231F849F600D211D822F762F6A2FE5
:10AEF00011249F5750408AF0E1F088234AF0EE0F6A
:10AF0000FF1FBB1F661F771F881F91505040A9F776
:10AF10009E3F510570F004C54EC55F3FECF3983E6F
:10AF2000DCF3869577956795B795F795E7959F5FDD
:10AF3000C1F7FE2B880F911D9695879597F9089577
:10AF40002F923F924F925F926F927F928F929F9239
:10AF5000AF92BF92CF92DF92EF92FF920F931F9327
:10AF6000CF93DF93CDB7DEB72B970FB6F894DEBF44
:10AF70000FBECDBF7C013B018A01FC011782168206
:10AF8000838181FFD0C1CE0101965C01F7019381DD
:10AF9000F30193FD859193FF81913F01882309F48B
:10AFA00049C1853239F493FD859193FF81913F0129
:10AFB000853221F4B70190E025D4E8CF912C212CE3
:10AFC000312CFFE1F31538F08B3211F190F480321F
:10AFD00009F1833229F137FC3CC020ED280F2A30DB
:10AFE00050F536FE20C08AE0989E200D1124922E46
:10AFF00006C08D3291F0803371F7689430F8F30118
:10B0000093FD859193FF81913F018111DACF21C09A
:10B01000689431F8689432F8F2CF689433F8EFCF3F
:10B02000689434F8ECCFEAE02E9E200D1124222EF5
:10B03000689435F8E4CF8E3229F436FCFBC068946E
:10B0400036F8DDCF8C3619F4689437F8D8CF8836C7
:10B05000B1F2982F9F7D95549330D8F0833691F1BB
:10B060008337B1F1833509F05EC02801F2E04F0E5D
:10B07000511CF801C080D180692D70E036FC02C0FF
:10B080006FEF7FEFC601A8D34C01689437F88201B7
:10B090000AC00C5F1F4FFFE3F98388248394912C2F
:10B0A0006501E89437F833FE2AC0522C81149104CC
:10B0B00059F5552009F46ACFB70180E290E0A2D398
:10B0C0005A94F7CFF801808189830E5F1F4FE5CF37
:10B0D0002801F2E04F0E511CF801C080D180692D8B
:10B0E00070E036FC02C06FEF7FEFC60180D34C01E9
:10B0F0008201D7CFB70180E290E084D32A9428144C
:10B10000190409F0B8F7D1CFF60137FC859137FE65
:10B1100081916F01B70190E075D351105A94F1E01D
:10B120008F1A9108C3CF843619F0893609F073C09D
:10B13000F80137FE67C060817181828193810C5F65
:10B140001F4FF32DFF763F2E97FF09C090958095F6
:10B15000709561957F4F8F4F9F4F689437F82AE025
:10B1600030E0A5017FD3C82ECA188C2C432C36FEA4
:10B170000CC0E89440F8C91440F434FE05C032FC19
:10B1800003C0F32DFE7E4F2E892C44FEA6C0FE0187
:10B19000EC0DF11D8081803309F098C0242D297EAB
:10B1A000422E842D8870582E43FCA5C040FE9FC0BF
:10B1B0009C2C821418F42C0C922C981844FEA1C0DC
:10B1C000B70180E390E01ED342FE08C088E790E01C
:10B1D00041FE02C088E590E0B70114D3C91408F419
:10B1E0009CC0CA94D12C9FEFC91AD90ACA0CDB1C87
:10B1F000F60182916F01B70190E004D3AC14BD0455
:10B20000B9F757CF60817181072E000C880B990B1D
:10B210000E5F1F4F96CFD32CE894D4F82AE030E08D
:10B220008537E1F1232D297FD22E8F36A9F1F0F455
:10B23000883551F1F701868197812B960FB6F894E6
:10B24000DEBF0FBECDBFDF91CF911F910F91FF9059
:10B25000EF90DF90CF90BF90AF909F908F907F90B6
:10B260006F905F904F903F902F900895803749F0F6
:10B27000883701F7D4FE02C06894D2F820E130E0AC
:10B280000DC06894D4F8F6CF34FE03C0822F8660D8
:10B29000D82E20E132E002C028E030E0F801D7FEED
:10B2A0000EC060817181828193810C5F1F4FA50167
:10B2B000D9D2C82ECA183D2CE89437F856CF6081F1
:10B2C000718190E080E00E5F1F4FF1CF42FC02C021
:10B2D000839467CF8394839464CF842D867809F414
:10B2E00060CFF6CFB70180E290E08CD283948214D5
:10B2F000C8F3512C63CF522C5818821408F45ECF37
:10B30000F8CF842D867809F469CF8BE241FE80E284
:10B3100047FC8DE2B70190E060CFB70180E390E099
:10B3200071D29A945BCF8FEF9FEF87CF8F929F92CE
:10B33000AF92BF92CF92DF92EF92FF920F931F9343
:10B34000CF93DF93CDB7DEB729970FB6F894DEBF62
:10B350000FBECDBF6A01F22EB02E102FFBE3AF2E31
:10B36000A01608F41BE31F5F012F27E0AE014F5F1B
:10B370005F4F57D1BC018981982F9970913009F4A2
:10B380004EC09BE2E1FC04C09E2D9170E0FC49C0E0
:10B390005E2D5071E82FE87083FF55C084E0911155
:10B3A00001C083E0EF2DE81B8F1508F0E0E0D60127
:10B3B0008E2F20E25523C9F1992329F0D6019C93C1
:10B3C000C60101966C0196012D5F3F4FE2FE33C02E
:10B3D0008EE4D6018C9391E411969C93119712966A
:10B3E0008C93D9018E2F90E281112AC0E20FF32FA6
:10B3F000F11D10828EEF9FEF29960FB6F894DEBFF5
:10B400000FBECDBFDF91CF911F910F91FF90EF90B5
:10B41000DF90CF90BF90AF909F908F9008959DE266
:10B42000B7CF90E2B5CF2D9381508111FCCFCE0ED6
:10B43000D11CE0E0C1CF8EE6D6018C9391E6CCCF53
:10B440009D938150D1CF482F447082FF3DC084E04E
:10B45000911101C083E08F1510F4EF2DE81BD60188
:10B460008E2F20E2552309F1992329F0D6019C93D0
:10B47000C60101966C0196012D5F3F4FE2FE1BC095
:10B4800089E4D6018C938EE411968C93119786E40F
:10B4900012968C93D9018E2F90E2882309F4A6CFBF
:10B4A0009D938150FACF2D9381508111FCCFCE0E08
:10B4B000D11CE0E0D9CF89E6D6018C938EE61196B7
:10B4C0008C93119786E6E4CF9B0177FF02C030E0B2
:10B4D00020E0A1E0B0E0911102C0B0E0A0E0F901ED
:10B4E0003196AE0FBF1F8B2C912CBB2009F461C08D
:10B4F0005401EFEFAE1ABE0AAA0DBB1DFA161B06C9
:10B5000019F014F04F2D4A1B511188C0E3FC59C0AB
:10B510007601A42FB0E2A1114FC0C40ED11C992313
:10B5200009F45BC040E0D6011196F60190836D01ED
:10B53000552309F448C0012F060F9A81582F5071E6
:10B5400084FF03C0913309F4015010160CF047C07A
:10B55000093008F008E0EEE2FE2E5B01A01AB10807
:10B5600085019194819491082F3F320729F4D601E7
:10B57000FC92F60131966F016217730794F102177E
:10B5800013077CF5DB01A21BB30BAA24A394B12CF7
:10B59000AC0EBD1EAA0DBB1D11968C912150310918
:10B5A000D601119628153905F4F0F60180836D0156
:10B5B000DBCFB12CA12CA0CFF701B1937F01A1501B
:10B5C000AACF9111B0CFD601942F50E302C05D9362
:10B5D00091509111FCCFC40ED11C40E0ACCF01E0E2
:10B5E000BACF80E3DBCF6217730731F4963388F468
:10B5F000953311F4552369F0F6018083FD01842F02
:10B6000090E2811108C0A40FB11D1C9290E080E06F
:10B61000F3CE81E3F1CF91938150F3CF911183CF9A
:10B620008ACF283008F027E03327DA01990F311D3F
:10B6300087FD916000966105710539F432602E5FD7
:10B640003D9330E32A95E1F708959F3F30F080382D
:10B650007105610509F03C5F3C5F3D93913008F056
:10B660008068911DDF93CF931F930F93FF92EF920A
:10B67000192F987F9695E92F96959695E90FFF27B4
:10B68000ED55FE4F99273327EE24FF24A701E7014C
:10B6900005900894079428F4360FE71EF81E491FFA
:10B6A000511D660F771F881F991F0694A1F70590FB
:10B6B000079428F4E70EF81E491F561FC11D770F87
:10B6C000881F991F661F0694A1F70590079428F418
:10B6D000F80E491F561FC71FD11D880F991F661FDF
:10B6E000771F0694A1F70590079420F4490F561F81
:10B6F000C71FD81F990F661F771F881F0694A9F7C9
:10B7000084911095177041F0D695C7955795479538
:10B71000F794E7941A95C1F7E9E4F1E0689415907D
:10B72000159135916591959105907FE27395E1189A
:10B73000F10A430B560BC90BD009C0F7E10CF11EFF
:10B74000431F561FC91FD01D7EF4703311F48A9514
:10B75000E6CFE894015030F0080F0AF400270217F2
:10B7600008F4202F2395022F7A3328F079E37D9374
:10B770002A95E9F710C07D932A9589F60694979546
:10B780006795379517951794E118F10A430B560BF7
:10B79000C90BD00998F023957E9173957A3308F000
:10B7A00070E37C932013B8F77E9170617D9330F045
:10B7B000839571E37D9370E32A95E1F71124EF906F
:10B7C000FF900F911F91CF91DF91992787FD909561
:10B7D0000895992788270895FC01059061507040CD
:10B7E0000110D8F7809590958E0F9F1F0895FC014A
:10B7F0006150704001900110D8F7809590958E0FA0
:10B800009F1F08950F931F93CF93DF93182F092F36
:10B81000EB018B8181FD09C01FEF0FEF812F902F6E
:10B82000DF91CF911F910F91089582FF14C02E8157
:10B830003F818C819D81281739073CF4E881F9818B
:10B84000CF0101969983888310838E819F81019611
:10B850009F838E83E3CFE885F985812F0995892B16
:10B86000A1F3DACFFA01AA27283051F1203181F172
:10B87000E8946F936E7F6E5F7F4F8F4F9F4FAF4FF8
:10B88000B1E03ED0B4E03CD0670F781F891F9A1F0B
:10B89000A11D680F791F8A1F911DA11D6A0F711DBF
:10B8A000811D911DA11D20D009F468943F912AE0CB
:10B8B000269F11243019305D3193DEF6CF010895B3
:10B8C000462F4770405D4193B3E00FD0C9F7F6CFE4
:10B8D000462F4F70405D4A3318F0495D31FD4052AC
:10B8E000419302D0A9F7EACFB4E0A6959795879542
:10B8F00077956795BA95C9F7009761057105089521
:10B900009B01AC010A2E06945795479537952795CC
:10B91000BA95C9F7620F731F841F951FA01D089564
:10B9200097F99F6780E870E060E008959FEF80ECF2
:10B93000089500240A941616170618060906089595
:10B9400000240A9412161306140605060895092EFB
:10B950000394000C11F4882352F0BB0F40F4BF2B6A
:10B9600011F460FF04C06F5F7F4F8F4F9F4F0895AA
:10B9700057FD9058440F551F59F05F3F71F04795A0
:10B98000880F97FB991F61F09F3F79F08795089585
:10B99000121613061406551FF2CF4695F1DF08C0A4
:10B9A000161617061806991FF1CF869571056105C1
:10B9B00008940895E894BB2766277727CB0197F969
:10B9C0000895F999FECF92BD81BDF89A992780B567
:10B9D0000895262FF999FECF1FBA92BD81BD20BDD3
:10B9E0000FB6F894FA9AF99A0FBE01960895DB0102
:10B9F0008F939F9349D0BF91AF91A29F800D911DCE
:10BA0000A39F900DB29F900D11240895A1E21A2ECC
:10BA1000AA1BBB1BFD010DC0AA1FBB1FEE1FFF1FF2
:10BA2000A217B307E407F50720F0A21BB30BE40B42
:10BA3000F50B661F771F881F991F1A9469F7609589
:10BA40007095809590959B01AC01BD01CF01089543
:10BA5000052E97FB16F400940FD057FD05D0D6DFC6
:10BA600007FC02D046F408C05095409530952195CA
:10BA70003F4F4F4F5F4F089590958095709561951A
:10BA80007F4F8F4F9F4F08950FD0A59F900DB49F6C
:10BA9000900DA49F800D911D11240895B7FFF4CF40
:10BAA000F3DF821B930B0895A29FB001B39FC001E7
:10BAB000A39F700D811D1124911DB29F700D811DDA
:10BAC0001124911D0895991B79E004C0991F9617C0
:10BAD00008F0961B881F7A95C9F78095089587FB13
:10BAE000082E062687FD819567FD6195ECDF0EF433
:10BAF000919507FC81950895AA1BBB1B51E107C0D6
:10BB0000AA1FBB1FA617B70710F0A61BB70B881FED
:10BB1000991F5A95A9F780959095BC01CD0108957C
:10BB200097FB072E16F4009406D077FD08D0E4DFCB
:10BB300007FC05D03EF4909581959F4F0895709530
:10BB400061957F4F0895EE0FFF1F0024001C0BBE70
:10BB50000790F691E02D0994AA27992329F4A85F6C
:10BB6000982B11F480E10895903118F4AD5F92950F
:10BB7000A395990FE8F78A2F992708952F923F925E
:10BB80004F925F926F927F928F929F92AF92BF92ED
:10BB9000CF92DF92EF92FF920F931F93CF93DF9399
:10BBA000CDB7DEB7CA1BDB0B0FB6F894DEBF0FBEF6
:10BBB000CDBF09942A88398848885F846E847D8443
:10BBC0008C849B84AA84B984C884DF80EE80FD8045
:10BBD0000C811B81AA81B981CE0FD11D0FB6F894BB
:10BBE000DEBF0FBECDBFED0108955058BB27AA2779
:10BBF0000ED0ADCE9EDE30F0A3DE20F031F49F3FBC
:10BC000011F41EF493CE0EF4E095E7FB89CEE92FF4
:10BC1000AFDE80F3BA17620773078407950718F041
:10BC200071F49EF5C7CE0EF4E0950B2EBA2FA02D21
:10BC30000B01B90190010C01CA01A0011124FF27D9
:10BC4000591B99F0593F50F4503E68F11A16F040D4
:10BC5000A22F232F342F4427585FF3CF46953795D3
:10BC60002795A795F0405395C9F77EF41F16BA0B98
:10BC7000620B730B840BBAF09150A1F0FF0FBB1F46
:10BC8000661F771F881FC2F70EC0BA0F621F731F8F
:10BC9000841F48F4879577956795B795F7959E3FEC
:10BCA00008F0B3CF9395880F08F09927EE0F97957A
:10BCB00087950895E7D080F09F3740F491110EF4F6
:10BCC0007ACE60E070E080E89FE3089526F01B16CE
:10BCD000611D711D811DADC0C7C00CD038CE30DED6
:10BCE00040F027DE30F021F45F3F19F019CE5111FA
:10BCF00062CE1CCE3DDE98F39923C9F35523B1F3F0
:10BD0000951B550BBB27AA2762177307840738F0CA
:10BD10009F5F5F4F220F331F441FAA1FA9F333D029
:10BD20000E2E3AF0E0E830D091505040E695001CDD
:10BD3000CAF729D0FE2F27D0660F771F881FBB1F99
:10BD4000261737074807AB07B0E809F0BB0B802D73
:10BD5000BF01FF2793585F4F2AF09E3F510568F0BF
:10BD6000DFCD29CE5F3FECF3983EDCF386957795E7
:10BD70006795B795F7959F5FC9F7880F911D9695C1
:10BD8000879597F90895E1E0660F771F881FBB1F1D
:10BD9000621773078407BA0720F0621B730B840BCA
:10BDA000BA0BEE1F88F7E095089504D06894B1119E
:10BDB00002CE0895E5DD88F09F5790F0B92F9927BE
:10BDC000B751A0F0D1F0660F771F881F991F1AF0A6
:10BDD000BA95C9F712C0B13081F0ECDDB1E0089539
:10BDE000E9CD672F782F8827B85F39F0B93FCCF3BA
:10BDF000869577956795B395D9F73EF4909580959C
:10BE0000709561957F4F8F4F9F4F08953BD080F085
:10BE10009F3740F491110EF0CECD60E070E080E8E5
:10BE20009FEB089526F41B16611D711D811D01C035
:10BE30001BC0882371F4772321F09850872B762F2D
:10BE400007C0662311F499270DC09051862B70E02E
:10BE500060E02AF09A95660F771F881FDAF7880F3F
:10BE60009695879597F908959F3F31F0915020F46A
:10BE7000879577956795B795880F911D96958795C6
:10BE800097F908957DDDA0F0BEE7B91788F4BB27C8
:10BE90009F3860F41616B11D672F782F8827985F9A
:10BEA000F7CF869577956795B11D93959639C8F329
:10BEB00008950E9419D708F48FEF089561DD58F1B5
:10BEC0009E5758F19851A0F0E9F0983020F5092ECE
:10BED0009927660F771F881F991F0A94D1F712C000
:10BEE000062E672F782F8827985F11F4000C07C063
:10BEF000993FB4F38695779567959395D9F7611D2A
:10BF0000711D811D3EF490958095709561957F4FD0
:10BF10008F4F9F4F089568944ECD4CCDFA01EE0F90
:10BF2000FF1F30962105310599F16115710561F406
:10BF30008038BFE39B0749F168949038810561F030
:10BF40008038BFEF9B0741F0992342F5FF3FE105A1
:10BF50003105210511F1E8940894E795D901AA2348
:10BF600029F4AB2FBE2FF85FD0F310C0FF5F70F441
:10BF7000A695E0F7F73950F019F0FF3A38F49F77BB
:10BF80009F930CD00F9007FC905808953EF0CECCB4
:10BF900060E070E080E89FE308954FE79F775F934C
:10BFA0004F933F932F93EFD02F913F914F915F91FC
:10BFB0000E943DD74CC011F40EF4B8CC55CFE0DC54
:10BFC000D0F39923D9F3CEF39F57550B87FF6CD04D
:10BFD0000024A0E640EA900180585695979528F4F1
:10BFE000805C660F771F881F20F0261737074807E9
:10BFF00030F4621B730B840B202931294A2BA69540
:10C0000017940794202531254A2758F7660F771F84
:10C01000881F20F026173707480730F4620B730B90
:10C02000840B200D311D411DA09581F7B901842F8E
:10C030009158880F9695879508950E9419D7880B77
:10C04000990B089519F40EF06BCCB4CC6FCC98DC3E
:10C05000C8F39638C0F707F80F92E8942BE33AEA52
:10C0600048EB5FE70E944BD70F920F920F924DB7AC
:10C070005EB70F92CAD0ECE8F0E01DD04F915F910F
:10C08000EF91FF91E595EE1FFF1F49F0FE57E06825
:10C090004427EE0F441FFA95E1F74195550B3AD02E
:10C0A0000F9007FE2EC0089591505040660F771FE5
:10C0B000881FD2F70895DF93CF931F930F93FF92BA
:10C0C000EF92DF927B018C01689406C0DA2EEF01BB
:10C0D0000E9449D7FE01E894A5912591359145919B
:10C0E0005591A6F3EF0193DDFE019701A801DA94C3
:10C0F00071F7DF90EF90FF900F911F91CF91DF913B
:10C1000008959B01AC0160E070E080E89FE3E5CD1D
:10C1100007CCAACE35DCE8F39923D9F3940F511D4F
:10C12000BBF39150504094F059F0882332F0660FE1
:10C13000771F881F91505040C1F79E3F510544F72B
:10C14000880F911D9695879597F908955F3FACF0FC
:10C15000983E9CF0BB27869577956795B79508F430
:10C16000B1609395C1F7BB0F58F711F460FFE8CFAA
:10C170006F5F7F4F8F4F9F4FE3CF1DCC0EF074CE7C
:10C18000D5CB6894CDCBFCDBC8F39923D1F3C6F3B0
:10C19000DF93CF931F930F93FF92C92FDD2788233F
:10C1A0002AF02197660F771F881FDAF720E030E02A
:10C1B00040E85FEB9FE3883920F0803E30F0219625
:10C1C0008F7714DDE4EBF0E003C010DDE1EEF0E08A
:10C1D00072DF8B01BE01EC01FB2E6F577109759563
:10C1E000771F880B990B0E94DED628E132E741E3E6
:10C1F0005FE30E9449D7AF2D9801AE01FF900F91E8
:10C200001F91CF91DF9103DDA2CBFA01DC01AA0FD0
:10C21000BB1F9B01AC01BF5728F4222733274427BB
:10C2200050781FC0B75188F4AB2F0024469537953E
:10C230002795011CA395D2F3002069F0220F331F2C
:10C24000441FB395DAF30DD0D0CC61307105A0E86E
:10C250008A07B94630F49B01AC0166277727882707
:10C260009078309621F02083318342835383089560
:10C27000DC0101C06D9341505040E0F70895FC018E
:10C280008191861721F08823D9F79927089531974E
:10C29000CF010895FB01DC0101900D920020E1F730
:10C2A0000895FB01DC014150504030F08D91019028
:10C2B000801919F40020B9F7881B990B0895FC0127
:10C2C00081E090E00190061609F4CF010020D1F73B
:10C2D000019708950F931F93CF93DF93CDB7DEB7E8
:10C2E0002E970FB6F894DEBF0FBECDBF0D891E8905
:10C2F00086E08C831A8309838FEF9FE79E838D836B
:10C30000AE01475E5F4F6F89788DCE0101960E9426
:10C31000A0D72F813885020F131FF80110822E96A7
:10C320000FB6F894DEBF0FBECDBFDF91CF911F9146
:08C330000F910895F894FFCF6E
:10C33800104000000080B6021A630001769EFF01DB
:10C348000000803F64005555854264000000803F2E
:10C35800AA0001000000000000000000000000002A
:10C368000000A043000096430000C8430D02C0D45B
:10C378000100640001D200FA00CDCCCC3D00FF06DC
:10C3880001FF3F0000FF3F00000000FF3F030000E7
:10C398000543FFFF0000803F0000204100002041CE
:10C3A800CDCCCC3E0000A0400000C07F0000C07F84
:10C3B8000000C07FFF003C00010000404000003446
:10C3C80042000000000000000000000000000050D3
:10C3D800410000000000000041640000006400000B
:10C3E8000003000000640000006400000003000077
:10C3F8000003000000030000001E000000000030E1
:10C40800C2000010C100000000003C1C46003C1C9B
:10C4180046003C1C46003C1C4658595A450A09002F
:10C42800030000484200004842000080400000002D
:10C4380040000080400A005A005639300080026FE0
:10C44800025F024B02440000000000470048000061
:10C4580000000000010101000100FF0100FF0000D1
:10C468000000008040000000008765AC9DD761D6C1
:10C47800614552520058595A00256C6400256400E1
:00000001FF
