:100000000C9473150C94AC150C94AC150C94AC15A5
:100010000C94AC150C94AC150C94AC150C94AC155C
:100020000C94AC150C94AC150C94AC150C94AC154C
:100030000C94AC150C9474820C94AC150C94AC1507
:100040000C94B27E0C94AC150C94FDD10C94AC15B0
:100050000C94D84A0C94CE4A0C94AC150C94AC1564
:100060000C94AC150C94AC150C94AC150C94AC150C
:100070000C94AC150C94AC150C94AC150C94AC15FC
:100080000C94BD420C94AC150C94AC15076342362D
:10009000B79BD8A71A39685618AEBAAB558C1D3C19
:1000A000B7CC5763BD6DEDFD753EF6177231BF00DD
:1000B0000000803F08000000BE922449123EABAA17
:1000C000AA2ABECDCCCC4C3E00000080BEABAAAA72
:1000D000AA3E00000000BF000000803F00000000BA
:1000E00000084178D3BB4387D1133D190E3CC3BDF3
:1000F0004282AD2B3E68EC8276BED98FE1A93E4CA0
:1001000080EFFFBE01C4FF7F3F00000000004E41B2
:100110004E494E495459494E46CDCCCC3D0AD72381
:100120003C17B7D13877CC2B329595E6241FB14FC9
:100130000A000020410000C84200401C4620BCBE0E
:100140004CCA1B0E5AAEC59D74434F4D4D554E497A
:10015000434154494F4E0044525952554E00455266
:10016000524F525300494E464F004543484F0053AB
:10017000544F505045442E20005072696E74657281
:100180002073746F707065642064756520746F20CF
:100190006572726F72732E204669782074686520CC
:1001A0006572726F7220616E6420757365204D39BF
:1001B000393920746F20726573746172742E20282F
:1001C00054656D7065726174757265206973207213
:1001D000657365742E20536574206974206166749C
:1001E00065722072657374617274696E67290A00A2
:1001F0004E6F20436865636B73756D207769746813
:10020000206C696E65206E756D6265722C204C6184
:100210007374204C696E653A20004E6F2043686508
:10022000636B73756D2077697468206C696E6520E7
:100230006E756D6265722C204C617374204C696E12
:10024000653A2000636865636B73756D206D697333
:100250006D617463682C204C617374204C696E6509
:100260003A20004C696E65204E756D62657220699A
:1002700073206E6F74204C617374204C696E65201E
:100280004E756D6265722B312C204C617374204C5D
:10029000696E653A20004D313130005365726961F5
:1002A0006C20737461747573206D69736D61746310
:1002B000680A0053442072656164206572726F722F
:1002C0000A00746F6F206D75636820696E616374D6
:1002D0006976652074696D65202D2063757272657D
:1002E0006E7420636F6D6D616E643A200021212071
:1002F0004B494C4C20636175736564206279200022
:10030000627573793A2070617573656420666F72E7
:1003100020696E7075740A00627573793A20706195
:100320007573656420666F7220757365720A00626A
:100330007573793A2070726F63657373696E670ABB
:10034000004D6564696120496E736572746564006F
:10035000506C656173652052657365740050524935
:100360004E5445522048414C5445440025533A20B0
:100370002553004B494C4C45442E20005072696E69
:100380007465722068616C7465642E206B696C6C96
:1003900028292063616C6C6564210A006563686FBD
:1003A0003A004572726F723A004F4646004F4E0057
:1003B00042696C696E656172204C6576656C696E28
:1003C0006720477269643A0A0050726F62696E670B
:1003D00020506F696E740025532025692F25690010
:1003E0002E0A002F0050726F62696E67206D657370
:1003F0006820706F696E742000202844525952554D
:100400004E2900473239204175746F2042656420BF
:100410004C6576656C696E67003F20284C2C522C29
:10042000462C4229206F7574206F6620626F756EAE
:1004300064732E0A003F2856296572626F73652027
:100440006C6576656C20696D706C61757369626C42
:10045000652028302D34292E0A00426164205A205C
:1004600076616C75650A004E6F2062696C696E6515
:10047000617220677269640A0020440020204D32B6
:100480003030205300202844697361626C65642910
:100490003A0046696C616D656E74207365747469A9
:1004A0006E67730020204D3230312058004D617846
:1004B00020416363656C65726174696F6E20287595
:1004C0006E6974732F7332290020204D323033202F
:1004D00058004D61782066656564726174657320AB
:1004E00028756E6974732F73290020520020204DE7
:1004F000323034205000416363656C657261746909
:100500006F6E2028756E6974732F733229202850FE
:100510003C7072696E742D616363656C3E20523C61
:10052000726574726163742D616363656C3E2054FF
:100530003C74726176656C2D616363656C3E290065
:10054000204A0020540020530020204D3230352016
:100550004200416476616E6365642028423C6D69A7
:100560006E5F7365676D656E745F74696D655F75E9
:10057000733E20533C6D696E5F666565647261749D
:10058000653E20543C6D696E5F74726176656C5F88
:1005900066656564726174653E204A3C6A756E6387
:1005A0005F6465763E290020440020490020204DEC
:1005B000333031205000486F74656E6420504944D8
:1005C0000020440020490020204D333034205000CA
:1005D00042656420504944002E0A00D8085D295A1B
:1005E000295729206E6F742064697361626C656499
:1005F0002E20536861726564207769746800204911
:100600006E76616C696420657874727564657220B9
:1006100000536C6565702E2E2E005A2050726F624A
:10062000652050617374204265640A005A2050723C
:100630006F626520506173742042656400473238F0
:100640004C30005A2050726F6265205061737420E4
:1006500042656400205A3A200020593A2000426541
:100660006420583A20004D65736820706F696E747D
:10067000206F7574206F662072616E67650A004393
:100680006C69636B20746F20526573756D652E2ED7
:100690002E00616C736F20656E61626C6564290A5F
:1006A000004E6F204D6F76652E00456E64206669A2
:1006B0006C65206C6973740A00426567696E206618
:1006C000696C65206C6973740A004E6F206D6564F7
:1006D00069610A00534420636172642072656C652D
:1006E000617365640A00286E6F2066696C65290075
:1006F00043757272656E742066696C653A20004EAF
:100700006F74205344207072696E74696E670A00BA
:100710005344207072696E74696E672062797465E3
:1007200020002E0A0044656C6574696F6E20666156
:10073000696C65642C2046696C653A200046696CDA
:10074000652064656C657465643A002569730025ED
:10075000696D20256973002569682025696D20254C
:10076000697300256964202569682025696D202545
:100770006973002569792025696420256968202529
:10078000696D20256973005072696E742074696DFB
:10079000653A20006F6B006F6666006A0165015E56
:1007A000015701490144454255473A004D31313224
:1007B0002053687574646F776E004D313133205368
:1007C0000043522D3130204F46462E004649524DAF
:1007D000574152455F4E414D453A4D61726C696ECD
:1007E00020322E312E322E3820284A756C20323499
:1007F00020323032362031373A35303A30362920FF
:10080000534F555243455F434F44455F55524C3A11
:100810006769746875622E636F6D2F4D61726C69C4
:100820006E4669726D776172652F4D61726C696E8B
:100830002050524F544F434F4C5F56455253494FEF
:100840004E3A312E30204D414348494E455F545970
:1008500050453A43522D3130204558545255444565
:10086000525F434F554E543A3120555549443A63EF
:10087000656465326132662D343161322D3437342E
:10088000382D396231322D63353563363266333671
:10089000376666002F2F004D31343520533C696E8A
:1008A0006465783E206F7574206F662072616E6794
:1008B000652028302D31290A003F4A206F757420A9
:1008C0006F662072616E67652028302E303120748B
:1008D0006F20302E33290A002058003B20002020B2
:1008E0004D61783A2000200020204D696E3A2000AA
:1008F000203B200020204D323131205300250A00BA
:1009000046523A0020466C6F773A20003A20002089
:10091000536572766F2000206F7574206F662072A9
:10092000616E67650A00536572766F2000646973B3
:1009300000656E0043290A0061626C656420286DC1
:10094000696E2074656D702000436F6C642065785B
:100950007472756465732061726520004F46460AA3
:1009600000466164652048656967687420004265D7
:1009700064204C6576656C696E6720004661696C21
:10098000656420746F20656E61626C6520426564E9
:10099000204C6576656C696E670A00496E76616CFD
:1009A0006964206D6573682E0A004D343231206908
:1009B0006E636F727265637420706172616D6574CD
:1009C00065722075736167650A004D6573682070F4
:1009D0006F696E74206F7574206F662072616E6728
:1009E000650A00454550524F4D204F4B0A00290AD9
:1009F0000020746F20003F5A206F7574206F6620AE
:100A000072616E6765202800290A0020746F20003B
:100A10003F59206F7574206F662072616E67652084
:100A2000282D00290A0020746F20003F58206F7580
:100A300074206F662072616E676520282D004D3826
:100A40003400446F6E65207072696E74696E672041
:100A500066696C650A004D3737004D333100496EC9
:100A600076616C69642065787472756465720A00D9
:100A7000203B0020204D3835312058005A2D50722F
:100A80006F6265204F66667365740020573A0043B5
:100A90006F6F6C696E672E2E2E0045312025530036
:100AA00020573A0042656420436F6F6C696E672E71
:100AB0002E2E004265642048656174696E672E2E93
:100AC0002E0023646566696E652044454641554C99
:100AD000545F00004245445F004B4420004B4920D6
:100AE000004B5020002066696E69736865642120A0
:100AF00050757420746865206C617374204B702C81
:100B0000204B6920616E64204B6420636F6E7374A8
:100B1000616E74732066726F6D2062656C6F7720F2
:100B2000696E746F20436F6E666967757261746970
:100B30006F6E2E680A00504944204175746F7475B9
:100B40006E6500206661696C6564212074696D655D
:100B50006F75740A00504944204175746F74756E46
:100B60006500206661696C6564212054656D70655F
:100B700072617475726520746F6F20686967680AA6
:100B800000504944204175746F74756E650050497A
:100B900044204379636C65730025532025692F2514
:100BA0006900204B643A2000204B693A2000204B1A
:100BB000703A200020436C6173736963205049448C
:100BC000200A00204E6F206F76657273686F6F7415
:100BD0000A002054753A2000204B753A2000206D01
:100BE00061783A2000206D696E3A200020643A2036
:100BF0000020626961733A200048656174696E671C
:100C00002E2E2E002073746172740A005049442005
:100C10004175746F74756E6500206661696C6564FA
:100C2000212054656D706572617475726520746FF2
:100C30006F20686967680A00504944204175746FE5
:100C400074756E6500504944204175746F74756EFB
:100C500065003F28432979636C6573206E6F7420AB
:100C6000706C61757369626C6520283E3D33292E76
:100C70000A00206661696C65642120426164206815
:100C800065617465722069640A00504944204175A9
:100C9000746F74756E65004572723A2075746638AB
:100CA00020666F6E74206E6F7420696E697469615E
:100CB0006C697A65642E004572723A2075746638E4
:100CC00020666F6E74206E6F7420696E697469613E
:100CD0006C697A65642E004572723A2075746638C4
:100CE00020666F6E74206E6F7420696E697469611E
:100CF0006C697A65642E0020003A003A0025687518
:100D00003A25303268750025303268753A25303220
:100D100068750025303268752725303268750025E2
:100D20006875642025303268753A25303268750060
:100D300042656400456E636C6F73757265004500B3
:100D4000200020002000200020002500202020205E
:100D5000202020002020202000657272001FE0204B
:100D600010201020101020102020102010303008EB
:100D700040048003001FE03FF03FF03FF01FE01F02
:100D8000E03FF03FF03FF00FC0078003003FFFF06F
:100D900038007030FC3020FC102078102030102CEF
:100DA00000D02E31D02F7BD02F7BD02E31D02C00F5
:100DB000D020301020781020FC1030FC303800702B
:100DC0003FFFF03FFFF03800703186302387102757
:100DD00087902F87D02F03D02030102078102078D4
:100DE000102030102F03D02F87D027879023871013
:100DF0003186303800703FFFF01FFFF81FFFF80406
:100E000010400208200208200410400820801041F1
:100E1000001041000820800410400000001FFFF86F
:100E20001FFFF85072696E742041626F72746564BE
:100E3000004D32350050617573696E672E2E2E009D
:100E40004D3234003F0049676E6F72650052657322
:100E5000657400496E697469616C697A65204545FD
:100E600050524F4D0046696C2E204469612E00455A
:100E700020696E206D6D5E3300200820466163742A
:100E8000002008204D6178002008204D696E004F39
:100E90006666004F6E004175746F74656D70004D2D
:100EA000696E2054726176656C20537065656400CC
:100EB0004D696E2056656C6F63697479004D617879
:100EC0002040205370656564004D617820452041C5
:100ED0006363656C004D6178204020416363656CFD
:100EE0000054726176656C20416363656C005265E5
:100EF000747261637420416363656C004163636570
:100F00006C0050726F6265205A204F66667365747C
:100F10000050726F62652059204F666673657400D9
:100F200050726F62652058204F666673657400408A
:100F30002073746570732F6D6D00416476616E630C
:100F400065642053657474696E6773003F00436184
:100F50006E63656C00496E697400496E69746961FD
:100F60006C697A6520454550524F4D0046696C6169
:100F70006D656E740054656D70657261747572652F
:100F80000053746570732F6D6D0050726F62652031
:100F90004F666673657473004A756E6374696F6E2D
:100FA0002044657600416363656C65726174696FA6
:100FB0006E004D617820537065656420286D6D2F3B
:100FC000732900436F6E66696775726174696F6E2D
:100FD00000000C0F00FE07022503BB017FFE08FE88
:100FE00008FE05080806000040F0C88888987810B8
:100FF000050808060000C0F88888888888F8050574
:10100000050600012030F830200508080600002001
:1010100070F820202020E00509090600FF2070A8B4
:10102000A8B888887020070505070001D86C366CC1
:10103000D80509090600FFF8A88888888888A8F8D4
:10104000050A0A0600FE205050505088A8A8887053
:1010500003030306000340A040FFFFFFFFFFFFFF65
:10106000FFFFFFFFFFFFFFFFFFFFFFFFFFFFFF008F
:1010700000000605FF0107070602008080808080CF
:101080000080030303060105A0A0A00506060600D4
:101090000050F85050F8500509090600FF2070A8CC
:1010A000A07028A87020050707060000C8C81020F7
:1010B00040989805070706000040A0A040A8906847
:1010C0000103030602058080800309090601FF2051
:1010D00040408080804040200309090601FF804095
:1010E0004020202040408005070706000020A8700F
:1010F0002070A8200505050600012020F820200208
:1011000003030601FFC04080050101060003F80249
:101110000202060100C0C005070706000008101003
:1011200020404080050707060000708898A8C888FE
:101130007003070706010040C040404040E005073B
:1011400007060000708808102040F8050707060011
:1011500000F80810300888700507070600001030F6
:101160005090F81010050707060000F880F00808F6
:101170008870050707060000304080F088887005F9
:101180000707060000F808101020202005070706B2
:101190000000708888708888700507070600007056
:1011A000888878081060020505060100C0C000C0EC
:1011B000C00206060601FFC0C000C040800305054E
:1011C0000601012040804020050303060002F800CC
:1011D000F803050506010180402040800507070649
:1011E000000070881020200020050707060000700E
:1011F00088B8A8B88070050707060000708888F8CE
:10120000888888050707060000F04848704848F0BD
:101210000507070600007088808080887005070732
:10122000060000F04848484848F005070706000057
:10123000F88080F08080F8050707060000F88080BD
:10124000F0808080050707060000708880809888FD
:1012500070050707060000888888F88888880307D3
:1012600007060100E04040404040E0050707060057
:1012700000381010101090600507070600008890D5
:10128000A0C0A090880507070600008080808080AD
:1012900080F805070706000088D8A8888888880590
:1012A00007070600008888C8A898888805070706E9
:1012B000000070888888888870050707060000F09D
:1012C0008888F0808080050707060000708888887D
:1012D000A89068050707060000F08888F0A09088AD
:1012E00005070706000070888070088870050707EA
:1012F000060000F820202020202005070706000017
:10130000888888888888700507070600008888888C
:101310008850502005070706000088888888A8A8FC
:101320005005070706000088885020508888050768
:1013300007060000888850202020200507070600A7
:1013400000F80810204080F80309090601FFE0803A
:10135000808080808080E005070706000080404094
:10136000201010080309090601FFE020202020209A
:101370002020E00503030600052050880501010632
:1013800000FEF8030303060105804020050505065D
:10139000000070087888780507070600008080F054
:1013A000888888F005050506000070808088700533
:1013B000070706000008087888888878050505066C
:1013C00000007088F0807005070706000030484074
:1013D000E04040400507070600FE708888887808CE
:1013E000700507070600008080F08888888803075A
:1013F000070601004000C0404040E0040909060122
:10140000FE10003010101010906005070706000055
:1014100080808890E09088030707060100C0404064
:10142000404040E0050505060000D0A8A8A8A80592
:101430000505060000B0C888888805050506000077
:1014400070888888700507070600FEF0888888F095
:1014500080800507070600FE7888888878080805D8
:101460000505060000B0C88080800505050600005F
:1014700078807008F00507070600002020F820207B
:101480002018050505060000888888986805050568
:101490000600008888885020050505060000888819
:1014A000A8A85005050506000088502050880507AB
:1014B000070600FE88888850204080050505060044
:1014C00000F8102040F80309090601FF20404040C1
:1014D00080404040200109090602FF808080808012
:1014E000808080800309090601FF80404040204041
:1014F00040408005030306000248A890FF41425384
:1015000000504C41004572723A20454550524F4DB3
:1015100020436F7272757074004572723A204545AF
:1015200050524F4D20435243004572723A20454578
:1015300050524F4D2053697A65004572723A2045EA
:101540004550524F4D2056657273696F6E0053744B
:101550006F72652053657474696E6773004C6F61B8
:10156000642053657474696E67730050726F6265AE
:10157000205A204F66667365740046616465204892
:101580006569676874004F6666004F6E0042656467
:10159000204C6576656C696E67004C6576656C20DD
:1015A000426564004732394E004732390041757454
:1015B0006F20486F6D65004D6F74696F6E005357F3
:1015C0002D4D6F64650053746F77004465706C6FC8
:1015D000790053656C662D546573740052657365AC
:1015E0007400426564004E6F7A7A6C650046616EE5
:1015F00020537065656400436F6E6669677572613C
:1016000074696F6E00526573746F7265204465660D
:1016100061756C7473004C6F6164205365747469F8
:101620006E67730053746F72652053657474696ECE
:1016300067730050726568656174202420436F6E83
:101640006600424C546F7563680050726F6265208B
:101650005A204F666673657400416476616E6365F7
:10166000642053657474696E6773004D61696E0020
:101670003F004261636B0053746F70004D32320063
:10168000417474616368204D65646961004D323155
:10169000005072696E742066726F6D204D656469CA
:1016A000610052656C65617365204D656469610018
:1016B000436F6E66696775726174696F6E00546519
:1016C0006D7065726174757265004D6F74696F6ECF
:1016D00000526573756D65205072696E74005475A3
:1016E0006E650053746F70205072696E74005061A3
:1016F000757365205072696E7400496E666F205371
:10170000637265656E003F0053746172742050729D
:10171000696E740043616E63656C005072696E742B
:101720000043616E6E6F7420656E74657220737510
:10173000626469723A200002202E2E000152656612
:1017400072657368004D61696E002100486F7465B1
:101750006E6420746F6F20636F6C64004261636B12
:101760000050726F63656564004D6F766520457843
:10177000747275646572004D6F74696F6E004469B0
:101780007361626C65205374657070657273004D8F
:10179000383400426564204C6576656C696E67007C
:1017A00053746F77205A2D50726F6265004D34303C
:1017B00032004465706C6F79205A2D50726F6265EB
:1017C000004D343031004175746F20486F6D6500F5
:1017D000473238004D61696E00507265686561740A
:1017E000202420426564005072656865617420247D
:1017F00020456E640054656D706572617475726524
:10180000000115FD14436F6F6C646F776E005072AA
:10181000656865617420240046616E2053706565BB
:101820006400426564004E6F7A7A6C65004D6169B0
:101830006E004261627973746570205A0042616281
:101840007973746570204000466C6F770046616E56
:1018500020537065656400426564004E6F7A7A6C4F
:1018600065005370656564004D61696E00486F6D79
:10187000696E67204661696C6564006F70656E0013
:10188000545249474745524544003A20007A5F6D1B
:10189000696E00795F6D696E00785F6D696E0052E8
:1018A00065706F7274696E6720656E6473746F70B3
:1018B000207374617475730A0020746F6F206C6FED
:1018C0006E6720657874727573696F6E20707265CB
:1018D00076656E7465640A0020636F6C64206578B9
:1018E00074727573696F6E2070726576656E74655B
:1018F000640A00486F6D6520257320466972737411
:1019000000000000000000000000000000576172AD
:101910006E696E673A20486F6D696E672042756D1B
:10192000702044697669736F72203C20310A00028E
:1019300002040000A043000096430000C8430000DA
:10194000A0400000A0400000004053544F505045BC
:10195000442E20005072696E7465722073746F702B
:101960007065642064756520746F206572726F7293
:10197000732E2046697820746865206572726F72D4
:1019800020616E6420757365204D39393920746F7C
:1019900020726573746172742E202854656D7065B1
:1019A0007261747572652069732072657365742E37
:1019B00020536574206974206166746572207265B5
:1019C0007374617274696E67290A00206572726FA0
:1019D00072202D2072657374617274207769746847
:1019E000204D3939390A00424C546F756368002123
:1019F000212053544F502063616C6C6564206265F4
:101A00006361757365206F6620000000A0430000CD
:101A100096430000C84300000000000000000000E2
:101A2000000053657474696E67732053746F726538
:101A30006400290A002062797465733B2063726335
:101A4000200053657474696E67732053746F7265F8
:101A50006420280048617264636F64656420446593
:101A60006661756C742053657474696E6773204C7D
:101A70006F616465640020286D6D2900203B204C57
:101A80006576656C696E67200020204D3432302009
:101A900053004175746F20426564204C6576656C17
:101AA000696E670020460020420020480020204D3B
:101AB0003134352053004D6174657269616C206862
:101AC000656174757020706172616D6574657273A3
:101AD00000204A002020473239205720490020208A
:101AE0004D3134392043203B20556E697473206991
:101AF0006E2043656C736975730A0054656D70657B
:101B000072617475726520556E6974730020204788
:101B10003231203B004C696E65617220556E6974EC
:101B20007300454550524F4D206461746173697A6A
:101B300065206572726F722E0A00202863616C63E3
:101B4000756C6174656429210A0020213D200045DF
:101B50004550524F4D20435243206D69736D61745F
:101B60006368202D202873746F72656429200045F6
:101B70004550524F4D20436F72727570740A0020A9
:101B800053697A653A2000496E6465783A200029E5
:101B90000A002062797465733B2063726320002021
:101BA00073746F7265642073657474696E677320F3
:101BB00072657472696576656420280000401C4572
:101BC00000401C450000C8420000C8410000A0427F
:101BD0000000A0420000C8430000BE42F401000023
:101BE000F40100006400000088130000204D6172C1
:101BF0006C696E3D563838290A00454550524F4DA4
:101C00002076657273696F6E206D69736D617463A0
:101C1000682028454550524F4D3D0020436F756E5A
:101C20007420583A00426564004531004500626501
:101C300064002C2073797374656D2073746F7070F9
:101C4000656421204865617465725F49443A2000EB
:101C50004572723A204D415854454D50004D4158FF
:101C600054454D5020747269676765726564004819
:101C7000656174696E67204661696C6564004865DA
:101C80006174696E67206661696C65640045727293
:101C90003A204D494E54454D50004D494E54454D06
:101CA00050207472696767657265640054484552D4
:101CB0004D414C2052554E41574159005468657270
:101CC0006D616C2052756E6177617900202F002064
:101CD00042403A0020403A007C3C3E5E2B3D3F2F84
:101CE0005B5D3B2C2A225C005344206361726420BC
:101CF0006F6B0A006F70656E526F6F74206661695A
:101D00006C65640A00766F6C756D652E696E69741A
:101D1000206661696C65640A004E6F20534420633D
:101D20006172640A000A4D3234004D32332025734B
:101D3000002E0A006F70656E206661696C65642C08
:101D40002046696C653A200046696C652073656CB5
:101D500065637465640A002053697A653A20004619
:101D6000696C65206F70656E65643A2000454E446D
:101D700020535542524F5554494E450A0022207077
:101D80006F73002220706172656E743A22005355A1
:101D900042524F5554494E452043414C4C207461AA
:101DA000726765743A220053756263616C6C204FF0
:101DB000766572666C6F7700457863656564656407
:101DC000206D617820535542524F5554494E45205D
:101DD00064657074683A0057726974696E6720743C
:101DE0006F2066696C653A200066726573680064EE
:101DF0006F696E67002066696C653A20004E6F77E8
:101E000020002F6175746F25632E6700200140014B
:101E100030013B01400136016001310170012C01AC
:101E200090012701B0012201C0011D01F00118013C
:101E30001002130130020E01600209019002040138
:101E4000C002FF000003FA004003F5008003F00029
:101E5000D003EB002004E6007004E100E004DC00A5
:101E60004005D700C005D2004006CD00D006C8000E
:101E70008007C3003008BE00F008B900C009B400F4
:101E8000B00AAF00B00BAA00D00CA500000EA00055
:101E9000500F9B00C01096005012910000148C004F
:101EA000C0158700B0178200B0197D00D01B7800E4
:101EB000001E730040206E0090226900F024640030
:101EC00040275F0090295A00E02B5500102E50004B
:101ED00020304B0010324600E033410090353C008A
:101EE0001037370070383200A0392D00B03A280082
:101EF000A03B2300603C1E00103D1900903D1400E3
:101F0000103E0F00703E0A00C03E0500003F00007A
:101F1000403FFBFF803FF6FFC03FF1FF2020506CA9
:101F2000616E6E657242756666657242797465733C
:101F30003A20002046726565204D656D6F72793AD2
:101F4000200020436F6D70696C65643A204A756C9F
:101F500020323420323032360A00204C6173742033
:101F6000557064617465643A20323032362D3036F3
:101F70002D3234207C20417574686F723A202843DA
:101F80007265616C6974792043522D3130290A00E1
:101F90004D61726C696E20322E312E322E380A005D
:101FA00020536F6674776172652052657365740A99
:101FB00000205761746368646F67205265736574AD
:101FC0000A002042726F776E206F7574205265731D
:101FD00065740A002045787465726E616C205265E4
:101FE0007365740A00506F77657255700A007374D8
:101FF0006172740A004732385859004D313030311F
:10200000006F6B006572726F722077726974696E0F
:102010006720746F2066696C650A00446F6E6520E6
:10202000736176696E672066696C652E0A004D32B1
:102030003900456E6473746F7073002553202563F7
:1020400020256320256320256300656E6473746F0B
:102050007073206869743A200000000001020009D2
:102060000A00000000040308070000000000000050
:1020700000000000000000000024F404D9201BC46C
:102080000C5C0E9804C4095F0265077101F405F940
:1020900000FB04B30048048700C1036900580355DE
:1020A0000003034500BE023A008402310053022AB5
:1020B000002902250004022000E4011C00C80119C7
:1020C00000AF011700980114008401130071011082
:1020D000006101100051010E0043010D0036010B9B
:1020E000002B010B0020010B00150109000C010958
:1020F0000003010800FB000800F3000800EB0007E4
:1021000000E4000600DE000600D8000600D200064B
:1021100000CC000500C7000500C2000500BD00049A
:1021200000B9000400B5000400B1000400AD0004D3
:1021300000A9000400A5000300A20003009F000402
:10214000009B000300980003009500020093000329
:1021500000900003008D0002008B00030088000245
:10216000008600020084000300810002007F00025C
:10217000007D0002007B0002007900020077000170
:10218000007600020074000200720001007100027B
:10219000006F0002006D0001006C0002006A000187
:1021A000006900020067000100660001006500018F
:1021B0000064000200620001006100010060000193
:1021C000005F0002005D0001005C0001005B000197
:1021D000005A000100590001005800010057000199
:1021E000005600010055000100540001005300009A
:1021F0000053000100520001005100010050000195
:10220000004F0001004E0000004E0001004D000193
:10221000004C0001004B0000004B0001004A00018F
:10222000004900010048000000480001004700018B
:102230000046000000460001004500000045000186
:102240000044000100430000004300010042000080
:102250000042000100410000004100010040000177
:10226000003F0000003F0001003E0000003E000172
:10227000003D0000003D0001003C0000003C00006B
:10228000003C0001003B0000003B0001003A000060
:10229000003A000100390000003900010038000058
:1022A000003800000038000100370000003700014E
:1022B0000036000000360000003600010035000046
:1022C000003500000035000100340000003400003B
:1022D000003400010033000000330000003300012F
:1022E0000032000000320000003200010031000026
:1022F000003100000031000100300000003000001B
:1023000000300001002F0000002F0000002F00000F
:10231000002F0001002E0000002E0000002E000102
:10232000002D0000002D0000002D0000002D0001F8
:10233000002C0000002C0000002C0000002C0001EC
:10234000002B0000002B0000002B0000002B0001E0
:10235000002A0000002A0000002A0000002A0001D4
:1023600000290000002900000029000000290000C9
:1023700000290001002800000028000000280000BB
:1023800000280000002800010027000000270000AE
:1023900000270000002700000027000100260000A1
:1023A0000026000000260000002600000026000194
:1023B0000025000000250000002500000025000089
:1023C000002500000025000100240000002400007A
:1023D000002400000024000000240001002300006D
:1023E0000023000000230000002300000023000061
:1023F0000023000000230001002200000022000052
:102400000022000000220000002200000022000143
:102410000021000000210000002100000021000038
:102420000021000000210000002100010020000028
:10243000002000000020000000200000002000001C
:10244000002000000020000000200001001F00000C
:10245000001F0000001F0000001F0000001F000000
:10246000001F0000001F0001001E0000001E0000F1
:10247000001E0000001E00000024F4D43050C38E63
:1024800020C2A24017828B7011127A910D816CD9F3
:102490000AA861E108C7586607615143061E4B5DF3
:1024A00005C145A7041A411104093D98037139314A
:1024B000034036DB0265339102D4305402802E1D76
:1024C00002632CEE01752AC501B028A001102781F6
:1024D000018F2564012B244B01E0223401AC211F24
:1024E000018D200D01801FFC00841EED00971DDF73
:1024F00000B81CD200E61BC600201BBC00641AB248
:1025000000B219A8000A19A0006A189900D1179101
:102510000040178B00B516840031167E00B3157984
:10252000003A157300C7146F0058146A00EE136662
:10253000008813630025135E00C7125B006C1257FE
:102540000015125400C111510070114F0021114BA0
:1025500000D61049008D104700461044000210427A
:1025600000C00F4000800F3E00420F3C00060F3BB2
:1025700000CB0E3800930E37005C0E3500270E346A
:1025800000F30D3200C10D3100900D3000600D2EB2
:1025900000320D2D00050D2C00D90C2B00AE0C299E
:1025A00000850C29005C0C2700350C27000E0C263A
:1025B00000E80B2400C40B2400A00B23007D0B2398
:1025C000005A0B2100390B2100180B2000F80A1FBC
:1025D00000D90A1E00BB0A1E009D0A1D00800A1DAC
:1025E00000630A1C00470A1B002C0A1B00110A1A70
:1025F00000F7091A00DD091900C4091900AB09190F
:1026000000920917007B091800630917004C09168E
:102610000036091600200916000A091500F50815EC
:1026200000E0081400CC081400B8081400A4081432
:1026300000900813007D0812006B08130058081260
:102640000046081200340811002308110012081176
:102650000001081100F0071000E0071000D007107B
:1026600000C0071000B0070F00A107100091070E6F
:102670000083070F0074070F0065070E0057070E51
:102680000049070E003B070D002E070E0020070D26
:102690000013070D0006070D00F9060C00ED060DEE
:1026A00000E0060C00D4060C00C8060C00BC060CAA
:1026B00000B0060C00A4060B0099060C008D060B5A
:1026C0000082060B0077060B006C060B0061060A01
:1026D0000057060B004C060A0042060A0038060A9C
:1026E000002E060A0024060A001A060A001006092F
:1026F0000007060A00FD050900F4050900EB0509BD
:1027000000E2050900D9050900D0050900C705093F
:1027100000BE050900B5050800AD050800A50509BE
:10272000009C050800940508008C05080084050835
:10273000007C050800740508006C050700650508A5
:10274000005D050700560508004E05070047050710
:10275000004005080038050700310507002A050775
:1027600000230507001C050600160507000F0507D6
:10277000000805060002050700FB040600F5040733
:1027800000EE040600E8040600E2040700DB04068D
:1027900000D5040600CF040600C9040600C30406E1
:1027A00000BD040600B7040600B1040500AC040631
:1027B00000A6040600A00405009B0406009504057D
:1027C00000900406008A04050085040500800406C4
:1027D000007A04050075040500700405006B04050B
:1027E0000066040500610405005C0405005704054B
:1027F00000520405004D040500480405004304058B
:10280000003E0404003A04050035040500300404C9
:10281000002C04050027040400230405001E040402
:10282000001A04040016040500110404000D040439
:1028300000090405000404040000040400FC03046F
:1028400000F8030400F4030400F0030400EC0304A4
:1028500000E8030400E4030400E0030400DC0304D4
:1028600000D8030400D4030400D0030400CC030404
:1028700000C8030300C50303005D2E00006E2300A3
:102880000013180000AF0E00003D080000630400B4
:102890000045020000270100004D6F766520246D81
:1028A0006D00302E303235004D6F766520302E3180
:1028B0006D6D004D6F766520316D6D004D6F7665E5
:1028C0002031306D6D004D6F766520417869730061
:1028D0004D6F7665202A004D6F7665204000200000
:1028E0005072696E742066726F6D204D6564696107
:1028F000002000200020002000FFFFFF50726F62C8
:10290000696E67204661696C65640A0050726F6287
:10291000696E67204661696C656400205A3A200040
:1029200020593A200042656420583A200043616EE5
:102930006E6F74206F70656E2073756264697220AB
:1029400000220A00556E6B6E6F776E20636F6D6D9F
:10295000616E643A202200204500205A0020590070
:1029600020204D39322058005374657073207065F3
:102970007220756E697400DB0FC93F45BCDA3F8F6A
:10298000B30240FCF0274056946140FE4B9B4084CC
:10299000A5D840E0231841346A5641E8599741646C
:1029A000DBD5416E271742B4B75542CE1A9742C8BD
:1029B000AED542B5885A43D40684BFA65FA7BF747C
:1029C00043E0BF10B11AC01C2C58C0E8F697C0B83D
:1029D00049D6C04E4E17C124D355C1802497C1A0FB
:1029E000B5D5C1121A17C244AE55C2781797C26C3A
:1029F000ACD5C267885AC320746F6F206C6F6E6746
:102A000020657874727573696F6E20707265766573
:102A10006E7465640A0020636F6C6420657874725C
:102A20007573696F6E2070726576656E7465640A81
:102A3000006F6B0A00526573656E643A2000204592
:102A40003A00205A3A0020593A00583A0000002231
:102A500000250028002B0000002100240027002A68
:102A6000000202020202020202040404040404043A
:102A70000403030303030303030101010101010133
:102A800001010204081020408001020408102040C7
:102A900080010204081020408080402010080402B9
:102AA000014572726F722077726974696E67207463
:102AB0006F20454550524F4D210A0043522D313071
:102AC0002052656164792E005072696E74696E6778
:102AD0002E2E2E005072696E7420506175736564DD
:102AE00000005CE36FEA11241FBECFEFD0E4DEBF2D
:102AF000CDBF84B78093E11314BE0FB6F894A895A8
:102B000080916000886180936000109260000FBE29
:102B100012E0A0E0B1E0EAEDFEEE01E00BBF02C082
:102B200007900D92AE36B107D9F723E1AEE6B2E0D9
:102B300001C01D92A13EB207E1F715E1C2E7D5E160
:102B400004C02197FE010E9461F3C137D107C9F784
:102B50000E94B5E40C9461F70C940000CF93DF93CE
:102B6000EC01CB01BA010E94EFEE20E030E048EC2E
:102B700052E40E942BF42FE632E143E85AE30E942C
:102B8000B4F3688379838A839B83DF91CF9108951F
:102B9000CF93DF93EC01CB01BA010E94EFEE20E06E
:102BA00030E048EC52E40E942BF42FE632E143E897
:102BB0005AE30E94B4F3688379838A839B83DF910D
:102BC000CF910895CF93DF93EC01CB01BA010E941E
:102BD000EFEE20E030E040E251E40E942BF42AE0E6
:102BE00037ED43E25CE30E94B4F3688379838A8320
:102BF0009B83DF91CF910895CF93DF93EC01CB01BD
:102C0000BA010E94EDEE2AE037ED43E25DE30E9457
:102C10002BF40E9498F4688379838A839B83DF91E5
:102C2000CF910895CF93DF93EC01CB01BA010E94BD
:102C3000EFEE2AE037ED43E25DE30E942BF4688378
:102C400079838A839B83DF91CF910895CF93DF931C
:102C5000EC01CB01BA010E94EFEE688379838A838D
:102C60009B83DF91CF910895FC01518340830895A8
:102C7000CF93DF93EC01CB01BA010E94EFEE20E08D
:102C800030E04AE754E40E942BF427E137EB41EDB2
:102C900058E30E94B4F3688379838A839B83DF912E
:102CA000CF910895FC01A081B1811C92A281B381D2
:102CB0008C918F5F8C930280F381E02D90818CE06A
:102CC000989F800D1124EEEAF1E113AE84AF0895D0
:102CD000119800C087FD43C0419800C0119A00C000
:102CE00000C0119800C086FD46C0419800C0119AEE
:102CF00000C000C0119800C085FD3BC0419800C0D5
:102D0000119A00C000C0119800C084FD30C04198E5
:102D100000C0119A00C000C0119800C083FD25C0FA
:102D2000419800C0119A00C000C0119800C082FDF7
:102D30001AC0419800C0119A00C000C0119800C08C
:102D400081FD0FC0419800C0119A00C000C01198C9
:102D500000C0419800C0119A00C000C00895419A77
:102D6000BCCF419AF0CF419AE5CF419ADACF419A50
:102D7000CFCF419AC4CF419AB9CF90E080E0089577
:102D8000CF93DF93C0911111D091121181E0CE3118
:102D9000D105E4F020E030E040E05FE360910D1108
:102DA00070910E1180910F11909110110E94B4F347
:102DB0000E9493F46C1B7D0B77FF03C071956195A6
:102DC000710981E0633071050CF080E0DF91CF91F3
:102DD0000895CF93DF93DB01F9019C919130C1F00D
:102DE000943080F094509C938830D1F4808191810C
:102DF000009771F0019791838083480F591FEA0172
:102E0000188206C08C3539F49C5F9C93943041F451
:102E1000DF91CF9108958B3339F781E08C93F8CF10
:102E200020813181B9016F5F7F4F71836083420FD1
:102E3000531FEA018883808191818F3591056CF75A
:102E4000E7CF0F931F9381E00091021310910313BA
:102E500020910413309105134091FE125091FF12FE
:102E600060910013709101130417150726073707A7
:102E700008F480E01F910F9108952091EC118330A8
:102E800021F425FD0CC024FD0CC030E0A90102C0D6
:102E9000559547958A95E2F7CA018170089581E0BA
:102EA000089580E008958091DC0384FD0BC080913B
:102EB000DE0387FD07C09091DF03937081E019F472
:102EC00080E0089581E008952FEB280F2A3108F063
:102ED00047C0E22FF0E08091DC039091DD03A091E8
:102EE000DE03B091DF0304C0B695A795979587954B
:102EF0002A95D2F780FD02C081700895EE53FC4FF1
:102F0000E081EE2341F180916B0690916C06E80F11
:102F1000F92FF11D808190ED980F9A3030F08E32AC
:102F200051F4818180538A3098F4F093B703E09391
:102F3000B60381E008958D3211F08B3249F481811E
:102F400090ED980F9A3088F38E3211F48281EACF97
:102F5000F0E0E0E0EACF1092B7031092B603E9CFB9
:102F600080E00895CF93DF9385E4AEDF882309F1F5
:102F700088E04091DC035091DD036091DE037091A5
:102F8000DF03972F9170C92F90E0D92FCC0FDD1F51
:102F900071FB222720F930E0220F331F220F331F4D
:102FA000C22B67FB442740F9C42B8C2BDF91CF91B8
:102FB000089580E0DECF88DF882341F081E0209112
:102FC000B6033091B703232B09F480E008958F9264
:102FD0009F92AF92BF92CF92DF92EF92FF92FC014D
:102FE000828158E5C52E52E0D52EC81AD10887FD3A
:102FF000D394CC0CDD1CCC0CDD1C0D2C000CEE088D
:10300000FF08818178E8872E912C881A910887FD26
:103010009394880C991C880C991C092C000CAA0804
:10302000BB0880818F3FD1F190E0FC01EE0FFF1FC4
:10303000E80FF91FEF59FE4E8181928133E0880F2E
:10304000991F3A95E1F7B0E0A0E044E0B595A79567
:10305000979587954A95D1F702969C012F5F3F4F30
:10306000032E000C440B550B281939094A095B093A
:10307000A4EBB0E00E9402F3A701960128193909D8
:103080004A095B090E94E6F2C901FF90EF90DF90C8
:10309000CF90BF90AF909F908F90089590E080E088
:1030A000DCCFA4E0B0E0E7E5F8E10C948CF30E94FB
:1030B000EDEE69837A838B839C83CE0101960E9417
:1030C000139E2496E2E00C94A8F30E94EDEE2AE011
:1030D00037ED43E25DE30E942BF40E9498F4E1CFC8
:1030E000CF92DF92EF92FF92CF93DF9300D000D088
:1030F000CDB7DEB76B017C0120E030E0A9010E9472
:10310000E9EE87FD1BC06DEB77E386E095E3A70151
:1031100096010E94B4F369837A838B839C83CE01EA
:1031200001960E94139E0F900F900F900F90DF91C9
:10313000CF91FF90EF90DF90CF9008956DEB77E304
:1031400086E095EBE4CF0E94EFEE2AE037ED43E214
:103150005DE30E942BF4C4CF0E94EFEEC1CFCF926B
:10316000DF92EF92FF926B017C0120E030E0A90139
:103170000E94E9EE87FD3EC06DEB77E386E095E3C4
:10318000A70196010E94B4F341E050E00E94C59D62
:103190009B018BE237FF05C022273327261B370B05
:1031A0008DE280937C04C90164E670E00E944EF3D6
:1031B000CB01EAE0F0E0BF010E944EF3805D809316
:1031C0007D04C901BF010E944EF39C01CB01BF01E8
:1031D0000E944EF3805D80937E048EE280937F0494
:1031E000205D209380048CE794E0FF90EF90DF90C7
:1031F000CF9008956DEB77E386E095EBC1CF0E9409
:10320000EFEE20E030E040E251E40E942BF42AE0AF
:1032100037ED43E25CE30E94B4F3A1CF8F929F921B
:10322000AF92BF92CF92DF92EF92FF926B017C013F
:1032300020E030E0A9010E94E9EE87FDC3C06DEBFC
:1032400077E386E095E3A70196010E94B4F36B0152
:103250007C0120E030E0A9010E94E9EE87FF04C074
:10326000F7FAF094F7F8F09442E050E0C701B601A5
:103270000E94C59D6B017C0160E280E4C81682E477
:10328000D8068FE0E806F1048CF0C701B60120E40F
:1032900032E44FE050E00E94E6F2CA01B9012AE0B0
:1032A00030E040E050E00E94E6F2605D6093790417
:1032B00060E280EAC81686E8D80681E0E806F104F4
:1032C0008CF0C701B60120EA36E841E050E00E94E8
:1032D000E6F2CA01B9012AE030E040E050E00E9485
:1032E000E6F2605D60937A0460E280E1C81687E2EE
:1032F000D806E104F1048CF0C701B60120E137E201
:1033000040E050E00E94E6F2CA01B9012AE030E054
:1033100040E050E00E94E6F2605D60937B0460E272
:1033200088EEC81683E0D806E104F1048CF0C701EA
:10333000B60128EE33E040E050E00E94E6F2CA0118
:10334000B9012AE030E040E050E00E94E6F2605D22
:1033500060937C04C701B60124E630E040E050E011
:103360000E94E6F28AE0882E912CA12CB12CCA0191
:10337000B901A50194010E94E6F2605D60937D04AD
:103380008EE280937E04C701B601A50194010E94DC
:10339000E6F26B01CA01B901A50194010E94E6F2AF
:1033A000605D60937F0480E3C80EC092800489E76B
:1033B00094E0FF90EF90DF90CF90BF90AF909F9000
:1033C0008F9008956DEB77E386E095EB3CCF0E94FC
:1033D000EFEE20E030E048EC52E40E942BF42FE6C0
:1033E00032E143E85AE30E94B4F318CF8F929F92E0
:1033F000AF92BF92CF92DF92EF92FF926B017C016E
:1034000020E030E0A9010E94E9EE87FD6AC06DEB83
:1034100077E386E095E3A70196010E94B4F343E0C9
:1034200050E00E94C59D6B017C01C114D104E104F0
:10343000F10409F45BC0F7FE59C0F094E094D09415
:10344000C094C11CD11CE11CF11C8DE280937B0453
:10345000C701B60128EE33E040E050E00E94E6F2FA
:103460008AE0882E912CA12CB12CCA01B901A501AA
:1034700094010E94E6F2605D60937C048EE280938A
:103480007D04C701B60124E630E040E050E00E9430
:10349000E6F2CA01B901A50194010E94E6F2605D5D
:1034A00060937E04C701B601A50194010E94E6F273
:1034B0006B01CA01B901A50194010E94E6F2605DA9
:1034C00060937F0480E3C80EC09280048BE794E091
:1034D000FF90EF90DF90CF90BF90AF909F908F9034
:1034E00008956DEB77E386E095EB95CF80E2AECF64
:1034F0000E94EFEE20E030E04AE754E40E942BF413
:1035000027E137EB41ED58E30E94B4F36FCF0E94FF
:10351000EFEE20E030E048EC52E40E942BF42FE67E
:1035200032E143E85AE30E94B4F30C94FFA9CB01C3
:103530000C94D99B0C94F9870C94F9870C94B5875B
:103540000C94B5870C94B5870C94B5878091620173
:10355000882341F0609172047091730441E081E02E
:103560000C94BACD0895CF92DF92EF92FF920F9311
:103570001F930E94D1D10091EC031091ED03209193
:10358000EE033091EF036B017C01C01AD10AE20A0D
:10359000F30A9701860137FD11C02091EB032095B6
:1035A0002093EB036A547C4F8F4F9F4F6093EC0343
:1035B0007093ED038093EE039093EF0381E090917D
:1035C000EB03911101C080E01F910F91FF90EF90EC
:1035D000DF90CF900895CF93DF93C0911111D091D8
:1035E0001211209729F160910D1170910E118091A7
:1035F0000F11909110110E9493F46E5F7F4F2497EA
:103600006C177D07ACF47093E4046093E3040E94AC
:10361000D1D1605A75418F4F9F4F6093E5047093ED
:10362000E6048093E7049093E804DF91CF91089536
:103630001092E5041092E6041092E7041092E80458
:10364000F4CFB0E0A0E0E7E2FBE10C9485F36B017E
:10365000E9014A3009F4D5C0453109F081C0DB01E8
:103660001296ED91FC91F28096818781139A00C0A9
:103670000000E6E2F0E03197F0F7092F182FEF2C69
:10368000E29420EFE22230E1B32EBF0CE80188EF94
:103690001FDB00C0000086E290E00197F0F7BFE179
:1036A000BF1508F49BC08F2D8077806811DB8E2DAD
:1036B0000FDB00C0000086E290E00197F0F780E8A1
:1036C00007DB80E005DB00C0000086E290E00197A8
:1036D000F0F78AEFFDDA00C0000086E290E0019783
:1036E000F0F7005F1F4F8881807FF2DA8991829521
:1036F000807FEEDAC017D107B1F700C0000086E284
:1037000090E00197F0F7F394E0E1EE0EFB10BECFEE
:103710001398D6011296ED91FC9180819281980FB9
:1037200092832181921708F09FC194819F5F9483B7
:103730009381890F821710F08FEF820F8383458169
:1037400050E0440F551F70E060E0868197810E9431
:103750000DF781E0CDB7DEB7E9E00C94A1F3DEC14F
:10376000FB0102811381423309F485C108F48DC144
:10377000463409F475C1473409F482C14B3349F723
:1037800089812B81D80112967C91129713963C91D6
:10379000213009F4BFC1233009F0A0C148EF480F20
:1037A000582F91E0341708F490E031E0541708F0F6
:1037B00030E0492F432B61E0571708F460E04623BF
:1037C00011F4932331F2FA8030E0F901E756FE4F0D
:1037D000D0802B563E4FF901E08099C180EE8F0DCD
:1037E0008068807F75DA8F2D8295807F71DA00C0C6
:1037F000000086E290E00197F0F780E869DA80E85F
:1038000061CF0B9A1398399A4198099A119A139A91
:1038100000C0000086E290E00197F0F788E790E0B2
:10382000CEE9DFE0FE013197F1F70197D9F788EF94
:103830004FDA00C0000086E290E00197F0F780E2E6
:1038400047DA80E045DA00C0000086E290E00197A8
:10385000F0F780E03DDA80E83BDA00C0000086E265
:1038600090E00197F0F780E033DA80E131DA00C0D0
:10387000000086E290E00197F0F7CE010197F1F7A2
:10388000CE010197F1F7CE010197F1F7CE01019733
:10389000F1F7CE010197F1F7CE010197F1F7CE01D3
:1038A0000197F1F7CE010197F1F7CE010197F1F7FA
:1038B000CE010197F1F7CE010197F1F7CE01019703
:1038C000F1F7CE010197F1F7CE010197F1F72197BA
:1038D000F1F780E2FDD980E4FBD900C0000086E268
:1038E00090E00197F0F780E2F3D980E6F1D900C0CB
:1038F000000086E290E00197F0F7D0E0C0E08C2F66
:1039000080778068E5D98D2FE3D900C0000086E27A
:1039100090E00197F0F780E8DBD980E0D9D900C0CA
:10392000000086E290E00197F0F78AEFD1D900C05D
:10393000000086E290E00197F0F780E2119800C065
:10394000419800C0119A00C000C0119800C0419871
:1039500000C0119A00C000C0119800C0419800C07A
:10396000119A00C000C0119800C0419800C0119A7F
:1039700000C000C0119800C0419800C0119A00C05A
:1039800000C0119800C0419800C0119A00C000C04A
:10399000119800C0419800C0119A00C000C0119851
:1039A00000C0419800C0119A00C000C0119800C02A
:1039B000419800C0119A00C000C0119800C0419801
:1039C00000C0119A00C000C0119800C0419800C00A
:1039D000119A00C000C0119800C0419800C0119A0F
:1039E00000C000C0119800C0419800C0119A00C0EA
:1039F00000C0119800C0419800C0119A00C000C0DA
:103A0000119800C0419800C0119A00C000C01198E0
:103A100000C0419800C0119A00C000C000C0000062
:103A2000E6E2F0E03197F0F7815009F087CF88EFB8
:103A30004FD900C0000086E290E00197F0F7CF5F19
:103A4000D05FC03209F05BCF80E042D980EC40D932
:103A500000C0000086E290E00197F0F7139879CE5D
:103A6000F8018581888375CE80E0CDB7DEB7E9E0C7
:103A70000C94A1F353C0B901C8010E9447D269CE8A
:103A8000D80111968C91888364CE443191F04731EE
:103A900009F05FCE1882D80112968C911297898313
:103AA00015968C91159781508A8313968C918B83F0
:103AB00050CED80115964C91159750E0440F551FE4
:103AC00070E060E016968D919C910E940DF7F801D0
:103AD000128280818150838314823BCE381708F490
:103AE00038CE871708F435CEFA80E12CD12C24305B
:103AF00070F46ACEBE01C8010E9447D289819881C4
:103B00009D0D98838E0D8983FF0C09F422CEF7FE5C
:103B1000F6CFF0CF58E0580F482F43CE2091E9035D
:103B2000022E000C330B8217130641F08093E90339
:103B300061ED7FE082EB91E10C949BD40895EF92CC
:103B4000FF920F931F93CF93DF93EC018B017A01C8
:103B50008A859B858617970731F0888199810E9415
:103B60009BD41B870A87B701888199810E94A3CEC5
:103B70002E813F81820F932F911D9F838E8390E032
:103B800080E0CDB7DEB7E6E00C94A4F3B0E0A0E0AF
:103B9000ECECFDE10C9484F3EC017B018A018A8555
:103BA0009B858617970731F0888199810E949BD465
:103BB000FB86EA8688859985019609F5CC80DA80AE
:103BC0008E81D80EA880B980D5015596ED91FC91D3
:103BD000C5010995C80E780110E0F70121917F0118
:103BE00021111FC08E819F81810F911D9F838E8324
:103BF00090E080E0CDB7DEB7EAE00C94A0F3EE8071
:103C0000FF80B801888199810E94A3CE8E0D9F2DDF
:103C1000911D288539852817390780F681E090E0C5
:103C2000E9CF4C2D6D2DC5010E94F3D4D80E180F8D
:103C3000D4CFB0E0A0E0EFE1FEE10C9487F3EC011B
:103C4000D62E1CAD0BAD7C0184E0E80EF11CE98D95
:103C5000FA8DC7010995412F480F2D2D602FC701FF
:103C60000E94F3D49BAD890F8BAF81E090E0CDB77C
:103C7000DEB7E7E00C94A3F3CF93C0910304CC2309
:103C8000C9F14CE050E060E270E085EF93E00E9403
:103C90000DF72C2F30E060E2C43630F0C90164E645
:103CA00070E00E944EF3605D60937E0480E2CA3053
:103CB00058F0EAE0F0E0C901BF010E944EF3CB01E9
:103CC000BF010E944EF3805D80937F04C9016AE0CA
:103CD00070E00E944EF3805D8093800483E0EEE705
:103CE000F4E0A9EFB3E001900D928A95E1F785E247
:103CF0008093FC03CF910895ACE0B0E0E2E8FEE1F0
:103D00000C9486F3F090E911E090EA112091F00311
:103D1000211112C047EB5CE06E2D8F2D0E944CD517
:103D200090E080E0F80EF092E911E092EA11992714
:103D30002C96E8E00C94A2F3C090B611D090B71185
:103D400022EB31E13A8329832F2D30E03C832B8312
:103D50002E2D30E03E832D8318861F827A87698757
:103D60001C861B8606EC1DE19E012F5F3F4F4CE039
:103D700052E7BC01C6010E94E0C6B60182EB91E1A8
:103D80000E949BD48F819885CDCF8091B60390916E
:103D9000B703009731F04AE050E070E060E00C9427
:103DA0000AED60E070E0CB0108958091B603909138
:103DB000B703009731F04AE050E070E060E00C9407
:103DC000DFEB60E070E0CB010895EFDF97FD0AC004
:103DD000ECDF6F3F71058105910509F02CF4E5DFFB
:103DE000862F089580E008958FEF0895CF93C62F12
:103DF000E2D8882311F0E9DFC82F8C2FCF910895E6
:103E00008091B6039091B703892B39F0DEDF91E002
:103E1000811101C090E0892F089591E0FCCFCF93EC
:103E2000DF93C82FD62FC7D8882321F0E9DFDF9191
:103E3000CF9108958C2F48D88111F9CF8D2FF7CFCE
:103E4000B4DFCB010895CF93DF93EB01B4D888237F
:103E500011F0F6DFEC01CE01DF91CF9108950F93C1
:103E60001F93CF938091B6039091B7030097F9F019
:103E7000FC018F01C1912C2F2F7DA1F0C53431F0B1
:103E8000C53621F0C83511F0C83799F7F80110820E
:103E900070E060E00E948AEAF801C083CF911F9130
:103EA0000F91089570E060E00E948AEAF7CF60E029
:103EB00070E0CB01F3CFCF92DF92EF92FF926A01D5
:103EC0007B0179D8882319F0CADF6B017C01C70117
:103ED000B601FF90EF90DF90CF900895B0E0A0E0A2
:103EE000E4E7FFE10C948CF320E24F8158856E816A
:103EF0008D810E941ACEE2E00C94A8F3E0916D044B
:103F0000E63028F581E08E0F80936D0440914C06D9
:103F100050914D0660914E0670914F0620914506D6
:103F2000909146068091780439E0E39FF0011124D6
:103F3000E95CFB4FA091AC11B091AD11B183A083AE
:103F40004283538364837583268397838087089590
:103F50000C942F840C941AAF0C94B797B0E0A0E0A7
:103F6000E4EBFFE10C948CF38D81282F082E000CDC
:103F7000330B90919F109217130609F09CF48093D5
:103F80009F109E01285F3F4F4E815F8164E570E086
:103F90008AE490E10E94B1EE10924910109248100C
:103FA00010924710E2E00C94A8F30F931F93CF9365
:103FB000DF936F3F11F410929F1020919F102111F9
:103FC00022C08C010E9438EE800F911FEC01C01BB3
:103FD000D10BC535D1053CF00197FC012491207C23
:103FE0002038D1F3F3CFDD27AE01B8018AE490E1A8
:103FF0000E9459EEC65BDF4E188210924910109253
:10400000481010924710DF91CF911F910F910895A2
:104010000F931F930E94D1D100912A0410912B0479
:1040200020912C0430912D04601B710B820B930B9B
:1040300097FD0CC089B183FB882780F991E089271F
:104040004A9B8260309B846080932904809129047C
:1040500081709091290491FD8260909128049817B5
:1040600049F0813009F148F0823079F0833091F0E5
:10407000809328041F910F910895913079F0923028
:10408000B9F79091270491500CC0992339F09330DF
:10409000C1F3EECF9130A9F3923051F790912704FC
:1040A0009F5F90932704E4CF992359F3933001F74E
:1040B000F5CFCF92DF92EF92FF92CF93C82F0E945D
:1040C000D1D16B017C0124EA30E74DE75FE36091D9
:1040D00022017091230180912401909125010E9479
:1040E000E9EE87FD18C08AEF90E0A0E0B0E08C0D0B
:1040F0009D1DAE1DBF1D8093170490931804A093BF
:104100001904B0931A04C0931801CF91FF90EF9057
:10411000DF90CF90089580E090E0DC01E8CF8F3011
:1041200010F48F5F08958F500895CF938091F1031D
:10413000811154C01092E9111092EA111092EB1102
:104140001092B7111092B6111092B9111092B811C5
:104150001092BB1181E08093BA1182E28093BC116E
:104160001092C1111092C011E5EDF1E123EE31E1A1
:104170008FEF81932E173F07E1F7C1E0C093D21173
:104180002BE236EB3093C8112093C711C093C911AD
:104190001092CA111092CB1190E49093CC1110920E
:1041A000CD112AE236EB3093E4112093E31121E1A3
:1041B00031E03093B5112093B4119EE19093D91161
:1041C00091E19093DA119CE19093D7118093D611ED
:1041D0008093D5110E94ACD2C093F10381E080930B
:1041E000F00380E49DE09093A1108093A0101092C2
:1041F000A3101092A21053985B9A52985A9A38982A
:10420000409A06DF109227040E942FC7CF9108958D
:104210009CE0899F802D112491E0980F9093EA03F0
:104220002CE0280F2093620630E02E5F3F4F409134
:10423000E6114217130619F014F080E0089520915A
:10424000E8119217D0F7662341F08E5F0E94D4D315
:10425000809162068E5F0E94D4D380916206909115
:10426000E611891750F32091E8119091EA0329177C
:1042700020F31092E9118093EA1181E00895ACE0F7
:10428000B0E0E5E4F1E20C9488F3FC016081718117
:10429000828193816F3F71058105910509F070F46A
:1042A0008EEA91E1C6DCE091B611F091B71131963A
:1042B000849190E02C96E6E00C94A4F31091E9111F
:1042C0000091EA112091F00321110FC047ED5CE04D
:1042D000602F812F0E944CD590E080E0180F109342
:1042E000E9110093EA119927E5CFE090B611F0901B
:1042F000B71122EB31E13A832983212F30E03C834F
:104300002B83202F30E03E832D8318861F822FEFD2
:104310003FEF3A8729871C861B8626EC3DE1AE01DC
:104320004F5F5F4FBF01C7010E9449C6B70182EBD3
:1043300091E10E949BD48F819885D0CFA8E0B0E016
:10434000E4EAF1E20C947EF36C015A014901FB01AD
:1043500090818CE0989F800D1124982FF601208188
:10436000822F880F820F880F8093E9119093EA11B2
:104370004115510509F4A0C0DA82C9827C836B83A0
:10438000011122C0AE014B5F5F4FB401C5010E9415
:10439000AFA15C018D819E81AF81B885892B8A2B6D
:1043A0008B2B09F489C0CE01059669DFF601808167
:1043B0008F5F8083853130F3CE0101960E945216C3
:1043C000E1CF10E075010DC07A0110E00AC0E114E0
:1043D000F104B9F38FEFE81AF80A10E0E114F104E0
:1043E00089F3AE014B5F5F4FB401C5010E94AFA1DD
:1043F0005C014D805E806F807884411451046104BB
:104400007104E9F0F0E24F16510461047104A9F05F
:10441000D301C2018D97A109B1090297A105B10588
:1044200070F04BE2441651046104710441F05AE00B
:104430004516510461047104E9F5112341F2F601B6
:104440008081482F410F5527551F4631510534F0C3
:10445000853020F0CE0101960E94521681E0411471
:1044600051046104710409F480E0180FF6018081A1
:10447000810F8083112369F01150AE014B5F5F4FB4
:10448000B401C7010E94AFA17C01CE010596F7DE01
:10449000F1CF411451046104710471F0FAE04F1638
:1044A00051046104710409F08CCFCE0101960E9481
:1044B000521688CF1F5F92CF2896E0E10C949AF3B2
:1044C0006FEF7FEF19CCFCCFACE0B0E0EAE6F2E2B0
:1044D0000C9486F3F090E911E090EA112091F0033A
:1044E000211112C047E95CE06E2D8F2D0E944CD542
:1044F00090E080E0F80EF092E911E092EA1199273D
:104500002C96E8E00C94A2F3C090B611D090B711AD
:1045100022EB31E13A8329832F2D30E03C832B833A
:104520002E2D30E03E832D8318861F827A8769877F
:104530001C861B8606EC1DE19E012F5F3F4F4FE05E
:1045400052E7BC01C6010E94E0C6B60182EB91E1D0
:104550000E949BD48F819885CDCFA8E0B0E0E3EB9B
:10456000F2E20C9480F37C01162F5A014901862F48
:10457000660F990B9C012F563E4F690186E0682E0D
:10458000712C10160CF03CC0AE014B5F5F4F6CE01D
:1045900072E7C7010E94AFA17C018D819E81AF812E
:1045A000B8850097A105B10559F18B379105A10593
:1045B000B10509F461C08E379105A105B10509F473
:1045C0005BC08A329105A105B105F9F417FF11C04E
:1045D00084E39DE01E3F11F080E39DE036E003029E
:1045E000B001112489DB66E070E00E944EF3061BE7
:1045F0007BC08EE39DE067DF015009F03FC000E023
:10460000802F2896EEE00C949CF384329105A1054E
:10461000B105C1F48114910459F0E6E00E02B00135
:104620001124C40169DBB3010E944EF3061BA9CF1C
:10463000A114B104E1F0F6E00F02B0011124C501AC
:1046400043DFF1CF80349105A105B10581F401501C
:10465000F6018081082E000C990BAA0BBB0B8983F5
:104660009A83AB83BC83CE01019609DE8ACFCE014B
:10467000059605DE015085CF17FDAACF81E04D815B
:104680005E816F8178854B3751056105710509F4AD
:1046900080E0810F8A30C4F001506AE00E942DF35F
:1046A000D92E082E000C990BC096092E000CAA0BCF
:1046B000BB0B89839A83AB83BC83CE010196DFDD7C
:1046C000002309F49CCF8D2D082E000C990BC09669
:1046D000092E000CAA0BBB0B89839A83AB83BC8386
:1046E000CE010196CCDD0150002309F488CF86E08D
:1046F0000802B0011124C701FFDA66E070E00E94F1
:104700004EF3061B7DCF6FEF7FEFDECEA4E0B0E06F
:10471000ECE8F3E20C9482F34C016B010E9493A14C
:10472000A82EC6010E94A1A1B12C23E130E079019D
:10473000E81AF10815E2EA14FB040CF41FE1812FDA
:1047400090E09C012E5F3F4F4091E6114217130607
:1047500009F094F509972091E8112817190664F1DA
:104760002091660630916706409164065091650677
:10477000609163061092E9111093EA1105E1C401FA
:10478000ECDE01E0C114D10499F08BEF9CE09BDEDC
:10479000EA14FB049CF4145F8091E611181740F0B2
:1047A0002091E811412F4950550B2417150644F468
:1047B0002496ECE00C949EF300E0E4CF0023C1F3D8
:1047C00080E290E0A0E0B0E089839A83AB83BC8371
:1047D0008E2D880FE80EEE0CE092E9111093EA118D
:1047E000CE0101964CDDC6018EDFE2CFACE0B0E039
:1047F000ECEFF3E20C9482F3982F862F5A016901B3
:10480000E02E692F05DD882309F487C0C601002347
:1048100081F10E9493A1F82E8090B6119090B7116B
:104820008091F003811143C02FEF3FEF922E03E1FF
:104830000F192091660630916706409164065091E9
:10484000650660916306C50188DEFF2009F465C036
:10485000B6E08B9F8001112489EF9CE034DE0730A5
:10486000110508F442C087EF9CE02ADE081B190BF3
:10487000F6CF0E94A1A1F82E8090B6119090B711AA
:104880008091F003882381F2FE0133968AE0DF01F4
:104890001D928A95E9F782EB91E19A8389830FE96A
:1048A0001DE19E012F5F3F4F4FE052E712C0FE0116
:1048B00033968AE0DF011D928A95E9F782EB91E158
:1048C0009A8389830FE91DE19E012F5F3F4F4CE0E2
:1048D00052E7B601C4010E94E0C6B40182EB91E147
:1048E0000E949BD42F813885A1CF40916206292D4B
:1048F00030E056E0F59EC00111242E5F3F4F28178F
:1049000039070CF49C0180E8821B8093E9114093E5
:10491000EA11C601EE2029F0D3DD2C96ECE00C94D0
:104920009EF3F1DEFACF0C94B4C74F925F926F9270
:104930007F928F929F92BF92CF92DF92EF92FF92DF
:104940000F931F93CF93DF931092E1031092E00334
:104950002FE32093E4031092E3031092E2031092FA
:10496000DC031092DD031092DE031092DF039C0142
:10497000F90190812F5F3F4F9032D1F39E34C9F4FB
:10498000818190ED980F9A3020F08D3211F08B32AA
:1049900081F432969F012F5F3F4F808180538A3090
:1049A00008F46DC09F012F5F3F4F8081803209F472
:1049B00068C0F0936C06E0936B068F010F5F1F4F8A
:1049C000C0816AE270E0C8010E9427F7009731F0C9
:1049D000FC01319780818032E1F31182CD3421F0E6
:1049E000C43511F0C734D9F5F80180810F5F1F4F2E
:1049F0008032D1F380538A3090F5C093E40390E085
:104A000080E06AE0AF014F5F5F4F689F9001699F50
:104A1000300D1124C901C0972081820F911D27FDFF
:104A20009A95FA01208120532A3060F39093E30392
:104A30008093E203DF0131962C912032D9F3CD34FB
:104A400061F58E31910539F0F0F48731910519F057
:104A50008C31910511F5B093E103A093E003DF9150
:104A6000CF911F910F91FF90EF90DF90CF90BF906B
:104A70009F908F907F906F905F904F900895F90175
:104A800089CFF9018FCF8537910538F087379105A8
:104A900010F3803A13E09107F1F280906B0690904A
:104AA0006C0640E050E0BA0130E020E0C12CD12C8F
:104AB0007601C394FD013196DC91DD2309F484C0B5
:104AC000D132F1F4CD34E1F480329105C9F4409350
:104AD000DC035093DD036093DE037093DF03F093F8
:104AE000E103E093E00363E270E0CF010E9427F767
:104AF000009709F4B4CFFC011082B1CFDF01DACF07
:104B0000D154DA3108F05BC0DF011D91103291F011
:104B1000A0EDA10FAA30E8F01E3271F4A181A053DC
:104B2000AA30B8F02115310519F49F01215031093F
:104B3000B12C13C0FD01E8CF1D3211F01B3291F7EB
:104B4000A181B0EDBA0FBA3020F0AE3259F7A28190
:104B5000E6CFBE2EB818309759F3AD2FB0E026013E
:104B6000370104C0440C551C661C771CDA95D2F73B
:104B70004429552966297729AE53BC4FBC92A081A0
:104B8000A154AA3108F4BACFDF01D191DD2309F491
:104B900091CF00EDB02EBD0E19E01B15A8F713ED57
:104BA000B12EBD0E11E01B1578F7DB3269F3FD0164
:104BB0003196DC91D03209F07DCFDF01F8CF21159D
:104BC0003105E9F69D01DBCF3093E1032093E0034B
:104BD0004093DC035093DD036093DE037093DF03A7
:104BE0003ECFFC01659175918591949108958091D6
:104BF0006906882319F080E00E94FA9880E0089501
:104C0000CF93C82F882379F020E030E0A90160918C
:104C1000B1047091B2048091B3049091B4040E94E5
:104C2000E9EE8823C1F08091B0048C17A1F00E94B6
:104C30001D888CE090E10E943F888091B00491E053
:104C400089278093B004882321F08CE090E10E94B2
:104C5000E0860E947596CF9108959091B00481E00E
:104C60008927CECF4F925F926F927F928F929F92C1
:104C7000AF92BF92CF92DF92EF92FF921F93CF93AA
:104C8000DF93EC01162F2091AC043091AD044091DC
:104C9000AE045091AF04688179818A819B810E9422
:104CA000E9EE882309F497C0B090B00480E0A8DF53
:104CB000C880D980EA80FB8020E030E0A901C701EC
:104CC000B6010E9417F518161CF0C12CD12C7601E4
:104CD000C092AC04D092AD04E092AE04F092AF0466
:104CE0002DEB37E346E855EBC701B6010E9417F5F7
:104CF00087FD0BC02DEB37E346E855E3C701B6014E
:104D00000E94E9EE18160CF076C0A701960160E04B
:104D100070E080E89FE30E942BF46093A0047093FE
:104D2000A1048093A2049093A30480EF9FEFA9E7CE
:104D3000B4EC80939A0490939B04A0939C04B0934A
:104D40009D04BB2009F447C040900C1050900D10FA
:104D500060900E1070900F108090101090901110B5
:104D6000A0901210B0901310C0901410D090151095
:104D7000E0901610F090171081E042DF112359F1F6
:104D800020910C1030910D1040910E1050910F1089
:104D9000C301B2010E94E9EE81111BC020911010E5
:104DA000309111104091121050911310C501B401AF
:104DB0000E94E9EE81110DC0209114103091151060
:104DC0004091161050911710C701B6010E94E9EEEC
:104DD00081110E94B296DF91CF911F91FF90EF90C9
:104DE000DF90CF90BF90AF909F908F907F906F900B
:104DF0005F904F90089560E070E0CB018ECFB0E0FF
:104E0000A0E0E5E0F7E20C947EF3EC012091A4042D
:104E10003091A5044091A6045091A704688179813E
:104E20008A819B810E94B3F34B015C012091A8040D
:104E30003091A9044091AA045091AB046C817D810A
:104E40008E819F810E94B3F36B017C01A5019401C7
:104E50006091AE037091AF038091B0039091B10364
:104E60000E94E9EE882309F459C08092AE03909223
:104E7000AF03A092B003B092B1032091A60330918A
:104E8000A7034091A8035091A903C501B4010E9452
:104E90004EEF2B013C010E94C4F44B015C0120E069
:104EA00030E0A9010E94E9EE87FD6DC020E030E00E
:104EB00040E050E4C501B4010E9417F518162CF427
:104EC000812C912CA12CC0E4BC2EA5019401C3011E
:104ED000B2010E94B3F32B013C0120E030E0A901B4
:104EE0000E94E9EE87FD53C040929E0350929F03BB
:104EF0006092A0037092A103C501B4010E9493F4D3
:104F000060939C03062E000C770B6F5F7F4F62301F
:104F1000710514F062E070E060939A0310919803B9
:104F2000D0919C03A70196016091B2037091B303E5
:104F30008091B4039091B5030E94E9EE811130C0D5
:104F40001D1387C02091800330918103409182031B
:104F50005091830360919E0370919F038091A00301
:104F60009091A1030E944EEF20918403309185031C
:104F700040918603509187030E94B4F3CDB7DEB70A
:104F8000E0E10C949AF3812C912C54019ECF109265
:104F90009E0310929F031092A0031092A103ACCF26
:104FA000C092B203D092B303E092B403F092B5037F
:104FB0002091AA033091AB034091AC035091AD0313
:104FC000C701B6010E944EEF4B015C010E94C4F480
:104FD0006B017C0120E030E0A9010E94E9EE87FD31
:104FE00005C120E030E040E050E4C701B6010E9476
:104FF00017F518162CF4C12CD12CE12CB0E4FB2EA3
:10500000A7019601C501B4010E94B3F34B015C01F5
:1050100020E030E0A9010E94E9EE87FDEBC080921C
:10502000A2039092A303A092A403B092A503C70188
:10503000B6010E9493F460939D03062E000C770B3B
:105040006F5F7F4F6230710514F062E070E0609333
:105050009B03C0919D031D1305C0809199038C177C
:1050600009F479C080919C0390919D0390939903DA
:10507000809398038D2FDD0F990B0C2E000CDD0B08
:10508000AC01440F551F840F951FFC01EC0FFD1F51
:10509000EE0FFF1FEE0FFF1FE254FB4F2081318107
:1050A0004281538120939403309395034093960358
:1050B00050939703E0919B030E2FEE0F110BDC0131
:1050C000A00FB11FAA0FBB1FAA0FBB1FA254BB4F3B
:1050D0006D917D918D919C910E94B3F360939003AB
:1050E00070939103809392039093930380919A031A
:1050F000282F880F330BC901880F991F820F931F28
:10510000C80FD91FCC0FDD1FCC0FDD1FC254DB4FE2
:10511000288139814A815B8120938C0330938D03F0
:1051200040938E0350938F03FC01E00FF11FEE0FAD
:10513000FF1FEE0FFF1FE254FB4F608171818281E0
:1051400093810E94B3F360938803709389038093E3
:105150008A0390938B038090A2039090A303A09066
:10516000A403B090A5032091900330919103409146
:10517000920350919303C501B4010E944EEF209118
:1051800094033091950340919603509197030E94A8
:10519000B4F36B017C01C0928403D0928503E0924A
:1051A0008603F09287032091880330918903409110
:1051B0008A0350918B03C501B4010E944EEF2091E8
:1051C0008C0330918D0340918E0350918F030E9488
:1051D000B4F3A70196010E94B3F360938003709328
:1051E00081038093820390938303ACCEC12CD12C96
:1051F000760106CF1092A2031092A3031092A4038B
:105200001092A50314CFEEEAF3E080EF9FEFA9E739
:10521000B4EC84839583A683B78380839183A28330
:10522000B383E8E9F3E08DE98183808308958F9269
:105230009F92AF92BF92CF92DF92EF92FF92FC01CA
:1052400098E0A1EBB4E001900D929A95E1F788E027
:10525000FB01A4EAB4E001900D928A95E1F7C090B9
:10526000B104D090B204E090B304F090B40420E014
:1052700030E0A901C701B6010E94E9EE8823E1F1FF
:10528000A701960160E070E080E89FE30E942BF4A4
:105290006B017C018090B5049090B604A090B70497
:1052A000B090B80420E030E0A901C501B4010E942B
:1052B000E9EE882329F1A501940160E070E080E81F
:1052C0009FE30E942BF4C092A603D092A703E09222
:1052D000A803F092A9036093AA037093AB03809391
:1052E000AC039093AD03FF90EF90DF90CF90BF9011
:1052F000AF909F908F900895C12CD12C7601CACF8A
:1053000060E070E0CB01DFCF1092A8041092A904F6
:105310001092AA041092AB041092A4041092A50457
:105320001092A6041092A7041092B5041092B6042D
:105330001092B7041092B8041092B1041092B20403
:105340001092B3041092B404EEEBF4E022EE34E0D9
:1053500080E090E0A0ECBFE780839183A283B383D9
:1053600084839583A683B78380879187A287B38739
:105370003C962E173F0781F70895CF92DF92EF9268
:10538000FF926B017C0183E3C816D104E104F104B0
:1053900070F082E3C81AD108E108F10862E370E016
:1053A00080E090E00E9448D10E94C480ECCFC70109
:1053B000B6010E9448D10E94C480FF90EF90DF9018
:1053C000CF90089580914610813069F09091061336
:1053D00092FB882780F992FF07C097FB882780F906
:1053E00091E08927089581E00895A1E1B0E0EBEF15
:1053F000F9E20C947CF3E6DF882309F46BC00E9489
:10540000959A4B015C0145E050E060E270E087EF67
:1054100093E00E940DF785E48093F5038AE380937F
:10542000F603C501B40120E13EE040E050E00E94F7
:10543000C4F269017A0119018CE3482E512C612CC8
:10544000712CC501B401A30192010E94C4F26E87C0
:105450007F87888B998BCA01B901A30192010E94B1
:10546000C4F28E010F5F1F4F20E8821621E59206DD
:1054700021E0A206B10490F17F936F93C60168E129
:1054800070E00E943AF39F938F93C501B40120E826
:1054900031E541E050E00E94C4F23F932F938FE149
:1054A0009DE09F938F931F930F930E9482EEC801FC
:1054B0000E9438EE0FB6F894DEBF0FBECDBF2CE0D1
:1054C00030E0A901481B5109CA01B8018B509C4F1B
:1054D0000E9432F76196E2E10C9498F3C114D10472
:1054E000A9F45F855F932E852F937F936F9383E15C
:1054F0009DE09F938F931F930F930E9482EE0FB6B0
:10550000F894DEBF0FBECDBF85E0D9CF54E6C516F7
:10551000D10438F47F936F93DF92CF9287E09DE0C0
:10552000E8CF7F936F93DF92CF928DEF9CE09F93B4
:105530008F931F930F930E9482EE0FB6F894DEBFF5
:105540000FBECDBF86E0BBCF90919B1180919A1189
:10555000891718F0891B19F435CF805FFBCF81E0E4
:1055600008958F929F92AF92BF92EF92FF920F9306
:105570001F93CF93DF93EC018B01E42EF22E8091E9
:10558000AC119091AD118C179D07D9F110929E042A
:1055900027EACB3CD20709F03FC080519B4371F40E
:1055A0000E94D1D16E517B4F8F4F9F4F60936E04FD
:1055B00070936F048093700490937104D093AD1135
:1055C000C093AC1130E020E000934C0610934D06E0
:1055D00020934E0630934F06E0924506F092460621
:1055E000C051DB4321F41092780410926D0482E0E4
:1055F0008093620181E080935C06109275041092A2
:105600007404DF91CF911F910F91FF90EF90BF90A5
:10561000AF909F908F9008952BE3C031D20771F621
:105620008B5C974AD1F40E94D1D180906E04909007
:105630006F04A0907004B0907104681979098A0908
:105640009B0997FF0AC0809168068770873029F40C
:105650007BDFC0E3D6E78111B1CFC0E1DBE3AECFA2
:1056600020E040E070E060E080E19BE37ACF0E94C0
:10567000B7970E942F84882319F080E00E94468308
:10568000EFCFCF93DF93C0916D04CC23B1F0C15025
:10569000C0936D0489E0C89FE0011124C95CDB4F11
:1056A0006A817B812F814E81888199815ADF88852B
:1056B00080937804DF91CF910895D2DFFBCFA4E0EF
:1056C000B0E0E5E6FBE20C947CF33EDF8C830E94C5
:1056D0002ECF209145062B83722E2B5F298384E0E9
:1056E00087198A8385E0682E671883E0582E57183B
:1056F00082E0482E471881E0382E3718272C219455
:105700008B81811140C080914706882369F1809187
:105710006201882359F081E090914706911180E061
:1057200024E043EC5FE0622D0E941ACE9C8191112F
:105730009AC18B81843009F012C180914706843070
:1057400009F4BAC080916201882361F081E09091F0
:105750004706943009F080E023E04AE85FE06A8180
:105760000E941ACE16E080C180913A0610923A0645
:10577000882369F286DF80915C06882341F22496B3
:10578000E2E10C9498F39B81913039F580914706C2
:105790008130A1F080916201882361F081E09091D5
:1057A0004706913009F080E023E042EB5FE0632D93
:1057B0000E941ACE8C81811156C1D4CF80913A06B5
:1057C00010923A06882331F38FE49DE20E9456A29C
:1057D00080915C068823F1F2D2CF2B81223009F030
:1057E00018C1809147068230B1F080916201882310
:1057F00009F435C181E090914706923009F080E0CC
:1058000023E045EA5FE0642D0E941ACE9C81992333
:1058100009F4A8CF28C180913A0610923A0688234D
:1058200021F384ED9EE20E9456A280915C068823BB
:10583000E1F2A5CF80913A0610923A06882309F446
:10584000F1C020E030E04AE754E460916D067091C9
:105850006E0680916F06909170060E944EEF27E1D0
:1058600037EB41ED58E30E94B4F30E9493F45B01DF
:105870006C0121E0A21AB108C108D1081F921F9241
:105880008CE1882E88E3982E1BE2E12EFF24F3940E
:1058900000E010E021E030E040E050E06DE676E02E
:1058A00088E99FE00E94E1CE0F900F9080915C0606
:1058B000882309F4B7C063CF80913A0610923A0664
:1058C000882309F43FCF8FE791E30E9456A280918D
:1058D0005C06882309F436CF52CF80913A061092A5
:1058E0003A06882309F444C081EF92E30E9456A24D
:1058F00080915C068823E1F142CF80913A061092B4
:105900003A06882309F4B8C086E394E30E9456A2BD
:1059100080915C06882309F4AFC031CF80913A06AC
:1059200010923A06882309F43FC086E795E30E9467
:1059300056A280915C068823B9F121CF80913A0666
:1059400010923A06882309F44BC00E947E1F20E083
:1059500040E070E060E080E197E303DE10CF2B8150
:10596000253009F0FFCE80914706853009F4B5CF88
:1059700080916201882309F4F5CE81E09091470679
:10598000953009F080E023E041E85FE0662D0E9459
:105990001ACE16E081E0810F9B81891316C0809199
:1059A0004706891709F4BACF80916201882369F00C
:1059B0006B81671981E0909147062B81921380E0FB
:1059C00023E04CE65FE00E941ACE82E0810F9B81CB
:1059D000891315C0909147062B81921709F4AECF19
:1059E00080916201882359F06B81671981E02B81D6
:1059F000921380E023E04AE55FE00E941ACE8B819B
:105A00008F5F8B83998189137BCE1D5F1093460630
:105A1000B6CE8B81833009F089CE809147068330E2
:105A200009F408CF809162018823C9F011E08091C8
:105A30004706833009F010E060916D0670916E06A4
:105A400080916F06909170060E94F61900E09C010B
:105A500048E95FE0652D812F0E94F623D7CE2C8187
:105A6000222309F47CCF14E09B81191393CF8091FA
:105A70004706811709F441CF80916201882309F418
:105A800089CF6B81671981E0909147062B81921332
:105A900080E023E045E75FE00E941ACE7BCFA0E1E3
:105AA000B0E0E5E5FDE20C947FF380E1EBE6F1E0A8
:105AB000DE01119601900D928A95E1F70E942ECF9A
:105AC000D09045069D2C65E0862E8D0C7D2C719422
:105AD00073E0672ED11014C080914706882309F423
:105AE000D0C080916201882359F081E090914706EF
:105AF000911180E024E04AE35FE0672D0E941ACE16
:105B0000AA24A394B12C5D2C5918DA102FC08FEF62
:105B10008A0D8093630610926706109266061092B3
:105B2000650610926406809147068D1509F4BAC087
:105B3000809162018823D1F011E0809147068D1198
:105B400010E0F501EE0FFF1FEE0FFF1FE356F94FB8
:105B500060A171A182A193A10E94701800E09C0134
:105B60004DEB5EE0652D812F0E94F623CA2C81E06B
:105B70008A0D9FEFA91AB90A94E0A916B10429F673
:105B80008D112CC060926306109267061092660613
:105B90001092650610926406809147068D1509F4EF
:105BA000ABC0809162018823C9F0BD2CB91811E007
:105BB000809147068D1110E06091CD067091CE0660
:105BC0008091CF069091D0060E94701800E09C0151
:105BD0004DEB5EE06B2D812F0E94F62382E08C0D51
:105BE0008D1122C0809147068D1509F4A3C08091C4
:105BF00062018823C9F0BD2CB91811E080914706D5
:105C00008D1110E06091DD067091DE068091DF0657
:105C10009091E0060E94701800E09C0140EB5EE06D
:105C20006B2D812F0E94F62383E08C0D8D1121C0F6
:105C3000809147068D1509F49AC0809162018823EE
:105C4000C1F011E0809147068D1110E06091E106EE
:105C50007091E2068091E3069091E4060E9470182C
:105C600000E09C014FE95EE06D2D6919812F0E94D3
:105C7000F623D3948D102ECF84E08C0D80934606AE
:105C80000DC080913A0610923A06882309F429CF74
:105C9000F8DC80915C06882309F423CF6096EFE05E
:105CA0000C949BF380913A0610923A06882309F4EB
:105CB0003FCF0E94D5CEB501660F771F660F771FC5
:105CC000FB01349781E090E08C0F9D1FE80FF91FD6
:105CD000E080F180028113816354794F20E030E04D
:105CE00040E85FE38DEB9EE00E9484CF80915C06EC
:105CF000882309F41DCFD2CF80913A0610923A063C
:105D0000882309F44ECF0E94D5CEE12C1CE3F12E5E
:105D10000CE116E420E030E040E85FE36DEC76E073
:105D20008DEB9EE00E9484CF80915C06882309F46D
:105D300038CFB4CF80913A0610923A06882309F4FE
:105D400056CF0E94D5CEE12C1CE3F12E0CE116E4D7
:105D500020E030E0A9016DED76E080EB9EE00E944E
:105D600084CF80915C06882309F441CF97CF80913E
:105D70003A0610923A06882309F45FCF0E94D5CEE6
:105D8000E12C1CE3F12E0CE116E420E030E0A90147
:105D900061EE76E08FE99EE00E9484CF80915C0600
:105DA000882309F44ACF7ACFA8E0B0E0EAEDFEE21A
:105DB0000C947CF30091A1061091A2062091A306F9
:105DC0003091A4068091A5069091A606A091A70601
:105DD000B091A80680179107A207B30710F4D90164
:105DE000C80100919D0610919E0620919F0630915A
:105DF000A006BC01CD01601771078207930710F45C
:105E0000C901B8010E94EDEE2B013C010E942ECF8A
:105E10002091450628872A83822F8B5F898387E01C
:105E2000922F821B8B8386E0821B8C8385E0821BF2
:105E30008D8384E0821B8E8383E0821B8F8322E02C
:105E4000322E391A292E2194288521112CC08091B7
:105E500047068823C9F080916201882359F081E0C8
:105E600090914706911180E024E04AE35FE0622DC3
:105E70000E941ACE98859F5F988729812913E4CFC5
:105E800088E0809346060BC080913A0610923A064D
:105E9000882309F3F6DB80915C068823E1F22896DB
:105EA000E2E10C9498F38885813009F06BC0809111
:105EB00047068130F9F0809162018823D9F211E020
:105EC00080914706813009F010E06091D106709111
:105ED000D2068091D3069091D4060E94701861E09A
:105EE0002A81621B00E09C014CEF5EE0812F0E9442
:105EF000F623C0CF80913A0610923A068823D9F251
:105F00000E94D5CE2AE037ED43E25DE36091D106F1
:105F10007091D2068091D3069091D4060E944EEFE4
:105F20000E9493F45B016C0121E0A21AB108C10840
:105F3000D1082AE037ED43E25DE3C301B2010E94DC
:105F40004EEF0E9493F47B018C0121E0E21AF108EC
:105F5000010911091F921F9298E0892E98E3992E4A
:105F600021E030E040E050E061ED76E08CEF9EE033
:105F70000E94E1CE0F900F9080915C06882309F477
:105F80009ACF8DCF8885823009F08AC180914706EB
:105F90008230D9F080916201882309F46BCF11E03F
:105FA00080914706823009F010E06091D50670912B
:105FB000D6068091D7069091D8060E94701800E00E
:105FC0009C014EEE5EE0632D91CF80913A061092D7
:105FD0003A068823F9F20E94D5CE6091A906709105
:105FE000AA068091AB069091AC060E94EDEE7B0173
:105FF0008C0120E030E048EC52E465ED76E08EEE76
:106000009EE00E9484CF80915C06882319F247CFDE
:10601000809147068330D9F080916201882309F48A
:1060200029CF11E080914706833009F010E060919C
:10603000D9067091DA068091DB069091DC060E9409
:10604000701800E09C0141EE5EE06F814FCF8091BF
:106050003A0610923A068823F9F20E94D5CE2AE039
:1060600037ED43E25DE36091D9067091DA068091E5
:10607000DB069091DC060E944EEF0E9493F45B01D8
:106080006C0121E0A21AB108C108D1082AE037ED5D
:1060900043E25DE3C301B2010E944EEF0E9493F41C
:1060A0007B018C0121E0E21AF108010911091F921C
:1060B0001F9288E0882E88E3982E21E030E040E0AF
:1060C00050E069ED76E081EE9EE00E94E1CE0F9017
:1060D0000F9080915C06882309F49ECFE0CE109249
:1060E000630610926706109266061092650610927B
:1060F0006406809147068430D9F08091620188233C
:1061000009F4B8CE11E080914706843009F010E020
:1061100060919D0670919E0680919F069091A006C9
:106120000E94511800E09C0145ED5EE06E81DECEDC
:1061300080913A0610923A068823F9F20E94D5CE51
:1061400004EA1AE124E630E040E050E06DE976E050
:1061500085ED9EE00E94C1CF80915C06882369F2A4
:106160009ECE81E0809363061092670610926606C9
:106170001092650610926406809147068530D9F02A
:1061800080916201882309F475CE11E08091470661
:10619000853009F010E06091A1067091A20680910F
:1061A000A3069091A4060E94511800E09C0145EDC1
:1061B0005EE06D819BCE80913A0610923A0688236C
:1061C000F9F20E94D5CE02EA1AE124E630E040E07E
:1061D00050E061EA76E085ED9EE00E94C1CF8091BB
:1061E0005C06882369F25BCE82E08093630610929E
:1061F00067061092660610926506109264068091FA
:1062000047068630D9F080916201882309F432CEA6
:1062100011E080914706863009F010E06091A506F4
:106220007091A6068091A7069091A8060E94511829
:1062300000E09C0145ED5EE06C8158CE80913A060D
:1062400010923A068823F9F20E94D5CE00EA1AE1AC
:106250002AE030E040E050E065EA76E085ED9EE03F
:106260000E94C1CF80915C06882369F218CE80918C
:106270003A0610923A06882339F10E94D5CE0EE9EB
:106280001AE124E630E040E050E069EA76E089EC8B
:106290009EE00E94C1CF80915C068823A9F0FFCDCB
:1062A0008885833009F4B4CE843009F418CF853062
:1062B00009F457CF863009F497CF873009F0DACD4B
:1062C00080914706873099F280916201882309F412
:1062D000D1CD11E080914706873009F010E0609140
:1062E000A9067091AA068091AB069091AC060E9417
:1062F000511800E09C0149EC5EE06B81F7CDB0E005
:10630000A0E0E5E8F1E30C947EF30E942ECFC0916B
:10631000450665E0562E5C0ED3E0DC1B82E0782E4D
:106320007C1A81E0682E6C1A4C2E4194C1112AC04F
:10633000809147068823B1F080916201882359F04B
:1063400081E090914706911180E024E04AE35FE00C
:10635000642D0E941ACECF5F5C12E8CF84E0809358
:1063600046060BC080913A0610923A06882321F324
:1063700088D980915C068823F9F2CDB7DEB7E0E1D9
:106380000C949AF3C13009F063C0809147068130C4
:10639000E9F0809162018823F1F211E080914706D3
:1063A000813009F010E06091891170918A1180911B
:1063B0008B1190918C110E94AF1800E09C0140E27B
:1063C0005FE0662D812F0E94F623C5CF80913A06AB
:1063D00010923A068823E9F220E030E040E251E4EE
:1063E0006091891170918A1180918B1190918C111B
:1063F0000E944EEF2AE037ED43E25CE30E94B4F3E3
:106400000E9493F45B016C0127EBA20E2BE0B21EFD
:10641000C11CD11C1F921F924EEF842E47E3942E75
:106420001FE6E12E17E1F12E00E010E029E434EF41
:106430004FEF5FEF69E871E180E29FE00E94E1CEFB
:106440000F900F9080915C06882309F4A2CF95CF1E
:10645000C23009F0A3C0809147068230D9F0809104
:106460006201882309F477CF11E0809147068230DA
:1064700009F010E060918D1170918E1180918F1153
:10648000909190110E94AF1800E09C0141E15FE003
:10649000672D98CF80913A0610923A068823F9F238
:1064A00020E030E040E251E460918D1170918E1156
:1064B00080918F11909190110E944EEF2AE037ED5C
:1064C00043E25CE30E94B4F30E9493F45B016C012D
:1064D00027EBA20E2BE0B21EC11CD11C1F921F92F3
:1064E0002EEF822E27E3922E1FE6E12E17E1F12EEA
:1064F00000E010E029E434EF4FEF5FEF6DE871E169
:1065000081E19FE00E94E1CE0F900F9080915C06A8
:10651000882309F4A4CF31CF80913A0610923A062D
:10652000882309F443C020E030E048EC52E4609155
:1065300091117091921180919311909194110E94F8
:106540004EEF2FE632E143E85AE30E94B4F30E9493
:1065500093F45B016C012FECA20E27E0B21EC11C6C
:10656000D11C1F921F9282E1882E88E3982E1FE98A
:10657000E12E1FE0F12E00E010E021E338EF4FEFB5
:106580005FEF61E971E182E09FE00E94E1CE0F9050
:106590000F9080915C06882349F0EFCEC33009F05C
:1065A000DACE80914706833009F4B6CF809162013C
:1065B000882309F4D0CE11E080914706833009F09A
:1065C00010E06091911170919211809193119091CE
:1065D00094110E94FFA900E09C0142E05FE06D2F52
:1065E000F1CEA5E0B0E0E7EFF2E30C947CF30E947B
:1065F0002ECF209145062C832A83822F8B5F89839F
:10660000922F91959B8384E0482E421AFC81F111D0
:1066100014C080914706882309F48AC080916201E2
:10662000882359F081E090914706911180E024E0A1
:106630004AE35FE06B810E941ACE4DE9642E46E08A
:10664000742E21E02D833C803A942C808A81281A74
:106650009C81ED819E1328C03092630610926706DC
:1066600010926606109265061092640680914706A5
:10667000891709F46FC0809162018823A9F011E0A5
:1066800080914706FD818F1310E0F30164897589BD
:10669000868997890E940E1900E09C014FE25FE015
:1066A000622D812F0E94F6235D80F4E06F0E711C35
:1066B00021E0250D2D83243059F68C81843069F535
:1066C00093E090936306109267061092660610920C
:1066D00065061092640680914706843009F47FC0F5
:1066E000809162018823C9F0F1E0FD838091470623
:1066F000843009F01D826091BD067091BE068091C4
:10670000BF069091C0060E940E1900E09C014FE266
:106710005FE0642D8D810E94F6232C812F5F2C83F6
:106720008981821373CF53945394509246060EC0BE
:1067300080913A0610923A06882309F46FCF0E949E
:10674000412B80915C06882309F468CF2596E2E10D
:106750000C9498F380913A0610923A06882309F433
:106760008ACF0E94D5CE20E030E048EC52E4F3011D
:1067700064897589868997890E944EEF2FE632E1F8
:1067800043E85AE30E94B4F30E9493F45B016C0166
:10679000F4EFAF1AF1E0BF0AC108D1088CE99AE121
:1067A0009F938F9329EF822E27E3922E18EEE12EEE
:1067B0001FE3F12E0FE010E024EF31E040E050E065
:1067C000B3016C5E7F4F8FE29FE00E94E1CE0F909D
:1067D0000F9080915C06882309F44DCFB7CF80914C
:1067E0003A0610923A06882309F47ACF0E94D5CE51
:1067F00020E030E048EC52E46091BD067091BE06A6
:106800008091BF069091C0060E944EEF2FE632E1C4
:1068100043E85AE30E94B4F30E9493F45B016C01D5
:10682000E4EFAE1AE1E0BE0AC108D1088AE99AE1B4
:106830009F938F9389EF882E87E3982E18EEE12E91
:106840001FE3F12E0FE010E024EF31E040E050E0D4
:106850006DEB76E08FE29FE00E94E1CE0F900F900B
:1068600080915C06882309F43BCF70CFB0E0A0E0B4
:10687000ECE3F4E30C947CF30E942ECFC091450628
:1068800045E0442E4C0ED4E0DC1B53E0552E352C55
:106890003C1A82E0782E7C1A81E0682E6C1A2C2E2D
:1068A0002194C1112BC0809147068823B1F08091BB
:1068B0006201882359F081E090914706911180E0B0
:1068C00024E04AE35FE0622D0E941ACECF5F4C12B3
:1068D000E8CF85E0809346060CC080913A0610927E
:1068E0003A06882321F30E94412B80915C0688237D
:1068F000F1F2CDB7DEB7E2E10C9498F3C13069F55F
:10690000909147069130B9F0809162018823F1F2AD
:1069100081E0913009F080E09091E90423E93EE0C4
:10692000911102C02FE83EE001E046E95EE0662DED
:106930000E94F623CBCF80913A0610923A06882324
:1069400019F38091E9048C278093E9045092620145
:1069500080915C068823C1F2CCCFC23009F0A0C080
:10696000809147068230C1F080916201882309F44A
:10697000ADCF11E080914706823009F010E08091A0
:106980002001909121010E94D99B00E09C0148E8E0
:106990005EE0672D812FCCCF80913A0610923A06A7
:1069A000882311F310E000E024E031E050E040E003
:1069B00060E271E088E89EE00E9408D080915C0669
:1069C000882391F296CF809147068330B9F0809169
:1069D0006201882309F47ACF11E080914706833061
:1069E00009F010E080911E0190911F010E94D99B37
:1069F00000E09C0141E85EE0632DCCCF80913A0637
:106A000010923A06882319F310E000E024E031E008
:106A100050E040E06EE171E081E89EE00E9408D025
:106A200080915C06882399F264CF80913A06109297
:106A30003A06882309F43FC020E030E048EC52E4F5
:106A400060911A0170911B0180911C0190911D01B0
:106A50000E944EEF2FE632E143E85AE30E94B4F37E
:106A60000E9493F41F921F9222E1822E28E3922E1D
:106A70005B016C0118EEE12E13E0F12E00E010E056
:106A800020E030E0A9016AE171E089E79EE00E9420
:106A9000E1CE0F900F9080915C06882361F029CFA2
:106AA000C33009F490CFC43009F010CF809147066D
:106AB000843009F4BACF80916201882309F406CFAB
:106AC00011E080914706843009F010E060911A01CE
:106AD00070911B0180911C0190911D010E94FFA9E2
:106AE00000E09C0149E75EE06D2F54CFB0E0A0E0EC
:106AF000ECE7F5E30C947CF30E942ECFC0914506A1
:106B000025E0422E4C0E33E0332E42E5642E41E761
:106B1000742ED1E0DC1B2C2E219482E0582E5C1ABE
:106B2000C11133C0809147068823F1F08091620142
:106B3000882359F081E090914706911180E024E08C
:106B40004AE35FE0622D0E941ACE8091BD04882343
:106B500009F4B7C0C23009F44EC083E0CF5F4C12D5
:106B6000DFCF809346060CC080913A0610923A0619
:106B70008823E1F20E94412B80915C068823B1F2C8
:106B8000CDB7DEB7E2E10C9498F3C130F1F6809115
:106B900047068130C9F0809162018823B1F281E01B
:106BA00090914706913009F080E09091BD0423E96F
:106BB0003EE0911102C02FE83EE001E04FE65EE0CA
:106BC0006D2F0E94F623C1CF8091BD0490913A06AB
:106BD00010923A069923F9F28C278093BD043092E3
:106BE00062016114710411F00E94527180915C067F
:106BF000882389F2C5CF809147068230F1F08091D9
:106C00006201882309F4A9CF11E080914706823000
:106C100009F010E06091B9047091BA048091BB044E
:106C20009091BC040E94F61900E09C0145E65EE0EC
:106C3000652D812F0E94F62390CF80913A06109205
:106C40003A068823E1F20E94D5CE20E030E04AE700
:106C500054E46091B9047091BA048091BB0490919E
:106C6000BC040E944EEF27E137EB41ED58E30E9450
:106C7000B4F30E9493F45B016C012CEDA21A25E0A1
:106C8000B20AC108D1087F926F928CE1882E88E306
:106C9000982E16EDE12E16E0F12E00E010E02CED1E
:106CA00035E040E050E069EB74E085E69EE00E944C
:106CB000E1CE0F900F9080915C06882309F49FCF5E
:106CC0005FCF82E04BCFA3E0B0E0E9E6F6E30C94BF
:106CD0007CF34C013B015A011901280181E08093AA
:106CE000780440914C0650914D0660914E0670918B
:106CF0004F06411551056105710571F01416150611
:106D00000CF080E08093740410924C0610924D06B3
:106D100010924E0610924F061091740480913A061C
:106D20008B8310923A06811105C0809162018823FD
:106D300009F46FC0C2010E9493A1082F80E0C11422
:106D4000D10419F0C6010E9493A11A821982E1149C
:106D5000F104B1F4402F50E0282F30E0CA01820F37
:106D6000931F46976CF485E190E0841B950B821B82
:106D7000930B97FD0196959587958A8381E089838A
:106D800001E02CE032E7A201BE016F5F7F4FCE0130
:106D900002960E949E21E114F10491F08A818823D9
:106DA00021F01A8289818F5F898300E02FE032E72A
:106DB000A701BE016F5F7F4FCE0102960E949E2108
:106DC000C114D10459F000E02CE032E7A601BE0165
:106DD0006F5F7F4FCE0102960E949E2141E04127C6
:106DE000B30181E00E9437D4C4010E9493A1412FD6
:106DF000B40194E1981B892F0E9437D4FB81FF23B3
:106E000041F0111101C05101A114B10431F0F5019B
:106E100009952396E2E10C9498F30E94412BF9CF57
:106E2000CF92DF92EF92FF920F931F938CE4C82EC4
:106E30008FE0D82EF12CE12C0AE51FE030E020E0B5
:106E400047E35BE26EE47FE085E59FE03CDF1F9176
:106E50000F91FF90EF90DF90CF900895B0E0A0E009
:106E6000E4E3F7E30C9484F3ADB6BEB683E59EE0AD
:106E70000E9493A190E001962DB73EB7281B390BD5
:106E80000FB6F8943EBF0FBE2DBF8DB79EB70196CB
:106E90007C0163E57EE00E9431EEE0914106E15025
:106EA00010E000E0E43038F4F0E0EE0FFF1FEA5DA0
:106EB000FD4F0081118184E4C82E8EE0D82E20E39E
:106EC0003BE247E35BE266E47EE08DE49EE0FBDECE
:106ED0000FB6F894BEBE0FBEADBEEAE00C94A0F3B0
:106EE0000F931F93CF93DF93FC01EB0180914C062E
:106EF00090914D06A0914E06B0914F06B7FD75C01A
:106F0000409150065091510660915206709153067F
:106F1000481759076A077B0714F4DB01CA018093FD
:106F20004C0690934D06A0934E06B0934F062091C9
:106F300062012223C1F040915406509155066091A0
:106F40005606709157068C019D01040F151F261FD0
:106F5000371FC901B8010995BC0180915A0690916B
:106F60005B060E94862380913A06811108C08091B9
:106F700049068823A9F180916201882389F18091D3
:106F80005806909159060097B1F040914C065091E7
:106F90004D0660914E0670914F0600915406109177
:106FA00055062091560630915706400F511F621F1B
:106FB000731FFE010995E0914A06F0914B06309748
:106FC00041F080914906811103C080913A068111F8
:106FD000099580913A0610923A0681110E94412B40
:106FE000DF91CF911F910F91089580E090E0DC0137
:106FF00096CF68EC75E187EE99E172CF62EE75E1AC
:107000008FEF98E16DCF6CEF75E185E698E168CF81
:1070100062E176E183EA98E163CF66E276E18CEAA9
:1070200098E15ECF6EEA75E187E89AE159CF64E3B3
:1070300076E187E99AE154CF68E376E188E79AE15F
:107040004FCF4F925F926F927F928F929F92AF92AB
:10705000BF92CF92DF92EF92FF92CF93DF93CDB7A3
:10706000DEB728970FB6F894DEBF0FBECDBF0E94E3
:10707000D1D16B017C01809118018F3FE1F10E9419
:10708000D1D18090170490901804A0901904B0906A
:107090001A04681979098A099B0997FD2CC0809107
:1070A0009A110E948F2090919B11891721F1E091F4
:1070B0001801E43008F0E1C024E0E29FF00111245F
:1070C000E356FE4F80819181A281B3818D839E839F
:1070D000AF83B88719821A821B821C82AE014F5F70
:1070E0005F4FBE016B5F7F4F8CE090E10E9485C9CE
:1070F0008FEF809318010E9408208091290482FF5D
:10710000C5C08091260481111DC091E09093260492
:1071100080912E04892780933A0610922E0483E0F2
:1071200080936201109229040E94D1D16C507E4F4D
:107130008F4F9F4F60932A0470932B0480932C04ED
:1071400090932D048091220490912304A091240413
:10715000B0912504A7019601281B390B4A0B5B0B44
:10716000DA01C901B7FF05C080917504882309F4CD
:10717000D3C1D701C6018C599F4FAF4FBF4F8093EA
:10718000220490932304A0932404B09325046091D7
:107190002704062E000C770B77FF03C071956195CD
:1071A00071099091270480912104981372C0633073
:1071B00008F06FC010922704809127048093210467
:1071C000643008F076C080913A068111F4C0809155
:1071D000AC119091AD1180519B4341F48091190104
:1071E000882309F4FAC08150809319010E94198AFA
:1071F0008090850690908606A0908706B0908806BD
:1072000081110E94268AD501C4013AE0B695A7955E
:10721000979587953A95D1F78F3F4FEF9407A10542
:10722000B10520F08FEF9FEFA0E0B0E09695879535
:10723000209162012111E3C03091750431119AC18E
:107240008091AC119091AD1180519B4309F479C1AB
:1072500080917804811175C180911D0490911E0464
:10726000A0911F04B0912004C81AD90AEA0AFB0AA7
:10727000F7FC75C10E94302B72C18091630190911F
:107280006401A0916501B091660120CF109226049F
:1072900059CF633009F090CF8091270487FD07C054
:1072A00081E0880F880F8093270464E085CF8FEFFB
:1072B000F8CF8091610621E030E040E050E0882383
:1072C00009F456C080905D0690905E06A0905F061F
:1072D000B090600681149104A104B104E9F170E05A
:1072E00090E080E00E94EDEE20E030E040E85EE3D8
:1072F0000E944EEF2B013C01C701B60168197909C4
:107300008A099B090E94EDEE9B01AC01C301B20109
:107310000E942BF420E030E04AE754E40E944EEF54
:107320004B015C0120E030E040EA52E40E9417F596
:1073300024E630E040E050E087FF12C020E030E07B
:1073400040EF51E4C501B4010E9417F52AE030E096
:1073500040E050E087FF04C021E030E040E050E032
:10736000C0925D06D0925E06E0925F06F0926006E3
:10737000A09127040A2E000CBB0B0E940CF324E002
:1073800030E040E050E00E94E6F280914C0690919F
:107390004D06A0914E06B0914F06820F931FA41F79
:1073A000B51F80934C0690934D06A0934E06B09364
:1073B0004F0610922704D701C601805A9541AF4F5E
:1073C000BF4F80931D0490931E04A0931F04B0939D
:1073D000200481E080936201FACE8CE08093190151
:1073E00080911B0490911C04009729F001979093C1
:1073F0001C0480931B0481E080936201F7CE009708
:1074000041F040911B0450911C044817590708F0A3
:1074100017CF8091750481111DC0223038F02430BF
:1074200008F44CC0243011F4109262018091EB11E9
:10743000811105C081E08093EB110E94ACD2809154
:10744000B4119091B5110E9486D281E080934806D4
:107450008093750483E00E948E1D81E08093D21199
:10746000E091AC11F091AD11099510924806809110
:107470007504811127C010923A068091AC11909149
:10748000AD1180519B4309F0E3CE0E94D1D1DC01C4
:10749000CB018C199D09AE09BF0980901B04909007
:1074A0001C04B12CA12C88169906AA06BB0608F06C
:1074B000C7CE90931C0480931B04C2CE81E08093BE
:1074C0006201B4CF82EB91E10E946BD491E0811113
:1074D00001C090E090937504882369F28091AC110B
:1074E0009091AD1180519B43B9F40E94D1D1DC0140
:1074F000CB018C199D09AE09BF09C0901B04D09027
:107500001C04F12CE12CC816D906EA06FB0620F46F
:1075100090931C0480931B0428960FB6F894DEBF4A
:107520000FBECDBFDF91CF91FF90EF90DF90CF9056
:10753000BF90AF909F908F907F906F905F904F9093
:10754000089540E6C40E4AEED41EE11CF11CC09220
:107550001D04D0921E04E0921F04F092200480913A
:1075600075048111D9CF809162018130A9F6109202
:107570006201D2CF009709F46DCF43CFCF938091B2
:107580002F04811109C085E39EE0909373048093DA
:10759000720481E080932F040E947E1F20E040E06F
:1075A00070E060E086EA9AE10E94B12AC1E0C093EF
:1075B00078040E941D88109278040E94412BC09389
:1075C000780460E084ED9AE20E94D51F81E39EE09A
:1075D00090932A0680932906CF91089590910613DF
:1075E00094FB882780F994FF06C081E09091A91050
:1075F000911101C080E0089510922E041092610153
:10760000EDDF9091061380FB97F9909306130E948B
:10761000049B60E083E29EE00E94D51F0C94302B17
:10762000A8E0B0E0E6E1FBE30C947EF31092610683
:10763000E0914810F0914910309721F0099581119F
:107640000E942FC780913A0610923A06882361F073
:1076500020E040E070E060E08BEC97EA0E94B12A05
:107660002896E0E10C949AF32091260130912701AD
:1076700040914C0650914D06CA01820F931F24364B
:10768000310509F0B3C34730510544F006978A30FD
:1076900091050CF0BAC38AE090E0C1C306964A3F58
:1076A0005F4FACF380914806882309F456C160917E
:1076B0003D1170913E11072E000C880B990B0E9412
:1076C000EFEE11E02091391130913A1140913B11C8
:1076D00050913C110E9417F518160CF010E06091C3
:1076E000111170911211072E000C880B990B0E943A
:1076F000EFEE20910D1130910E1140910F1150912C
:1077000010110E9417F518160CF41260109316044D
:1077100040900C1050900D1060900E1070900F1053
:107720008091101090911110A0911210B09113102F
:107730008D839E83AF83B88760911410709115106C
:10774000809116109091171042E050E00E94C59D64
:107750006B017C0180E2F7FE09C0F094E094D094C4
:10776000C094C11CD11CE11CF11C8DE280937A04F1
:1077700060E290E1C91697E2D906E104F1048CF0C9
:10778000C701B60120E137E240E050E00E94E6F296
:10779000CA01B9012AE030E040E050E00E94E6F280
:1077A000605D60937B0460E2A8EECA16A3E0DA068F
:1077B000E104F1048CF0C701B60128EE33E040E0AB
:1077C00050E00E94E6F2CA01B9012AE030E040E050
:1077D00050E00E94E6F2605D60937C04C701B60150
:1077E00024E630E040E050E00E94E6F29AE0892E84
:1077F000912CA12CB12CCA01B901A50194010E94C0
:10780000E6F2605D60937D04C701B601A5019401B5
:107810000E94E6F26B017C01CA01B901A501940145
:107820000E94E6F2CC2009F40AC32EE220937E04E3
:10783000605D60937F04B0E3CB0EC09280046AE782
:1078400074E08EE094E00E9432F720E030E0A9017D
:10785000C301B2010E94E9EE20E030E040E05FEBBE
:1078600087FD04C020E030E040E05FE3C301B201E7
:107870000E94B4F30E9493F4CB010E945A9BBC0176
:1078800089E094E00E9432F720E030E0A9016D81A8
:107890007E818F8198850E94E9EE20E030E040E013
:1078A0005FEB87FD04C020E030E040E05FE36D81E6
:1078B0007E818F8198850E94B4F30E9493F4CB015E
:1078C0000E945A9BBC0184E094E00E9432F78091B0
:1078D000061324E683FD27C081DE882309F4C1C294
:1078E0008091FE129091FF12A0910013B0910113AC
:1078F0000097A105B10509F4B4C2BC01CD016D59D1
:107900007F4F8F4F9F4F24E630E040E050E00E94D1
:10791000C4F260910213709103138091041390914B
:1079200005130E94C4F2209303048091170182176B
:10793000A1F020931701E8E42E9FB001112490E0FC
:1079400080E00E94EDEE2AE037ED43E25CE30E9426
:107950004EEF0E9498F46093020481E00E948E1D15
:1079600080911604982F927062E122E081FF02C09C
:1079700068E02CE08091E611843170F48091E81188
:10798000861750F00FEF1DE0911102C009EF1DE0C6
:1079900043E080E50E9452D30E94B31AF82E8091F2
:1079A000E6118431A0F48091E811823080F0FF204C
:1079B00031F08091890603EC1DE0811102C00DE8D1
:1079C0001DE022E143E062E088E60E9452D380910C
:1079D000E6118C3108F0B5C08090391190903A11C1
:1079E000A0903B11B0903C11C0903D11D0903E1141
:1079F000843190F48091E811883070F08091160401
:107A000005E71DE080FD02C00DE51DE02CE042E031
:107A100068E088E00E9452D38091E611883060F4DB
:107A2000D7FE21C286E08093E91187E08093EA11B6
:107A300089E59DE00E9460228091E6118C31D0F4AE
:107A40008091E8118431B0F020E030E040E05FE365
:107A5000C501B4010E94B4F30E9493F477FF32C2CF
:107A600086E08093E9118CE18093EA1189E59DE03D
:107A70000E94602280900D1190900E11A0900F1125
:107A8000B09010118091E611883080F4809111112E
:107A90009091121197FF45C281E58093E91187E02B
:107AA0008093EA1189E59DE00E9460228091E611B1
:107AB0008C31D0F48091E8118431B0F020E030E0D6
:107AC00040E05FE3C501B4010E94B4F30E9493F467
:107AD00077FF55C281E58093E9118CE18093EA112B
:107AE00089E59DE00E9460228091E6118C3148F585
:107AF0008091E811843128F180918906882309F169
:107B0000B4E68B9FC001112481589F4F6FEF70E046
:107B10000E944EF3CB010E94D99B27E62093E911E6
:107B20002CE12093EA110E94832385E290E0A0E0FB
:107B3000B0E089839A83AB83BC83CE0101960E9417
:107B40003F214CDD882379F18091E611843358F58B
:107B50008091E8118A3238F107E028E04AE26AE2CF
:107B600082EB91E10E941AD405E022E04CE262E34C
:107B700082EB91E10E941AD424E04AE061E38AE2B8
:107B80000E94EAD36091B4117091B51182E38093A1
:107B9000CE118BE28093CF112EEC31E142E382EBE8
:107BA00091E10E9481D28091E611853350F4809159
:107BB000E811813330F024E04AE461E386E30E9477
:107BC000EAD38091E611843368F48091E81182331E
:107BD00048F002E02091020442E367E382EB91E186
:107BE0000E941AD48091E6118033B8F58091E81193
:107BF000883298F180917B0190917C01A0917D0168
:107C0000B0917E0189839A83AB83BC830E94B31AAF
:107C10009091F3038917B9F00E94B31A8093F3038C
:107C20008091F2038F5F823008F0D8C18093F20315
:107C3000E091F203F0E0EE0FFF1FEC0FFD1F01805B
:107C4000F281E02D099586E38093E91180E380932A
:107C5000EA1185EF93E00E9483238091E611883238
:107C600008F06FC08091E8118D3108F46AC02BE0F4
:107C700040E86DE180E00E94EAD38091E61187320E
:107C800008F05FC08091E8118F3108F45AC088E590
:107C900090E0A0E0B0E089839A83AB83BC8383E06B
:107CA0008093E91116E21093EA11CE0101960E9429
:107CB0003F218BE08093E9111093EA11FF2009F432
:107CC00090C189E094E00E94832389E590E0A0E0E0
:107CD000B0E089839A83AB83BC8388E28093E91107
:107CE00016E21093EA11CE0101960E943F2180E333
:107CF0008093E9111093EA11FF2009F499C184E0FF
:107D000094E00E9483238AE590E0A0E0B0E08983BC
:107D10009A83AB83BC838DE48093E91116E21093C0
:107D2000EA11CE0101960E943F2185E58093E91179
:107D30001093EA11FF2009F4A2C18EE094E00E94A2
:107D400083238091E611833368F58091E8118B32AB
:107D500048F183E00E948E1D86E090E0A0E0B0E054
:107D600089839A83AB83BC8383E08093E91113E317
:107D70001093EA11CE0101960E943F2181E00E94FA
:107D80008E1D80912601909127010E94D99B2CE0A5
:107D90002093E9111093EA110E9483238AE49DE065
:107DA0000E9463228091E611813408F059CC8091C1
:107DB000E811863308F454CC1092E9118EE38093D5
:107DC000EA118AE490E10E94A1A1182F863108F0FF
:107DD0007DC18AE490E10E948323153109F440CCEF
:107DE00088E49DE00E9463221F5FF7CF24363105AF
:107DF0004CF48536910504F58A30910534F48AE017
:107E000090E009C084369105BCF0883EA3E09A0753
:107E100014F087EE93E02817390709F443CC9093C8
:107E200027018093260110924C0610924D06109265
:107E30004E0610924F0636CC84E690E0F0CF6623D3
:107E400051F02EE220937E04605D60937F0480E217
:107E500080938004F4CC80E280937F0480937E043E
:107E6000F6CF20E060CDC6010E94D99BFC01808145
:107E700093E0803229F4818192E0803209F491E02C
:107E8000892F880F880F292F281B822F815F8093CD
:107E9000E91187E08093EA1123E030E0291B3109E2
:107EA000CF01820F931F0E94832389E090E0A0E01E
:107EB000B0E089839A83AB83BC83CE0101960E9494
:107EC0003F21BACDCB010E94D99BFC01808193E078
:107ED000803229F4818192E0803209F491E0892F87
:107EE000880F880F492F481B842F815F8093E911E9
:107EF0008CE18093EA1123E030E0291B3109CF01A6
:107F0000820F931F0E94832389E090E0A0E0B0E0FD
:107F100089839A83AB83BC83CE0101960E943F2163
:107F2000A9CD0E94D99BFC01808193E0803229F485
:107F3000818192E0803209F491E0892F880F880FC7
:107F4000692F681B862F865A8093E91187E08093FA
:107F5000EA1123E030E0291B3109CF01820F931F82
:107F60000E94832389E090E0A0E0B0E089839A83B7
:107F7000AB83BC83CE0101960E943F2197CDCB01FC
:107F80000E94D99BFC01808193E0803229F4818199
:107F900092E0803209F491E0892F880F880FA92F91
:107FA000A81B8A2F865A8093E9118CE18093EA11ED
:107FB00023E030E0291B3109CF01820F931F0E947B
:107FC000832389E090E0A0E0B0E089839A83AB83CB
:107FD000BC83CE0101960E943F2186CD1092F20310
:107FE00027CE87E00E94409280FF19C009E014E08C
:107FF000F80181918F01882309F467CE8F320CF04C
:108000008FE3082E000C990BAA0BBB0B89839A8374
:10801000AB83BC83CE0101960E943F21E9CF8091C2
:10802000680680FD4ECE84E59DE00E9463224DCE21
:1080300087E00E94409281FF19C004E014E0D8015B
:108040008D918D01882309F45ECE8F320CF08FE381
:10805000082E000C990BAA0BBB0B89839A83AB8368
:10806000BC83CE0101960E943F21E9CF8091680632
:1080700081FD45CE84E59DE00E94632244CE87E0E9
:108080000E94409282FF19C00EE014E0F801819135
:108090008F01882309F455CE8F320CF08FE3082E20
:1080A000000C990BAA0BBB0B89839A83AB83BC830F
:1080B000CE0101960E943F21E9CF8091680682FDA2
:1080C0003CCE8CE49DE00E9463223BCE8091F40381
:1080D000F816B1F010914710F092F4038AE490E1A1
:1080E0000E94A1A1181708F047C01F5FE12FF0E020
:1080F000E65BFF4E8081807C8038B9F31093471097
:10810000E0904710F12CC701865B9F4E7C010E94D6
:10811000A1A1182F60E870E0C7010E946422153108
:1081200008F09ECA86E49DE00E946322143109F49F
:1081300097CA84E49DE00E946322133109F490CA37
:1081400082E49DE00E946322123109F489CA212F42
:1081500030E02E5F3F4F4AEF4203B001439F700D66
:10816000112460587F4F8AE490E10E94642280E4E9
:108170009DE00E94632274CA10924710C1CF2EDA8C
:10818000882339F08091061382FB882780F991E0DB
:10819000892708950E942FC7F2DF882331F080E4F9
:1081A0009EE090932A06809329060C94E29A81E03F
:1081B0000895DC01EC918E2F90E0FC01EE0FFF1F83
:1081C000E80FF91FEF59FE4E80818F778083089565
:1081D0001092900082E0809391001092950010928E
:1081E0009400C19AE1E7F0E0808182608083089585
:1081F000B0E0A0E0EEEFF0E40C9481F36C01EB0151
:10820000FC0180818C3008F0B8C090E0FC01EE0FDA
:10821000FF1FE80FF91FEF59FE4E80818F770E94F4
:108220007FC8F6011182128280812CE0622F0E94A9
:1082300021F3829FB001112430E020E0AB01420F16
:10824000531FFA01EE0FFF1FE40FF51FEF59FE4E0B
:10825000908197FD08C02F5F3F4F2C30310571F79B
:10826000811101C0B5DFF6017080E72CF12C870188
:10827000000F111FF801EE0DFF1DEF59FE4E80811A
:108280008068808377FC79C0C032F2E0DF070CF0B1
:1082900040C0F601828128E532E0281B310987FDC4
:1082A0003395220F331F220F331F032E000C440B74
:1082B000550B818178E8872E912C881A910887FDCB
:1082C0009394880C991C880C991C092C000CAA0802
:1082D000BB0860E070E0CB01D7FD0AC0BE01C53B22
:1082E000D10514F064EB70E0072E000C880B990B9D
:1082F000281939094A095B090E94B5F224EB30E0DC
:1083000040E050E00E94E6F2820E931EA41EB51ECD
:10831000E401FBE0F71558F1F6012281318188E88C
:1083200090E0831B910937FD9395880F991F880F63
:10833000991FC817D90774F088E592E0821B91094C
:1083400027FD9395880F991F880F991FC817D90784
:108350000CF4CE012FB7F8940E0D1F1DF801EF5944
:10836000FE4E0297880F991F928381832FBF62E38D
:1083700070E080E090E00E94BD29CDB7DEB7EDE06F
:108380000C949DF30F931F93CF93C82F8B0186E816
:1083900091E10E94E717C817B1F06C2F70E086E8F2
:1083A00091E126DFF8016081718182819381643FD0
:1083B000F1E07F078105910520F464EF71E080E032
:1083C00090E00E94BD2986B182958170CF911F9166
:1083D0000F910895A4E0B0E0E0EFF1E40C948CF389
:1083E0008EEE92E0A0E0B0E089839A83AB83BC83F9
:1083F000BE016F5F7F4F8AE5C5DF2496E2E00C94F3
:10840000A8F3A4E0B0E0E7E0F2E40C948CF38EEE85
:1084100092E0A0E0B0E089839A83AB83BC83BE0185
:108420006F5F7F4F8AE0AEDF2496E2E00C94A8F302
:10843000A4E0B0E0EEE1F2E40C948CF384EF91E080
:10844000A0E0B0E089839A83AB83BC83BE016F5FF9
:108450007F4F8CE397DF2496E2E00C94A8F3A4E02E
:10846000B0E0E5E3F2E40C948CF384EF91E0A0E05B
:10847000B0E089839A83AB83BC83BE016F5F7F4F7B
:1084800080EA80DF2496E2E00C94A8F3CF92DF929A
:10849000EF92FF921F93CF93DF9300D000D0CDB720
:1084A000DEB78EEEC82E82E0D82EE12CF12CC982E8
:1084B000DA82EB82FC82BE016F5F7F4F8AE562DF6A
:1084C00081110EC010E0812F0F900F900F900F9030
:1084D000DF91CF911F91FF90EF90DF90CF900895A3
:1084E000BEDFC982DA82EB82FC82BE016F5F7F4F02
:1084F0008AE548DF182F882329F30E94309BE3CFB9
:10850000CF92DF92EF92FF921F93CF93DF9300D031
:1085100000D0CDB7DEB78EEEC82E82E0D82EE12C8B
:10852000F12CC982DA82EB82FC82BE016F5F7F4F41
:108530008AE028DF81110EC010E0812F0F900F908C
:108540000F900F90DF91CF911F91FF90EF90DF90F0
:10855000CF90089584DF3EDF54DF3CDFC982DA82AA
:10856000EB82FC82BE016F5F7F4F8AE00BDF182F2A
:10857000882311F30E94309BE0CF1F920F920FB619
:108580000F9211240BB60F922F933F934F935F934B
:108590006F937F938F939F93AF93BF93CF93EF93FB
:1085A000FF93C0917103C7FF43C0109295001092D2
:1085B000940081E08C0F809371038C300CF050C0DC
:1085C000082E000C990B209185112817190609F027
:1085D0000CF446C02091940030919500FC01EE0F00
:1085E000FF1FE80FF91FEF59FE4E81819281820F24
:1085F000931F9093990080939800808187FF04C017
:1086000061E08F770E94ECD0FF91EF91CF91BF9105
:10861000AF919F918F917F916F915F914F913F911A
:108620002F910F900BBE0F900FBE0F901F901895BB
:108630008C2F0C2E000C990B2091851128171906F0
:1086400009F00CF4B6CFFC01EE0FFF1FE80FF91F85
:10865000EF59FE4E808160E08F770E94ECD0A9CF69
:108660008091940090919500049680342CE99207B3
:1086700010F480E49CE990939900809398008FEF28
:1086800080937103C1CF9091C00095FFFCCF809380
:10869000C6000895CF93DF93EC01FE0184912196EB
:1086A000882311F0F0DFF9CFDF91CF910895E091A9
:1086B0007F0C81E6E89FF0011124EF51F34F808198
:1086C000811105C081E090E2E5DF8AE0DCCF08950A
:1086D000811105C089EA93E0DDDF8AE0D4CF8DEA1D
:1086E00093E0FACF82EA93E0D5CF8CE993E0D2CF42
:1086F0000F931F93CF9381110EC0C42F8B01F5DF11
:108700008BED98E0C7DFC801C5DFCC2321F08AE3F9
:10871000BADF8AE0B8DFCF911F910F910895CF9310
:1087200084E50E94DB17C0E08823E9F00E94E51E83
:10873000C82F1816C4F4D9DF8DE4A5DF6091E203D9
:108740007091E30390E080E00E9457C78EEF95E0C0
:10875000A1DF6C2FCC0F770B880B990B0E94B4C74D
:108760008AE091DFCFEF8C2FCF910895CF92DF92E7
:10877000EF92FF926A017B018DDF42E0C701B601F3
:108780000E94AB7DFF90EF90DF90CF900895CF9344
:10879000C82F41E066EB75E0ABDFC11101C0A5DF7A
:1087A0004091551150915611609157117091581187
:1087B0008DEA95E0DBDF21E732EB47E25EE3609193
:1087C000591170915A1180915B1190915C110E9426
:1087D0002BF4AB01BC018AEA95E0C8DF21E732EB5C
:1087E00047E25EE360915D1170915E1180915F11CF
:1087F000909160110E944EEFAB01BC0187EA95E0B9
:10880000B5DF8AE040DFCF910895B0DF8AE03BCF4B
:10881000A6E5B0E0EEE0F4E40C947CF370E060E0F8
:1088200085E40E94231F9EA38DA31DA11F3FE1F09D
:10883000112359F08AE89CE02DDF82E79CE02ADFD3
:10884000CA5ADF4FE2E10C9498F32EEB30E03E83FE
:108850002D8365E070E083E40E94231F7C01039771
:1088600044F482E59CE0EBCF46E450E05E834D8328
:10887000F0CF83E50E94DB17882321F00E94201FA0
:108880009E838D8360E085E50E940F1F26968FAF43
:10889000269760E085E49CE00E94D51FEFA28E2D14
:1088A00083300CF472C40E94D1D16D877E878F878C
:1088B000988B1F3F09F04EC48D819E818F369105A4
:1088C0000CF05DC48CE09CE0E5DE84E09CE0E2DE40
:1088D0000E94EA7E8FE7809313112CE330E0A8EE2C
:1088E000B3E00E9412F36CA77DA78EA79FA72D85EA
:1088F0003E854F855889260F371F481F591F2196DF
:108900002CAF3DAF4EAF5FAF219760E089EF9BE0AA
:108910000E94D51F81E0809361018D859E85AF8582
:10892000B8898CAB9DABAEABBFAB6C017D0119A21E
:108930001AA21BA21CA21D8E1E8E1F8E18A21982A7
:108940001A821B821C822FE730E040E050E0298B26
:108950003A8B4B8B5C8B80E090E4ACE1B6E489878A
:108960009A87AB87BC871D8A1E8A1F8A188EFFE7ED
:108970008F2E912CA12CB12C18AE19AE1AAE1BAEB5
:108980001CAE18A619A61AA61BA601E0312C212C94
:10899000412C512C32012D813E81032E000C440BC1
:1089A000550B2A962CAF3DAF4EAF5FAF2A974FA124
:1089B000042E000C550B23965FAF4EAF23975CE25D
:1089C0001502C0011124DC01A15CBE4E2596BFAF8B
:1089D000AEAF25978D819E814E969C01990F440BD9
:1089E000550B2E962CAF3DAF4EAF5FAF2E978D81BE
:1089F0009E814E979C01990F440B550B62962CAFAC
:108A00003DAF4EAF5FAF62974D815E8146505109D9
:108A1000CA01092E000CAA0BBB0B66968CAF9DAF4A
:108A2000AEAFBFAF669780916101882309F499C00A
:108A30000E94D1D16D837E838F8398879091EA04C1
:108A400067969FAF6797992309F477C00E945D806E
:108A50001092EA041F3F09F087C040900D1150901A
:108A60000E1160900F11709010112D893E894F8961
:108A7000588DC301B2010E9417F5181624F44D8ACF
:108A80005E8A6F8A788E29853A854B855C85C3011D
:108A9000B2010E94E9EE87FF04C049865A866B86C0
:108AA0007C862A966CAD7DAD8EAD9FAD2A970E94D7
:108AB000EFEE698F7A8F8B8F9C8F002309F4E0C1D2
:108AC0009B01AC01C301B2010E9417F51816ACF569
:108AD0008D819E81AF81B8858C199D09AE09BF0932
:108AE000AC01BD01485853416109710977FD25C0AA
:108AF00049895A896B897C89481959096A097B090E
:108B000075956795579547951F3FB9F54093131194
:108B100088A799A7AAA7BBA7298D3A8D4B8D5C8DF5
:108B20002D8B3E8B4F8B588F8D819E81AF81B88569
:108B30008D879E87AF87B88B00E02E966CAD7DAD9C
:108B40008EAD9FAD2E970E94EFEEA30192010E9481
:108B5000E9EE87FF3AC081E89BE09CDD82E69BE07E
:108B600099DD0E94EA7E53C14090391150903A112C
:108B700060903B1170903C1178CF2596EEADFFAD23
:108B800025974083C5CF4BEE842E912CA12CB12C80
:108B9000CEC184E190E0A0E0B0E0898B9A8BAB8BF2
:108BA000BC8B34E1832E912CA12CB12CD0C1898AAD
:108BB0009A8AAB8ABC8ACBC184EB9BE079C22596AA
:108BC000EEADFFAD259780839AC28D819E81AF81E6
:108BD000B8852CA93DA94EA95FA9821B930BA40BB4
:108BE000B50BB7FD4FC0812F17FD80E00E944C7E72
:108BF0008AE049DD8D819E81AF81B8858053984F91
:108C0000AF4FBF4F8CAB9DABAEABBFAB98AD91112F
:108C100071C029AD3AAD4BAD5CADC301B2010E944C
:108C200017F518160CF04EC020E030E040E050E49C
:108C3000C301B2010E94B4F369AF7AAF8BAF9CAFAE
:108C40002CA53DA54EA55FA58D819E81AF81B885E0
:108C5000280F391F4A1F5B1F21962CAF3DAF4EAF27
:108C60005FAF219766966CAD7DAD8EAD9FAD66977B
:108C70000E94EFEEA30192010E94E9EE881F88276F
:108C8000881F88AF8D859E85AF85B889C816D9069F
:108C9000EA06FB0610F4D701C6012D813E814F8103
:108CA0005885281B390B4A0B5B0BDA01C901813847
:108CB0009F44A241B10598F185E59BE0EBDC83E49C
:108CC0009BE04ECF8D819E81AF81B88521962CADE2
:108CD0003DAD4EAD5FAD2197821B930BA40BB50B41
:108CE0004FE65CE16EE77CE1B7FDCCCF812F0E94BF
:108CF000897FC8CF62966CAD7DAD8EAD9FAD62971A
:108D00000E94EFEE9B01AC01C301B2010E94E9EEAB
:108D100087FFB8CF4CEA5CE16CEB7CE1E7CF2396B0
:108D20004EAD5FAD2397421553050CF091C086E31D
:108D30009BE0B0DC85EE9AE0ADDC1F3F09F06AC035
:108D400084ED9AE09E838D8382EC9AE0A3DC8D8192
:108D50009E81A0DC49815A816B817C8181EE9AE001
:108D600054DD82EC9AE096DC8D819E8193DC4D8D02
:108D70005E8D6F8D78A18DED9AE047DD82EC9AE0F3
:108D800089DC8D819E8186DC49A15AA16BA17CA1E1
:108D900089ED9AE03ADD2696BFAD2697BB23B9F15F
:108DA00021E732EB47E25EE369A17AA18BA19CA1A6
:108DB0000E942BF46B017C0121E732EB47E25EE37A
:108DC0006D8D7E8D8F8D98A10E944EEF29813A8105
:108DD0004B815C811F3F19F120935511309356113F
:108DE00040935711509358116093591170935A1131
:108DF00080935B1190935C11C0925D11D0925E11D3
:108E0000E0925F11F092601181E080934011109226
:108E10006101BBC1A3EDBAE0BE83AD8395CF2093C2
:108E2000291130932A1140932B1150932C116093E8
:108E30002D1170932E1180932F1190933011C092A9
:108E40003111D0923211E0923311F0923411DFCF10
:108E50000E942138E8CD8CE09CE01CDC84E09CE0A2
:108E600019DC0E94EA7E8CE28E9DF0018F9DF00D50
:108E70001124EB5CFE4E8FE7828728E230E02FCD95
:108E8000298D3A8D4B8D5C8DC301B2010E94E9EEB4
:108E900087FF53CE8D819E81AF81B8852D853E851C
:108EA0004F855889821B930BA40BB50BAC01BD01F8
:108EB000485853416109710977FD3FCE21143104AF
:108EC00009F40CC1C8A4D9A4EAA4FBA4C80ED91EF5
:108ED000EA1EFB1E28A539A54AA55BA5281B390B50
:108EE0004A0B5B0BC501B4010E94B5F2A7019601C4
:108EF0000E94E6F289889A88AB88BC88820E931E0D
:108F0000A41EB51E34E183169104A104B1040CF42F
:108F100040CE4CEE84169104A104B1040CF033CE83
:108F200050E885169104A104B1040CF440CE898A5E
:108F30009A8AAB8ABC8A8EEF90E0A0E0B0E09C01F8
:108F4000AD01281939094A095B0949015A0181EF24
:108F50009BE0A0DB69897A898B899C890E94932494
:108F60008CEE9BE097DBC501B4010E9493244985F8
:108F70005A856B857C8585EE9BE0F8DB4D895E89A3
:108F80006F89788D8EED9BE0F1DB93E0291631043B
:108F90000CF4A4C0C501B4010E94EFEE20E030E063
:108FA00040E850E40E944EEF69837A838B839C8370
:108FB00029853A854B855C856D897E898F89988D59
:108FC0000E94B3F32BED3FE049E450E40E944EEFE2
:108FD00020E030E040E05FE30E944EEF9B01AC01F7
:108FE00069817A818B819C810E942BF468AB79AB7B
:108FF0008AAB9BABC701B6010E94EFEE2FE632E1D0
:1090000043E85AE30E944EEF6B017C011E3F51F092
:109010002AE939E949E15FE380E090E0A0E0BEE3BE
:109020001F3F41F42DEC3CEC4CE45EE38BEA9AEA02
:10903000AAEABEE389879A87AB87BC8768A979A922
:109040008AA99BA90E944EEF69837A838B839C83B4
:109050009B01AC010E94B4F3A70196010E942BF47E
:109060006D8F7E8F8F8F98A329813A814B815C8190
:10907000C701B6010E944EEF29853A854B855C8574
:109080000E944EEF69A37AA38BA39CA348A959A978
:109090006AA97BA988ED9BE069DBB701A60182ED97
:1090A0009BE0B3DB9DA19E3F08F486CD83EC9BE063
:1090B000F1DA49815A816B817C818EEA9BE056DB33
:1090C0004D8D5E8D6F8D78A188EA9BE04FDB49A1C5
:1090D0005AA16BA17CA182EA9BE097DB89899A89DE
:1090E000AB89BC89880D991DAA1DBB1DB595A79597
:1090F000979587951F3F09F062CD809313112396B2
:10910000FFAD2397FF932FA12F933F922F928EE8CD
:109110009BE09F938F9389E99BE09F938F931F928E
:109120000E94AE1F3FEF231A330A0FB6F894DEBF3A
:109130000FBECDBF898D9A8DAB8DBC8D89879A87E7
:10914000AB87BC87CD80DE80EF80F88467960FAD5B
:109150006797F3CC3DA1E32E330FFF08F70183E0BF
:10916000EE0FFF1F8A95E1F7E75AFE4F8681978140
:109170000F974D815E81841795070CF06CCE88E3C4
:109180009CE088DA89E19CE085DA0E942FC758CB01
:10919000CF93DF9360ED75E00E94C6C9C9E0D1E1CD
:1091A00048A159A16AA17BA187EC95E0DFDA21E70C
:1091B00032EB47E25EE36CA17DA18EA19FA10E94EC
:1091C0002BF4AB01BC0184EC95E0D0DA21E732EB63
:1091D00047E25EE368A579A58AA59BA50E944EEFAC
:1091E000AB01BC0181EC95E010DBDF91CF910895DC
:1091F000CF9381110EC040E062E974E079DA80918A
:10920000BD04811103C085E894E044DA8AE03BDACA
:109210006CDAC091BD048CE794E03CDA6C2F70E00E
:1092200090E080E00E94B4C74091B9045091BA0424
:109230006091BB047091BC0489E794E0E6DACF91B9
:10924000089562E575E00E94C6C96091AD0670910F
:10925000AE068091AF069091B0060E94EDEEAB0194
:10926000BC0189E495E082DA4091DD065091DE068A
:109270006091DF067091E00686E495E077DA409130
:10928000E1065091E2066091E3067091E40683E402
:1092900095E06CDA40916D0650916E0660916F0614
:1092A0007091700680E495E0B0CACF93DF9366EFCB
:1092B00074E00E94C6C9CDE9D6E04CA95DA96EA9AB
:1092C0007FA98DEE94E052DA48AD59AD6AAD7BAD21
:1092D0008AEE94E04BDA4CAD5DAD6EAD7FAD83E4CC
:1092E00095E093DADF91CF910895CF93DF9362ED0C
:1092F00074E00E94C6C9CDE9D6E04CA15DA16EA183
:109300007FA189EC94E032DA48A559A56AA57BA52E
:109310008DE599E22BDA4CA55DA56EA57FA58AE5C2
:1093200099E224DA48A959A96AA97BA987E599E2B3
:109330001DDA8AE0A8D9DF91CF910895CF93DF930A
:109340006DEA74E00E94C6C9CDE9D6E068817981F2
:109350008A819B810E94EDEEAB01BC0184EA94E01E
:1093600005DA6C817D818E819F810E94EDEEAB01DB
:10937000BC018DE599E2FAD9688579858A859B8556
:109380000E94EDEEAB01BC018AE599E2EFD96C8554
:109390007D858E859F850E94EDEEAB01BC0187E542
:1093A00099E2E4D98AE06FD9DF91CF910895CF9304
:1093B000DF93EB016FD9BE0190E080E00E9457C7B8
:1093C000DF91CF910895CF93DF93EB0163D9BE0175
:1093D000DD0F880B990B0E94B4C7DF91CF910895E0
:1093E000CF93DF93EB0156D9BE0190E080E00E945D
:1093F00057C78AE048D9DF91CF9108954BD98AE0C9
:1094000042C9CF93DF936CE77AE00E94C6C9C0914E
:109410009511D0919611488159816A817B8183E7AA
:109420009AE0A4D94C815D816E817F818DE599E2BE
:109430009DD9409191115091921160919311709129
:1094400094118AE599E292D980E79AE023D986E7D8
:109450009AE1D4DFDF91CF910895EC018B01F42ED6
:109460000E94EA7E209709F47DC03FD9CE01C6DF75
:109470000115110511F403ED1AE00E9495201F93C8
:109480000F93DF93CF938CE693E09F938F93D1E07C
:10949000DF930E94AE1F0E94302BC091B311C6957E
:1094A000C6958DB79EB707960FB6F8949EBF0FBEB0
:1094B0008DBF8091EB11811104C0D093EB110E94FC
:1094C000ACD28091B4119091B5110E9486D2DC2F5C
:1094D000DD0F1D2F1C0F83E00E948E1D1092E911DD
:1094E000C093EA118AE490E10E9483231092E9116B
:1094F000D093EA118DE593E00E9460221092E91169
:109500001093EA1180E593E00E94602282EB91E1E2
:109510000E946BD48111DFCFE5D88CE793E0BAD8F5
:1095200089EE93E0019739F000C00000EEE5F9E024
:109530003197F0F7F7CFF89489EE93E0019739F07F
:1095400000C00000E6EEF3E03197F0F7F7CF0E949D
:10955000EA7EFF2021F00E942A83A895FECF0E9478
:10956000E582FBCF0115110511F403ED1AE0C3E705
:10957000D3E083CF8091950B9091960B2FEF3FEF27
:10958000981751F0E92FF0E0EB56F44F228130E0CC
:109590009F5F9F779093960BC90108951F920F923A
:1095A0000FB60F9211240F900FBE0F901F901895B9
:1095B0001F920F920FB60F9211240BB60F922F939A
:1095C0008F939F93EF93FF939091C6002091960BFA
:1095D000E091950B81E08E0F8F77281729F0F0E04E
:1095E000EB56F44F9283E82FE093950BFF91EF91A8
:1095F0009F918F912F910F900BBE0F900FBE0F90E8
:109600001F9018958EBD0DB407FEFDCF08958FEF06
:109610008EBD0DB407FEFDCF8EB508959091640008
:109620009B7F90936400982F906A96959CBD80FDD7
:1096300003C091E0863009F490E09DBD0895CF937A
:10964000DF93EB0127D8CE010E9477D5DF91CF9130
:109650000895A5E1B0E0EFE2FBE40C947CF3B82EB2
:1096600080917E0C843008F01DC2B1E6EB2E809113
:109670007E0C843008F03DC18091950B9091960B43
:10968000891B8F7709F435C175DF97FF0AC02AD887
:109690008BE992E00E944A438091950B8093960B50
:1096A000E6CF8A3019F08D3009F01AC110927D0C86
:1096B00080911B0C90911C0CFC01E95EF34F16820B
:1096C000892B19F40E94C480D2CF10921C0C1092E6
:1096D0001B0C0DE11CE0F8018191803209F449C0B6
:1096E0008E3409F0B2C066E972E0C8010E9468EEEB
:1096F0006C01892B41F06EE470E0C80104960E9471
:1097000027F7009709F4C8014AE050E070E060E0F4
:1097100001960E94DFEB2B013C018091170C909188
:10972000180CA091190CB0911A0CAC01BD014F5F3F
:109730005F4F6F4F7F4F4416550666067706D9F088
:10974000CD28C9F4AC01BD0141505109610971092D
:10975000441655066606770634F084159505A60569
:10976000B7050CF084CF60E083E692E00E9418C950
:109770007ECF8F01B0CF6AE270E0C8010E9456F739
:109780009C01009709F1982F901BF12C992339F037
:109790009150F801E90FF11D8081F826F7CF4AE0DA
:1097A00050E070E060E0C90101960E94DFEB2F2DD0
:1097B00030E050E040E0621773078407950741F0FE
:1097C00060E084E492E0D2CF60E08AE192E0CECF24
:1097D0004092170C5092180C6092190C70921A0C4F
:1097E00080912C068130E1F467E470E0C8010E94AA
:1097F00027F70097A9F04AE050E070E060E001969A
:109800000E94DFEB623071058105910548F489E71C
:1098100091E00E944A4360E08FE691E00E94D51FEC
:10982000F80180818D3481F58381823309F44CC045
:10983000883301F1803341F58181843329F58281B8
:10984000813311F50E948E961FC08091061380FF10
:10985000C7CF6EE270E2C8010E9468EE009731F057
:10986000FC01838180538A3008F0BACF60E080EF3A
:1098700091E07CCF8281803339F48181813321F47E
:109880001092610110922E0480911D0C8B3309F40B
:10989000EECE80917E0C843008F0E9CE8091800C71
:1098A0008E9DC00111246DE17CE08F57934F0E9483
:1098B00032F7E091800CEE9EF0011124EF51F34F4E
:1098C00010820E94DFC8D3CE82818133E9F6818184
:1098D0008133D1F641E070E060E08CEA97E0BDDDD5
:1098E0002BE13CE04DE15CE06DE77CE00E94E91695
:1098F000BECE8091061383FDD5C082FFD3C087FD05
:10990000D1C01A821982E1E6FE2EF4E0EF2EA9E61C
:10991000DA2ECC24C39480917E0C843008F0C2C02F
:109920000E9421178111BEC041E050E0BE016D5E72
:109930007F4F86EA90E10E9467DA0B8910E0019779
:1099400011F00FEF1FEF8091AE109091AF10A0912A
:10995000B010B091B1108093021390930313A093B1
:109960000413B09305130E9421170F3F100749F409
:10997000811107C00E94724383EB92E00E944A4328
:10998000CACF4091800C242F30E00A3061F00D30B6
:1099900051F0882309F478C089819A81009719F0E1
:1099A00001969A8389831092720389819A81F29E2B
:1099B000F001F39EF00D1124E258F34FDF01A80FE0
:1099C000B91F13961C92892BB1F50E94C4800E9486
:1099D0002117882309F49FCF86EA90E10E94067A36
:1099E0008091FD12882309F445C081508093FD12B7
:1099F0008D9DC001112462E080579A4F0E9449E07A
:109A0000E091FD1224E0E29FF0011124E457FA4FA7
:109A100040815181628173814093021350930313FB
:109A2000609304137093051386EA90E10E946CD949
:109A30000E9491D570CF1A82198283818D3479F476
:109A40008481823361F48581853349F48681805332
:109A50008A3028F0809106138B7F80930613F29E44
:109A6000F001F39EF00D1124EF51F34FC0820E94DC
:109A7000DFC8ADCF0E9483D58091061388608093A4
:109A80000613E0922C0647CF4F9DA00111244F579B
:109A9000534F9E012F5F3F4F62E773E0802F0E947C
:109AA000E91639CF0E94D1D16B017C01BB2041F076
:109AB000C092E503D092E603E092E703F092E80358
:109AC0008091BD039091BE03A091BF03B091C003EC
:109AD0000097A105B10551F14091E5035091E603CE
:109AE0006091E7037091E803840F951FA61FB71FCD
:109AF000A7019601281B390B4A0B5B0BDA01C90140
:109B0000B7FD14C00E9472438DEE92E00E944A435A
:109B100060916B0670916C0682EC92E00E943CDFD3
:109B200040E070E060E090E080E0D9CE90919A1142
:109B300080919B11981741F0C092E503D092E60303
:109B4000E092E703F092E80340910B0150910C0181
:109B500060910D0170910E01452B462B472B29F08A
:109B6000981709F447C010927B0380917703909176
:109B70007803A0917903B0917A0346015701881ABE
:109B8000990AAA0ABB0AD501C401B7FDE6C19091A2
:109B90009A1180919B1120910801981709F45BC0DC
:109BA000E0919B113BE4E39FF0011124E55DF84F48
:109BB0008081281709F4D8C0809308010E94D1D170
:109BC000209108012223A1F030E050E040E0215034
:109BD000310941095109AFEFB0E00E9402F32EEFC5
:109BE00030E040E050E00E94E6F2C9010097B1F594
:109BF00060E051C0B110B7CF0E94D1D10091E50310
:109C00001091E6032091E7033091E80380900B0167
:109C100090900C01A0900D01B0900E01080D191D3F
:109C20002A1D3B1D601B710B820B930B97FD9BCF75
:109C300080917B03811199CF81E080937B0380E049
:109C40000E94FA8281E00E94FA8282E00E94FA82F7
:109C50000E94E5828ACF80918906ABCF61E02F3FD9
:109C60003105C9F0EDE5F0E2E4918E010F5F1F4F81
:109C7000E83009F4F1C098F4E23009F465C0E73047
:109C800031F122E1F80111922A95E9F761E08F376D
:109C9000910508F4ADCF84E00E94ECD065C0E930B6
:109CA00021F0EA3071F791E001C090E068E970E0DE
:109CB00078876F836AE970E07A8769871C861B86DC
:109CC000E0E9F0E0A0919600B09197000FC090E01D
:109CD00063EB70E078876F8364EB70E07A87698765
:109CE0001C861B86E0EBF0E0AFEFB0E07080A92EA1
:109CF000B12C83E090E04C018A189B08880C991CD9
:109D0000082C01C0880F0A94EAF78095872162E049
:109D100070E0082C01C0660F0A94EAF7682B608394
:109D2000F3E0AF0EB11CAA0CBB1CA00EB11EF501D6
:109D3000A080B1800E9402F32FEF30E040E050E0BD
:109D40000E94C4F2F5010EC082E1EFE7F1E0D80114
:109D500001900D928A95E1F784B58F7C806284BD75
:109D6000E985FA85318320838091E904882309F409
:109D7000E7C00091200110912101C80102972091B4
:109D80003D1130913E11281739070CF4D9C02090AD
:109D90009B11412C512C32018BE4382E80919A1169
:109DA000821509F45BC0822D90E0389EF001399E47
:109DB000F00D1124EB51F94F458956896789708D53
:109DC000452B462B472B81F4418D528D638D748D2D
:109DD000452B462B472B41F4458D568D678D70A141
:109DE000452B462B472B99F1389E9001399E300D1B
:109DF0001124A9014B51594F5D8B4C8BFA0161A184
:109E000072A183A194A10E94EDEE4B015C01EC894B
:109E1000FD8965A176A187A190A50E94EDEE9B0129
:109E2000AC01C501B4010E942BF4EC89FD892181AC
:109E30003281438154810E944EEF4B015C01A301AA
:109E400092010E9417F5181614F424013501822D91
:109E50000E948F20282EA2CF91E03ACFB801110F97
:109E6000880B990B0E94EFEE4B015C0120911A01C7
:109E700030911B0140911C0150911D01C301B201A1
:109E80000E944EEFA50194010E94B4F32B013C0106
:109E900000911E0110911F01AC019B01C501B4018D
:109EA0000E9417F518169CF0B801012E000C880BC3
:109EB000990B0E94EFEE4B015C01AC019B01C301C9
:109EC000B2010E9417F5181614F053014201409098
:109ED0007303509074036090750370907603A5012E
:109EE0009401C301B2010E9417F51816D4F420E0C2
:109EF00037ED43EA5CE3C501B4010E944EEF4B012C
:109F00005C0128E431EE4AE75FE3C301B2010E943D
:109F10004EEF9B01AC01C501B4010E94B4F34B01AB
:109F20005C018092730390927403A0927503B092C7
:109F30007603C501B4010E9493F4CB010E946F87A0
:109F4000F4E6CF0ED11CE11CF11CC0927703D09235
:109F50007803E0927903F0927A030E94C4808091A2
:109F60002C06882309F4A7C0109109011130B1F122
:109F70008091061380648093061381E08093090129
:109F800064EF71E080E090E00E94BD290E9493DDC3
:109F90008091061384FFA7C0123028F460E081E4AA
:109FA00093E00E94D51F01E083E0809362010E944C
:109FB000D1D16C597F4F8F4F9F4F60932204709384
:109FC00023048093240490932504002339F0123055
:109FD00029F481E08093FC120E94CFDE0E94D1D14F
:109FE0006B017C0110910A011123F1F08091C103F2
:109FF0008823D1F040917C0350917D0360917E03D2
:10A0000070917F0346015701841A950AA60AB70A80
:10A01000B501A40177FD1AC0833009F45FC00CF0CC
:10A020004EC081300CF053C0212F30E0A8EEB3E0D9
:10A030000E9412F3C60ED71EE81EF91EC0927C03C2
:10A04000D0927D03E0927E03F0927F030E9421383C
:10A050008091BC03882379F10E94D1D16B017C01EE
:10A060008091B8039091B903A091BA03B091BB035A
:10A07000A7019601281B390B4A0B5B0BDA01C901BA
:10A08000B7FD19C02091BC0330E0A8EEB3E00E94F8
:10A0900012F3C60ED71EE81EF91EC092B803D09266
:10A0A000B903E092BA03F092BB0380E00E944C7EB9
:10A0B0008AE00E9443436596E2E10C9498F3843071
:10A0C00009F0B2CF0E94754380E093E004C00E9483
:10A0D00075438FE293E00E944A43A6CF0E947543E6
:10A0E00088E193E0F8CF112309F478CF00E05CCF4A
:10A0F0004F925F926F927F928F929F92AF92BF9298
:10A10000CF92DF92EF92FF921F93CF93DF93CDB761
:10A11000DEB766970FB6F894DEBF0FBECDBF909145
:10A120009C0693FD7FC1F82E89E40E94DB178823EB
:10A1300009F4ADC10E94E51E90E01816190614F44A
:10A1400081E090E026E0289FF001299FF00D112486
:10A15000E25DF94F828193811D8A8E36910514F05C
:10A160008EE690E090931211809311110E94EB1AE9
:10A170006091111170911211072E000C880B990B30
:10A180000E94EFEE20910D1130910E1140910F11B0
:10A19000509110110E9417F560E018160CF031C1B3
:10A1A00083EB9AE00E94D51F61E06F258F2D0E94FE
:10A1B000199BFF2009F464C121E0209361011986F5
:10A1C0001A861B861C861D861E861F86188A80E0BE
:10A1D0009CE3ACE1B6E4898B9A8BAB8BBC8B20E023
:10A1E00030E040E85FEB29833A834B835C831E8A2F
:10A1F00011E0412C512C320160911111709112111A
:10A20000072E000C880B990B0E94EFEE6B017C016E
:10A2100029813A814B815C810E94E9EE8823B9F063
:10A2200020910D1130910E1140910F11509110118C
:10A230008D898111E9C0C701B6010E94E9EE881F2E
:10A240008827881F8E8BC982DA82EB82FC820E946B
:10A25000D1D16B017C01DC01CB012D853E854F8581
:10A260005889821B930BA40BB50BB7FD2EC0D701E9
:10A27000C60188519C4FAF4FBF4F8D879E87AF87D8
:10A28000B88B80E00E944C7E80EA9AE00E944A43AC
:10A29000411451046104710409F4E0C0C301B20126
:10A2A000605F784D8F4F9F4F6C197D098E099F0914
:10A2B00028EE33E040E050E00E94C4F2CA01B90148
:10A2C0000E9493248AE00E94434380E0C2D90E9406
:10A2D000D1D16093E5037093E6038093E7039093F5
:10A2E000E80320910D1130910E1140910F11509102
:10A2F00010112D833E834F83588769817A818B812A
:10A300009C810E94B3F34B015C0120E030E0A90185
:10A310000E9417F587FF04C0B7FAB094B7F8B0945D
:10A32000411451046104710409F09CC020E030E044
:10A3300040E85FE3C501B4010E94E9EE87FF0FC06A
:10A34000412C512C3201112331F085E0482E8DE053
:10A35000582E612C712C4C0C5D1C6E1C7F1C3E8990
:10A360003323C1F189859A85AB85BC85892B8A2BDE
:10A370008B2B61F0D701C60129853A854B855C8519
:10A38000821B930BA40BB50BB7FD24C02D813E811E
:10A390004F81588569897A898B899C890E94B3F39A
:10A3A00020E030E040E85FE30E94E9EE87FD32C044
:10A3B000D701C601805A9541AF4FBF4F89879A8711
:10A3C000AB87BC872D813E814F815885298B3A8B85
:10A3D0004B8B5C8B809161018823E1F04114510427
:10A3E0006104710461F030E1C31A37E2D30AE10875
:10A3F000F108C418D508E608F708F7FE0BC010E00E
:10A40000FBCE84EA9AE0CECEC701B6010E94E9EE07
:10A4100087FF1EC080916101882321F010926101A5
:10A420000E942FC766960FB6F894DEBF0FBECDBF51
:10A43000DF91CF911F91FF90EF90DF90CF90BF9071
:10A44000AF909F908F907F906F905F904F90089506
:10A45000C982DA82EB82FC821E8AF9CE8FE30E94E7
:10A46000434330CF20E030E040E450E4C501B40184
:10A470000E9417F518160CF072CF260137016FCF26
:10A4800080EC96E19093491080934810CBCF83E500
:10A490000E94DB178D8B811108C0FF2019F282E525
:10A4A0000E94DB17882309F4BDCF0E94201F55CEE0
:10A4B000A6E1B0E0EEE5F2E50C947DF390919C0608
:10A4C00093FD8EC0082F0E948F43182F87FD88C0F0
:10A4D00089E40E94DB17882309F49EC00E94E51ED0
:10A4E00090E01816190614F481E090E026E0289F09
:10A4F000F001299FF00D1124E25DF94F80819181D7
:10A500001E8A0E946F8761E0802F0E94199B6091D4
:10A510003D1170913E11072E000C880B990B0E9483
:10A52000EFEE6B017C018090391190903A11A09070
:10A530003B11B0903C11A50194010E9417F518162B
:10A540001CF02E89211132C00111F4C1A501940122
:10A55000C701B6010E9417F518160CF0C7C131E00B
:10A56000398389EF9BE09F938F938AE99AE09F93C9
:10A570008F931F920E94AE1F0F900F900F900F901D
:10A580000F9049814423A9F080E291E7909349100C
:10A590008093481051E05D8B48C082E50E94DB1734
:10A5A000882309F441C00E94201FABCF8E898D8B78
:10A5B0003CC091E09D8B39C060E070E0CB0153C09E
:10A5C000C701B6010E94E9EE87FF0EC080916101CC
:10A5D000882321F0109261010E942FC73092E90474
:10A5E0006696E1E10C9499F3C982DA82EB82FC82EF
:10A5F00000E0A0C08FE30E944343D7C020E030E0DA
:10A6000040E450E4C501B4010E9417F518160CF09F
:10A610001BC12601370118C183E50E94DB178E8B11
:10A620008111C1CF0111B9CF1D8A83E50E94DB17CB
:10A63000882331F00E94201F9093210180932001F4
:10A6400082E40E94DB17882331F00E94201F909340
:10A650001F0180931E0186E40E946417882309F479
:10A66000ABCF0E942F1F60931A0170931B01809340
:10A670001C0190931D013324339420E030E0A901A4
:10A680000E94E9EE811101C0312C3092E9040023CF
:10A6900009F4A6CFAD89AA2309F4A2CF1092E90448
:10A6A00081E08093610119861A861B861C861D86AF
:10A6B0001E861F86188A20E03CE34CE156E4298B75
:10A6C0003A8B4B8B5C8B80E090E0A0E8BFEB8983FA
:10A6D0009A83AB83BC8300E0412C512C3201609102
:10A6E0003D1170913E11072E000C880B990B0E94B2
:10A6F000EFEE6B017C0129813A814B815C810E94E4
:10A70000E9EE8823B9F02091391130913A11409146
:10A710003B1150913C119E89911152CFC701B60156
:10A720000E94E9EE082F001F0027001FC982DA826D
:10A73000EB82FC820E94D1D16B017C01DC01CB0158
:10A740002D853E854F855889821B930BA40BB50B35
:10A75000B7FD2EC0D701C60188519C4FAF4FBF4FE8
:10A760008D879E87AF87B88B812F0E944C7E8BE8A8
:10A770009AE00E944A43411451046104710409F4AF
:10A7800039CFC301B201605F784D8F4F9F4F6C1975
:10A790007D098E099F0928EE33E040E050E00E94D9
:10A7A000C4F2CA01B9010E9493248AE00E94434383
:10A7B00080E00E94294B0E94D1D16093E503709301
:10A7C000E6038093E7039093E803209139113091D9
:10A7D0003A1140913B1150913C112D833E834F83A0
:10A7E000588769817A818B819C810E94B3F34B01E8
:10A7F0005C0120E030E0A9010E9417F587FF04C04A
:10A80000B7FAB094B7F8B0944114510461047104DC
:10A8100009F0F4CE20E030E040E85FE3C501B40188
:10A820000E94E9EE87FF10C03D89412C512C320176
:10A83000332331F085E0482E8DE0582E612C712CA9
:10A840004C0C5D1C6E1C7F1C0023C1F189859A8510
:10A85000AB85BC85892B8A2B8B2B61F0D701C60178
:10A8600029853A854B855C85821B930BA40BB50B20
:10A87000B7FD24C02D813E814F81588569897A8931
:10A880008B899C890E94B3F320E030E040EC5FE3C9
:10A890000E94E9EE87FD9ACED701C601805A954104
:10A8A000AF4FBF4F89879A87AB87BC872D813E8189
:10A8B0004F815885298B3A8B4B8B5C8B8091610142
:10A8C000882309F483CE411451046104710461F0BA
:10A8D00030E1C31A37E2D30AE108F108C418D508F9
:10A8E000E608F708F7FE72CE1D8AF9CE8FE89AE0E7
:10A8F0009F938F938AE99AE09F938F931F920E9470
:10A90000AE1F0F900F900F900F900F903DCE89EFDC
:10A910009BE09F938F938AE99AE09F938F931F9276
:10A920000E94AE1F0F900F900F900F900F9041E07C
:10A930004D8B7BCEA5019401C701B6010E9417F58E
:10A9400018162CF319828FE89AE00DCEB0E0A0E043
:10A95000ECEAF4E50C9484F3EC0180EB93E00E94C4
:10A960004A43209711F4CEEBD4E010E007E0015009
:10A9700021F080E20E944343FACF812F0E94A57DFF
:10A980001F5F133099F78AE00E94434310E080E292
:10A990000E944343812F0E94A57D5E0103E080E277
:10A9A0000E944343F501C080D180E280F380A7017B
:10A9B0009601C701B6010E94D9F5882339F180E2DA
:10A9C0000E9443438DE30E9443438DE30E9443432F
:10A9D0008DE30E9443438DE30E9443438DE30E9435
:10A9E00043430150FCE0AF0EB11C0111D8CF8AE007
:10A9F0000E9443431F5F2496133049F68AE00E9469
:10AA00004343CDB7DEB7EAE00C94A0F320E030E09A
:10AA1000A901C701B6010E9417F587FD03C08BE2AB
:10AA20000E94434343E0C701B6010E94AB7DD9CFEA
:10AA3000A2E6B0E0EEE1F5E50C947CF38091B00481
:10AA4000888B8091DC039091DD03A091DE03B091AF
:10AA5000DF03AC01BD01E6E1769567955795479513
:10AA6000EA95D1F740FFF1C020E030E0A901609104
:10AA7000B1047091B2048091B3049091B4040E9427
:10AA8000E9EE811107C00E94724387E694E00E94BC
:10AA90004A43F5C08AE50E94DB178823E9F00E944B
:10AAA0002F1F6B017C0120E030E040E251ECC70138
:10AAB000B6010E9417F587FD0AC020E030E040E2B1
:10AAC00051E4C701B6010E94E9EE181674F40E9421
:10AAD00072438AE594E0DBCFC0901410D09015103B
:10AAE000E0901610F0901710DECF40E050E060ECE0
:10AAF0007FE788E50E945B1F4B015C0140E050E06E
:10AB000060EC7FE789E50E945B1F2B013C016FEF42
:10AB100089E40E94F61E182F6FEF8AE40E94F61E49
:10AB2000082FA5019401C501B4010E94D9F5811136
:10AB300059C0A3019201C301B2010E94D9F581114C
:10AB400051C02091A4043091A5044091A6045091D5
:10AB5000A704C501B4010E94B3F32091B104309160
:10AB6000B2044091B3045091B4040E942BF420E04D
:10AB700030E040E05FE30E94B4F30E9493F44B01A5
:10AB80005C01162F2091A8043091A9044091AA04D9
:10AB90005091AB04C301B2010E94B3F32091B504FC
:10ABA0003091B6044091B7045091B8040E942BF440
:10ABB00020E030E040E05FE30E94B4F30E9493F4B1
:10ABC000062F082C000C990897FC37C023E082164A
:10ABD0009104ACF5062E000C770B77FD32C0633084
:10ABE00071058CF5133008F04AC0033008F047C0F7
:10ABF00080E00E940026812F012E000C990BFC01A1
:10AC0000EE0FFF1FE80FF91FE00FF11D07FDFA958A
:10AC1000EE0FFF1FEE0FFF1FE254FB4FC082D182E9
:10AC2000E282F3820E9403298889882341F181E02E
:10AC30000E9400260E94B29622C010E0CBCF12E004
:10AC4000C9CF00E0CFCF02E0CDCF29E0B695A795E0
:10AC5000979587952A95D1F780FD0CC070E060E04C
:10AC600086E50E94231F9A838983059768F085E310
:10AC700094E00DCF80E00E9400260E948429CE59E6
:10AC8000DF4FE2E10C9498F360E084E40E940F1F30
:10AC90008F8740E050E0BA018AE50E945B1F6BA7F6
:10ACA0007CA78DA79EA740E050E669EF75E483E599
:10ACB0000E945B1F20E030E040E752E40E942BF44A
:10ACC00060936301709364018093650190936601C2
:10ACD000E0909511F0909611D7018D909D90AD90D8
:10ACE000BC9020E030E0A901C501B4010E94B4F39A
:10ACF0002B013C0120E030E040E251E40E94E9EE0B
:10AD000087FF06C0412C512CA0E26A2EA1E47A2EC6
:10AD100020E030E040EA53E4C501B4010E94B4F3FE
:10AD20006B966CAF7DAF8EAF9FAF6B9720E030E03E
:10AD300041E953E40E9417F5181654F480E090E0BE
:10AD4000A1E9B3E46B968CAF9DAFAEAFBFAF6B978D
:10AD5000D70114968D909D90AD90BC90179720E0F0
:10AD600030E0A901C501B4010E94B4F36B017C017C
:10AD700020E030E040E251E40E94E9EE87FF06C0A7
:10AD8000C12CD12CF0E2EF2EF1E4FF2E20E030E0D8
:10AD900046E953E4C501B4010E94B4F36F966CAF69
:10ADA0007DAF8EAF9FAF6F9720E030E041E953E475
:10ADB0000E9417F5181654F480E090E0A1E9B3E47E
:10ADC0006F968CAF9DAFAEAFBFAF6F9788E40E9418
:10ADD0006417882309F413C20E942F1F0E9493F462
:10ADE000A3966CAF7DAF8EAF9FAFA397A1966EADCC
:10ADF0007FADA19777FF02C06F5F7F4F7595679515
:10AE00007195619571096A567F4F072E000C880B6A
:10AE1000990B0E94EFEE4B015C01A70196010E9485
:10AE200017F5181614F475016401A3019201C50108
:10AE3000B4010E9417F5181614F0530142018B8AD1
:10AE40009C8AAD8ABE8ACF8AD88EE98EFA8EA19668
:10AE5000AEADBFADA197BD01BB0F880B990B0E9492
:10AE6000EFEE2B013C01AC019B01C701B6010E9432
:10AE7000B4F36B017C016F962CAD3DAD4EAD5FAD73
:10AE80006F970E94E9EE87FF06C06F96CCAEDDAEED
:10AE9000EEAEFFAE6F97A3019201C501B4010E940F
:10AEA000B4F36B017C016B962CAD3DAD4EAD5FAD47
:10AEB0006B970E94E9EE87FF06C06B96CCAEDDAEC5
:10AEC000EEAEFFAE6B976B968CAD9DADAEADBFADEC
:10AED0006B978B8F9C8FAD8FBE8F6F968CAD9DAD1A
:10AEE000AEADBFAD6F978F8F98A3A9A3BAA3BE01D4
:10AEF000695E7F4FCE0143960E944CCA882309F4B5
:10AF0000AFC1BE01615E7F4FCE014B960E944CCA1D
:10AF1000182F882309F4A4C12F89388D498D5A8DA3
:10AF20006F8D78A189A19AA10E94B3F320E030E04F
:10AF300040E05FE30E944EEF6B017C012B893C896E
:10AF40004D895E896B8D7C8D8D8D9E8D0E94B3F3B6
:10AF500020E030E040E05FE30E944EEF6BA37CA373
:10AF60008DA39EA3CFA2D8A6E9A6FAA689819A812D
:10AF70001816190674F483E094E00E944A438F8502
:10AF8000882321F089EF93E00E944A438AE00E94DF
:10AF900043430E941D880E94A09580E00E940026E5
:10AFA00080E090E0A0E2B1E467968CAF9DAFAEAFD9
:10AFB000BFAF6797CE018D5A9F4F0E94FEC98F8504
:10AFC000811146C02091B1043091B2044091B30484
:10AFD0005091B4046BA17CA18DA19EA10E94E9EEC9
:10AFE000811130C02091B5043091B6044091B7046E
:10AFF0005091B8046FA178A589A59AA50E94E9EEA1
:10B00000811120C02091A4043091A5044091A60490
:10B010005091A7046B897C898D899E890E94E9EEF5
:10B02000811110C02091A8043091A9044091AA0474
:10B030005091AB046F89788D898D9A8D0E94E9EECD
:10B04000882331F080E00E9400260E948429188A1B
:10B0500060E085E40E940F1F01E0811101C003E060
:10B060001B861C861D861E861A8A2224239469EC60
:10B07000A62E63E0B62E77ED872E73E0972EFA8822
:10B0800092E09F150CF4F6C06B857C858D859E85BE
:10B090009B01AC010E94D9F58111ECC0CC24C39472
:10B0A00053E0352E111105C0CC24CA9433243A94B0
:10B0B00082E01225DF2CDD0CDF0CD394898BF9881C
:10B0C0006A89F31409F4D2C0062E000C770B880BA2
:10B0D000990B0E94EFEE2FA138A549A55AA50E9411
:10B0E0004EEF2F89388D498D5A8D0E94B4F32B0174
:10B0F0003C016F2DFF0C770B880B990B0E94EFEE34
:10B100002BA13CA14DA15EA10E944EEF2B893C8951
:10B110004D895E890E94B4F36B837C838D839E830B
:10B120004F82588669867A8689819A81892B91F027
:10B1300085EE93E00E944A438D2D0E94A57D83EE0B
:10B1400093E00E944A4389E00E94A57D80EE93E04F
:10B150000E944A431F9289E08F931F92DF92BF9211
:10B16000AF929F928F921F920E94AE1F2981402F13
:10B17000BE01695F7F4FCE0103960E9480CB2B01F9
:10B180003C014B865C866D867E860FB6F894DEBFEA
:10B190000FBECDBFAC019B010E94D9F5811163C0E8
:10B1A000E9888E2DEE0C990B2A897C01EE0CFF1C90
:10B1B000E80EF91EE20EF11C27FDFA94EE0CFF1CBE
:10B1C000EE0CFF1CE1E0F0E0EC0FFD1FEE0EFF1EA9
:10B1D000A30192016BA57CA58DA59EA50E94B4F349
:10B1E000D7019E966D937D938D939C93D197188AEA
:10B1F00081E00E94294BD39489898C0D5FCFB701E0
:10B20000A60186E40E945B1F6B017C01B301A201D1
:10B210008CE40E945B1F6B8B7C8B8D8B9E8BCF8A0B
:10B22000D88EE98EFA8E6F964CAD5DAD6EAD7FAD6A
:10B230006F9782E40E945B1F6B017C016B964CADA3
:10B240005DAD6EAD7FAD6B9782E50E945B1F6B8F2E
:10B250007C8F8D8F9E8FCF8ED8A2E9A2FAA247CE87
:10B2600089E194E014CC88890E9400268A898F5F46
:10B270008A8B05CF0E942FC70E94F725882359F09B
:10B2800088890E94002680E090E0A0ECBFE78B87D1
:10B290009C87AD87BE876B857C858D859E859B0150
:10B2A000AC010E94D9F581110FC08F85882379F0F8
:10B2B000CE018F964BDB8F85882319F088898823F0
:10B2C00019F081E00E9400260E948795B3CCBE0150
:10B2D0006D5E7F4FCE0183960E94172984E2FE01A6
:10B2E000BF96AEEBB4E001900D928A95E1F70E9413
:10B2F000032990E080E0DECFABE4B0E0E2E8F9E5DE
:10B300000C947CF32C968FAF2C972091C1032CAB1F
:10B3100081E08093C1038091E4038D3409F40CC56E
:10B32000843511F40C94976E873491F48091E20384
:10B330009091E3038D31910509F439C308F0ABC155
:10B340008430910509F4CDC230F4029708F421C28B
:10B350000E942EDF9FC28531910509F49BC24C9754
:10B36000B9F787E00E944092811111C08091DC03FF
:10B370009091DD03A091DE03B091DF032EE0B6953E
:10B38000A795979587952A95D1F780FD83C20E944E
:10B390001D88109235016091B0048CE40E940F1F4B
:10B3A000A82E80E00E9400260E94D1D16093E50380
:10B3B0007093E6038093E7039093E8030E94A095BF
:10B3C00081E0809325060E94A897C090DC03D0906E
:10B3D000DD03E090DE03F090DF0389E1F694E7946B
:10B3E000D794C7948A95D1F7C0FE0DC081E00E9422
:10B3F0004092182F82E00E94409211110C94DE6E50
:10B4000011E0811101C010E08091DC039091DD0317
:10B41000A091DE03B091DF0307E1B695A79597955C
:10B4200087950A95D1F780FF02C00C94BA6E11116E
:10B4300098C28091DC039091DD03A091DE03B0916E
:10B44000DF033B2F3170B32E31138DC28C2D8170F1
:10B45000B12E811388C211E0BB24B39401E082E5D0
:10B460000E94DB17F82E60E070E080E291E4F110BA
:10B470000E942F1F6CA37DA38EA39FA320E030E02A
:10B48000A901F1100C94C06E11110C94DB6EB11077
:10B490000C94DB6E0E94E9EE882309F467C2002356
:10B4A00009F466C2CE0184960E94FEC90E942F4212
:10B4B0000E94EA41112309F45CC0BB2009F456C084
:10B4C00010920C1010920D1010920E1010920F107E
:10B4D000109210101092111010921210109213105E
:10B4E0000E94759680E396E4A2EEB1E488A399A346
:10B4F000AAA3BBA386E399E10E94F12520E030E0F6
:10B5000040EC5FE30E944EEF905869837A838B830F
:10B510009C8382E399E10E94F12520E030E040EC39
:10B520005FE30E944EEF90586C8F7D8F8E8F9F8FC0
:10B530009E01205E3F4F44E150E1BE016F5F7F4FAF
:10B54000CE014C960E94BF950E94879A10920C10D3
:10B5500010920D1010920E1010920F1010921010E9
:10B5600010921110109212101092131080E00E948D
:10B570006399BB2019F081E00E946399002309F4CC
:10B58000F7C183E00E94D6B38111F2C10E94759683
:10B590008091141090911510A0911610B091171071
:10B5A00080938E0490938F04A0939004B0939104A1
:10B5B0000091951110919611D8012D913D914D91C9
:10B5C0005C9160E070E086E193E40E94B3F36B016C
:10B5D0007C01C0928604D0928704E0928804F092A5
:10B5E0008904F801248135814681578160E070E04B
:10B5F00086E193E40E94B3F32B013C0140928A045C
:10B6000050928B0460928C0470928D0427E137EB8A
:10B6100041ED58EB0E9417F587FDBDC123E030E0F6
:10B6200046E953E4C301B2010E94E9EE18160CF496
:10B63000B2C127E137EB41ED58EBC701B6010E94DB
:10B6400017F587FDA8C123E030E040EA53E4C701C5
:10B65000B6010E94E9EE18160CF49DC11C8E1D8ED9
:10B660001E8E1F8E88E0E6E8F4E0DE011196019060
:10B670000D928A95E1F79E01245E3F4F44E150E12F
:10B68000BE016B5F7F4FCE0101960E94BF9582E0A5
:10B690000E9463996DC18A35910509F43EC330F566
:10B6A0008E31910509F4B4C18A9709F051CE809189
:10B6B0002C06833008F4EEC089E40E94DB17F82ED4
:10B6C00000E0882319F00E94201F082F8AE40E94BE
:10B6D000DB17E82E882309F40EC20E94201F182FC2
:10B6E000F1100CC2133008F00BC211C28B3591055A
:10B6F00009F416C38C35910509F02ACE61E9262E8E
:10B7000061E0362E7CE0E72E70E1F72EC12CD12CC3
:10B7100010E0D1018D911D010E94DB17082F8823B5
:10B7200051F10E942F1F2B013C01F7012081318133
:10B73000428153810E94B3F34B015C012DEB37E34F
:10B7400046E855EB0E9417F587FD0AC02DEB37E35D
:10B7500046E855E3C501B4010E94E9EE18165CF411
:10B76000133011F0C02E0D2DD7014D925D926D92C8
:10B770007C921397D02E1F5FB4E0EB0EF11C1430B7
:10B7800041F6CC2009F4D0C20E9475960E94B29670
:10B7900081C080912C06833008F47CC031E9A32E4F
:10B7A00031E0B32E46E8C42E44E0D42E5CE0E52E12
:10B7B00050E1F52E10E0D5018D915D010E94DB175F
:10B7C000882309F472C00E942F1F2B013C01812F96
:10B7D0000E943D17882359F0F70120813181428171
:10B7E0005381C301B2010E94B4F32B013C01D60185
:10B7F0004D925D926D927C9213971F5FF4E0CF0E95
:10B80000D11C24E0E20EF11C1330A9F685E40E945D
:10B81000DB17882309F454C00E942F1F6B017C01A1
:10B8200083E00E943D17882371F020911810309119
:10B83000191040911A1050911B10C701B6010E94B7
:10B84000B4F36B017C01C0929204D0929304E09215
:10B850009404F092950440E050E0BA0186E40E941E
:10B860005B1F20E030E0A9010E9417F5181684F450
:10B870000E942F1F20E030E040E752E40E942BF4AA
:10B88000609328017093290180932A0190932B01E2
:10B890000E945B922C969FAD2C97911102C00E9442
:10B8A0005743ACA9A093C103AEC3F7018081918136
:10B8B000A281B381F60180839183A283B3839DCF5C
:10B8C0008091181090911910A0911A10B0911B102E
:10B8D0008093920490939304A0939404B09395045E
:10B8E000BACF80E50E94DB17C12CD12C76018823CA
:10B8F00021F00E94C51E6B017C0183E50E94DB17CD
:10B90000882361F00E942F1F20E030E04AE754E4D2
:10B910000E944EEF0E9498F46B017C010E941D88EA
:10B92000C114D104E104F10409F4B4CF80914A10A8
:10B93000811105C060E081E196E00E94D51F0E9460
:10B94000D1D1C60ED71EE81EF91E0E94D1D16C19A6
:10B950007D098E099F0997FF9DCF80E00E94294BAA
:10B96000F4CFB12E10E00C2D017079CD01119ECDD8
:10B970000E9475968091240680932506AA2019F0CE
:10B9800081E00E9400260E94879583E080936201F7
:10B990000E94B2967FCF60E08CE296E00E94D51FB5
:10B9A0000E9475438AE196E00E944A43E1CF0E94DB
:10B9B000D1D16093E5037093E6038093E7039093FE
:10B9C000E8038091B00481111CC08091DC03909148
:10B9D000DD03A091DE03B091DF03FDE0B695A795EE
:10B9E00097958795FA95D1F780FF04C08DE396E08F
:10B9F0000E94E26E87E00E94D6B381114BCF18D827
:10BA000049CF60E08FE40E940F1F8823F1F242CFFC
:10BA100088E50E94DB17882309F451C00E942F1F7C
:10BA200069837A838B839C8389E50E94DB17882353
:10BA300009F44EC00E942F1F6D837E838F839887E9
:10BA4000BE016B5F7F4FCE0101960E944CCA8823D6
:10BA500009F447C080E00E9400260E94A09561E0A2
:10BA600085E40E940F1F21E0482FBE016B5F7F4FCE
:10BA7000CE0101960E9480CB6B017C01AC019B0141
:10BA80000E94D9F5811116C049815A816B817C8150
:10BA90008EE596E00E94B6434D815E816F81788588
:10BAA00089E596E00E94B643B701A60184E596E0D9
:10BAB0000E9405440E9487950E94B296EBCE609149
:10BAC0000C1070910D1080910E1090910F10A8CF56
:10BAD00060911010709111108091121090911310BC
:10BAE000ABCF83E496E00E94FE4960E083E496E0F9
:10BAF0000E94D51FCFCE10E0FF2049F0033028F080
:10BB000086E696E00E944A43C5CEE110EBCD80E187
:10BB1000ECE0F0E1A6E8B4E001900D928A95E1F73F
:10BB2000FF2011F1602F70E090E080E00E94EFEEC6
:10BB30002091B1043091B2044091B3045091B40407
:10BB40000E944EEF2091A4043091A5044091A604D8
:10BB50005091A7040E94B4F3609386047093870405
:10BB60008093880490938904EE2011F1612F70E096
:10BB700090E080E00E94EFEE2091B5043091B60491
:10BB80004091B7045091B8040E944EEF2091A80450
:10BB90003091A9044091AA045091AB040E94B4F3DF
:10BBA00060938A0470938B0480938C0490938D042B
:10BBB0008091DC039091DD03A091DE03B091DF035F
:10BBC000EFE0B695A79597958795EA95D1F780FF11
:10BBD00038C0FF20D1F0E0919511F09196112081AD
:10BBE00031814281538160918604709187048091F4
:10BBF0008804909189040E94B3F360938604709343
:10BC000087048093880490938904EE20D1F0E0911A
:10BC10009511F0919611248135814681578160916B
:10BC20008A0470918B0480918C0490918D040E9401
:10BC3000B3F360938A0470938B0480938C04909385
:10BC40008D0440E050E0BA0186E40E945B1F6B0166
:10BC50007C0120E030E0A9010E9417F518160CF0D5
:10BC600058C020E030E040E752E4C701B6010E942E
:10BC70002BF46B017C018090280190902901A09009
:10BC80002A01B0902B01009126011091270184E632
:10BC900090E0909327018093260140906701509097
:10BCA00068016090690170906A0180E090E0A0E80E
:10BCB000BFE38093670190936801A0936901B093FB
:10BCC0006A0120E030E0A901C701B6010E94E9EE57
:10BCD000882341F0C0922801D0922901E0922A01E4
:10BCE000F0922B010E945B92409267015092680192
:10BCF0006092690170926A011093270100932601F6
:10BD00008092280190922901A0922A01B0922B01E1
:10BD1000C1CDC12CD12C7601AECF1092EC11BACD91
:10BD20008FE08093EC11B6CDDD2009F42FCD88E1B2
:10BD300090E10E94C1902ACD8091E2039091E303AB
:10BD40008537910511F40C94216708F09BC18C3460
:10BD5000910509F434C608F0EAC08831910509F468
:10BD60004EC408F0BAC08231910509F43FC708F00B
:10BD70006EC08230910508F4A1C3419709F0E8CA6A
:10BD80000E945317882309F400C40E94B21700913F
:10BD9000E204102F1095182309F47CCDF12CE12C2E
:10BDA000D12CA12EB12CC5010E2C02C095958795E2
:10BDB0000A94E2F780FF08C08E2D0E943183F701BC
:10BDC000E25EFD4F8081D82A4FEFE41AF40A53E077
:10BDD000E516F10441F713FF05C00E94F3828D2D93
:10BDE0008360D82E102B10951D2109F453CD88E2C5
:10BDF0000E944343F12CE12CC12ED12CC6010E2C04
:10BE000002C0959587950A94E2F780FF09C0F70173
:10BE1000EF56FE4F80810E94434380E20E944343DD
:10BE20009FEFE91AF90AA3E0EA16F10439F713FFC4
:10BE300009C085E40E94434380E30E94434380E2BB
:10BE40000E94434382E996E00E944A4323CD853114
:10BE5000910509F4B2C358F5449709F079CA809165
:10BE6000061384FFA3C389EB96E00E944A438091A6
:10BE7000061384FF17C08CED90E10E94357B8BE1A7
:10BE8000ECEDF0E1DE01119601900D928A95E1F75B
:10BE900070E060E0CE0101960E949EDFCE01019627
:10BEA0000E943A7B8AEA96E00E944A43F3CC8631AC
:10BEB000910509F485C3479709F04ACA8091E003C8
:10BEC0009091E103FC012191222309F494C32032D3
:10BED000D1F7DF0111971C92F6CF8D31910509F44E
:10BEE00029C4A0F48A31910509F4AFC308F492C3C0
:10BEF0008B31910509F4C4C34C9709F029CA80918C
:10BF0000E0039091E1030E945CDFC4CC8F31910586
:10BF100009F4AFC408F414C48032910509F469C46B
:10BF20008B34910509F014CA0E94E29AB3CC8A3688
:10BF3000910509F463C508F06BC08435910509F4D7
:10BF400055C6D8F48135910509F433C638F48D34DB
:10BF5000910509F0FDC90E94049B9CCC8235910596
:10BF600009F43CC68335910509F0F2C98091EC11C2
:10BF70008F7E80628093EC118DCC8C35910509F415
:10BF8000CEC638F58535910509F0E2C983E50E94F2
:10BF90006417882309F47ECC0E94D1D16093E50315
:10BFA0007093E6038093E7039093E8030E942F1FAA
:10BFB00020E030E04AE754E40E944EEF0E9498F4FB
:10BFC0006093BD037093BE038093BF039093C0033F
:10BFD00061CC8836910509F407C58936910509F0C9
:10BFE000B7C90E948F43182F87FD0AC084E997E0E4
:10BFF0000E944A43812F0E944C7E8AE00E94434364
:10C00000BCA9B093C103C55BDF4FE2E10C9498F388
:10C010008F36910509F437C5F8F48C36910509F48B
:10C020006EC508F425C58D36910509F4E2C48E3637
:10C03000910509F08DC98EE40E94DB17882309F46D
:10C0400029CC0E94D51E6093170C7093180C809316
:10C05000190C90931A0C1ECC8137910509F460C518
:10C0600008F453C58237910509F4E3C68337910577
:10C0700009F06EC98CEC97E00E944A438AE00E9466
:10C08000434308CC8D32E1E09E0711F40C94B26A70
:10C0900008F0F1C0883C910509F4A2C760F5893722
:10C0A000910509F41DC770F48737910509F414C789
:10C0B00008F4D7C681E080932506809324060E9469
:10C0C000A897E8CB8139910509F412C740F48C3860
:10C0D000910509F03DC980E00E947850DBCB8B3997
:10C0E000910509F43FC58E3B910509F031C981E006
:10C0F0000E947850CFCB833D910511F40C943D699B
:10C10000A8F58B3C910509F4D3C7B0F4893C91059F
:10C1100009F01EC98091DC0384FDA0C78091DE0375
:10C12000887809F09BC78091DF03837009F096C778
:10C1300081E00E949E49AECB8C3C910509F4ECC78E
:10C140008D3C910509F004C98091DC039091DD03D9
:10C15000A091DE03B091DF03892B8A2B8B2B11F08A
:10C160000C94E16881E00E94214994CB8D3D9105BA
:10C1700011F40C94FD69F8F48C3D910509F0E8C8C0
:10C180008091DC039091DD03A091DE03B091DF0389
:10C1900060912601709127010097A105B10511F06A
:10C1A0000C94D16980E099E00E94E3498DEF98E01A
:10C1B0000E944A436FCB883121E0920711F40C941E
:10C1C000546A8232914009F0C3C88AE50E94DB17A5
:10C1D000882311F40C94996A0E942F1F20E030E00C
:10C1E00040E050EC0E94E9EEC12CD12CE12C50EC47
:10C1F000F52E87FD13C00E942F1F20E030E040E0A5
:10C2000050E40E9417F5C12CD12CE12C40E4F42E0F
:10C21000181624F00E942F1F6B017C018090B90634
:10C220009090BA06A090BB06B090BC0684E00E9435
:10C23000409281110C949F6AA5019401C701B60137
:10C240000E944EEF0E9493F420917604309177047F
:10C25000260F371F30937704209376042091EB0448
:10C260003091EC04C901860F971F9093EC048093E2
:10C27000EB040C949F6A843F41E0940711F40C9402
:10C28000816D08F0A9C08139A1E09A0711F40C94DE
:10C29000916BB0F48F32E1E09E0711F40C948D6B3A
:10C2A00010F40C94476B803321E0920711F40C9446
:10C2B000FD6A8039914009F04BC80E941D88EACA86
:10C2C0008A3941E0940709F427C448F4823991403F
:10C2D00009F03EC80E94F7250E94B296DBCA843A54
:10C2E000B1E09B0711F40C94BC6B853A914009F0C6
:10C2F0002FC86FEF7FEF89E40E94231F8C016FEF3F
:10C300007FEF8AE40E94231F7C018AE50E94DB17ED
:10C31000B12C811108C081E50E94DB17B82E88235B
:10C3200011F40C94D36EA02E81E0800F843010F0B5
:10C330000C94796D9E2C81E08E0D843010F00C945D
:10C34000796D102F0E942F1F2B013C01802E07FDBD
:10C35000812C17FF02C042E0A42E8E2DE7FCE12CB9
:10C3600087FF02C032E0932EA81410F40C94756D70
:10C37000FE2C882D90E06C01CC0CDD1CC80ED91E63
:10C380009F1410F40C94726D0F2D10E020E030E03B
:10C39000A901BB2069F0F601E00FF11FEE0FFF1FAE
:10C3A000EE0FFF1FE254FB4F208131814281538108
:10C3B0000C0D1D1D000F111F000F111F02541B4FEC
:10C3C000C301B2010E94B4F3D8016D937D938D93A4
:10C3D0009C931397F394D4CF8C30F2E09F0711F421
:10C3E0000C94976D00F5863F31E0930711F40C949F
:10C3F000896D10F40C94856D873F51E0950711F419
:10C400000C948D6D883F914011F00C94A8590E94B6
:10C41000F1AE882309F43ECA0E94754383EE99E089
:10C420000E944A4337CA803AB3E09B0709F414C21A
:10C43000A8F48335934011F00C94A8598091DE0341
:10C4400087FF02C00C94AF6D8091DF03837011F001
:10C450000C94AF6D81E00E94014A1CCA873E23E024
:10C46000920711F40C94806E893E934011F00C9465
:10C47000A8590E941D8880910613877F8B7F809327
:10C4800006138091FC1281110C94906E0E94959A73
:10C490006D3371058105910520F08AE59AE00E94CF
:10C4A000E26E86E59AE00E94E26E82E49AE00E94E3
:10C4B0004A438EE39AE00E94E26EECC980E50E9456
:10C4C000DB17C12CD12C7601882321F00E94C51ED8
:10C4D0006B017C0183E50E94DB17882361F00E94D9
:10C4E0002F1F20E030E04AE754E40E944EEF0E9404
:10C4F00098F46B017C010E941D888091E00390916B
:10C50000E103009711F10E9406C71091C10383E077
:10C510008093C10381E080932E04C114D104E1040F
:10C52000F10431F00E94D1D1C60ED71EE81EF91ECB
:10C5300080912E048823B9F0C114D104E104F104E0
:10C5400051F480E00E94294BF3CF60E08FE796E042
:10C550000E94D51FDACF0E94D1D16C197D098E09B6
:10C560009F0997FDEECF10922E048091290482FF3F
:10C5700007C062E370E080E090E00E94BD29F5CF43
:10C580001093C1030E942FC785C960E081EA96E03D
:10C590000E94D51F80E00E94318381E00E94318398
:10C5A00082E00E9431830E94F38274C90E94754325
:10C5B0008AEC96E00E944A436DC90E9493DD6AC9E5
:10C5C0008091061382FF02C087FF64C90E9483D551
:10C5D000809106138F7E8064809306138FEF9FEF08
:10C5E00090935601809355010E94754384ED96E027
:10C5F0000E944A434FC960E00E9449E04BC90E9433
:10C60000EE3A882321F00E9491D50E94E29A0E947E
:10C610002FC740C98091061382FF05C087FD03C064
:10C620008B7F8093061380914610813081F782E0E2
:10C63000809346100E94D1D160938204709383044A
:10C640008093840490938504E2CF8091061384FF45
:10C6500021C983E50E94DB17882309F41BC90E94C6
:10C66000D51EAB01BC01409302135093031360939A
:10C6700004137093051386EA90E10E946CD90AC9ED
:10C680008091DC039091DD03A091DE03B091DF0384
:10C6900052E0B695A795979587955A95D1F780FF63
:10C6A0001CC080EF96E00E944A438091A910882325
:10C6B00079F0BE016F5F7F4F86EA90E10E94297A90
:10C6C000CE0101960E9477D58AE00E944343E2C8DA
:10C6D00086EE96E00E944A43F7CF8091061382FDD2
:10C6E00004C00E94BF40882301F1C0900213D09083
:10C6F0000313E0900413F090051380E197E00E948B
:10C700004A43C701B6010E9457C78FE20E944343C4
:10C710006091FE127091FF128091001390910113AD
:10C720000E9457C70E9471D5B5C88FEF96E00E944E
:10C730004A43B0C8809106138E7F80930613AAC81F
:10C740008091061384FFA6C80E9456D980910613D3
:10C7500084FFA0C84091E0035091E103BE01645EF4
:10C760007F4F80E00E94F9DD8C01009709F492C8A8
:10C770006C8D7D8D19821C8222E0AC01CE01019668
:10C780000E943F7B811117C0F12CCE0101960E94BF
:10C790003A7BB801FF2021F18DE397E00E943CDF56
:10C7A00010920213109203131092041310920513A7
:10C7B0000E9497DC6FC8CE0101960E94F1D98823B0
:10C7C00019F361E0CE0101960E940F7A0097E1F221
:10C7D00025EEFC0120831C820E94EED5F82ED5CFD9
:10C7E00085E297E00E941F4B82E297E00E944A4355
:10C7F00051C88091061382FF03C087FF0E941D88E5
:10C800008091061384FF46C860E080E50E940F1FF8
:10C81000182F682F8091E0039091E1030E9449E076
:10C8200083E50E94DB17882381F00E94D51EAB01AF
:10C83000BC0140930213509303136093041370934D
:10C84000051386EA90E10E946CD90E9491D51111DE
:10C8500021C80E94E29A1EC82091E0033091E103B2
:10C8600090910613926090930613C9010E945CDFB9
:10C8700011C80E94959A6B017C0120E831E541E0E6
:10C8800050E00E94C4F2C9016DE671E00E943AF3E3
:10C890004B015C01C701B60120E13EE040E050E001
:10C8A0000E94C4F2CA01B90128E130E040E050E042
:10C8B0000E94C4F22B013C011B01C701B6012CE30D
:10C8C00030E040E050E00E94C4F26B017C01CA01FC
:10C8D000B9012CE330E040E050E00E94C4F28E0148
:10C8E0000F5F1F4F8114910419F1DF92CF927F9354
:10C8F0006F935F924F92BF92AF929F928F9283E716
:10C9000097E09F938F931F930F930E9482EE0FB631
:10C91000F894DEBF0FBECDBFC8010E9406C70E94BB
:10C920007543B80187E897E00E943CDF0C944A5CAD
:10C93000A114B10489F0DF92CF927F936F935F923D
:10C940004F92BF92AF9283E697E09F938F931F938E
:10C950000F930E9482EEDBCF4114510479F0DF92F5
:10C96000CF927F936F935F924F9287E597E09F936B
:10C970008F931F930F930E9482EEC9CF61157105AB
:10C9800069F0DF92CF927F936F938FE497E09F934C
:10C990008F931F930F930E9482EEB9CFDF92CF92B5
:10C9A0008BE497E09F938F931F930F930E9482EEE7
:10C9B0000F900F900F900F900F900F90ADCF809130
:10C9C0004610813011F00C944A5C82E0809346104E
:10C9D0000E94D1D160938204709383048093840475
:10C9E000909385040C944A5C80E00E9458520C9409
:10C9F0004A5C81E00E9458520C944A5C60E080E5F9
:10CA00000E94F61E81110C944A5C8091DC03909187
:10CA1000DD03A091DE03B091DF0360918906062F4C
:10CA200010E080FD02C00FEF10E089E40E94DB17E8
:10CA3000882311F40C94C76E0E94E51E90E018162E
:10CA4000190614F481E090E026E0289FF001299F68
:10CA5000F00D1124E25DF94F048115810F3F11059E
:10CA600019F010F00FEF10E0009389060C944A5C67
:10CA700060E080E50E94F61E81110C944A5C1092E1
:10CA800089060C944A5C83E50E94DB17882321F019
:10CA90000E94E51E80939C060E94754385EA97E0FC
:10CAA0000E944A4380919C06882331F110E000E007
:10CAB00020E080919C0690E0002E02C0959587951D
:10CAC0000A94E2F780FF12C0FF24F394F20E2223AF
:10CAD00019F08CE20E944343F801EE0FFF1FE55668
:10CAE000F84F859194910E944A432F2D0F5F1F4F5D
:10CAF00005301105F1F6E8CD87E997E0EBCD10920E
:10CB00002E04109261010C944A5C41E070E060E0F8
:10CB10008CEA97E00E942D4A0E948E960C944A5C03
:10CB200083E50E94DB17882369F00E94E51E8D33A0
:10CB300020F480930A010C944A5C8CE380930A01F0
:10CB40000C944A5C0E94754310910A018AEB97E0AD
:10CB50000E944A43812F0E94A57D8AE00E944343A0
:10CB60000C944A5C83E50E94DB17882311F40C9433
:10CB70004A5C0E94E51E182F8C3308F08CE38093EA
:10CB8000BC030E94D1D16B017C01212F30E0A8EEC3
:10CB9000B3E00E9412F3C60ED71EE81EF91EC09223
:10CBA000B803D092B903E092BA03F092BB030C949D
:10CBB0004A5C0E942E88109289060E94EA7E0E949A
:10CBC000049B68EE73E080E090E00E94BD2960E085
:10CBD00081EC97E00E94D51F0C944A5C8091EC1187
:10CBE0008F7D80618093EC110C944A5C83E50E94F8
:10CBF000DB178823F1F00E94D1D16093E503709395
:10CC0000E6038093E7039093E8030E942F1F20E040
:10CC100030E04AE754E40E944EEF0E9498F460939B
:10CC20000B0170930C0180930D0190930E010C94F5
:10CC30004A5C0E945317882309F46DC00E941D8826
:10CC40000E94B217A82EB090E204B82211F40C94FE
:10CC50004A5C10E000E0E82EF12CCC24C394D12CE7
:10CC6000C701002E02C0959587950A94E2F780FFD0
:10CC700012C0802F0E94FA82882369F0F801E25ED8
:10CC8000FD4F80819601002E01C0220F0A94EAF721
:10CC9000822B8095B8220F5F1F4F0330110501F7DB
:10CCA000A3FE07C00E94E582882319F0EB2DE47FE4
:10CCB000BE2E10E000E0EB2CF12CC701002E02C0CC
:10CCC000959587950A94E2F780FF0FC0F801EF561B
:10CCD000FE4F80810E944343F801E25EFD4F908148
:10CCE0008091E20489230E9423E30F5F1F4F0330EA
:10CCF000110519F7B3FC02C00C944A5C85E40E944C
:10CD0000434380E30E9443438091E20483700E9486
:10CD100023E30C944A5C0E942E880C944A5C0E9487
:10CD20008F4387FF02C00C944A5C8091DC0384FD32
:10CD300009C08091DE0387FD05C08091DF03837009
:10CD400009F472C091E9C92E91E0D92E2DE9E22EA5
:10CD500026E0F22E10E0D6018D916D010E94DB17C6
:10CD6000882349F0133089F00E942F1FF701648B4C
:10CD7000758B868B978B1F5FF4E0EF0EF11C1430E0
:10CD800051F70E94F9870C944A5C0E942F1F4B01B7
:10CD90005C0120E030E040EA51E40E94E9EE87FFC8
:10CDA0003AC0A50194016091BD067091BE068091C4
:10CDB000BF069091C0060E942BF42B013C01AC01F0
:10CDC0009B016091CD067091CE068091CF06909127
:10CDD000D0060E944EEF6093CD067093CE068093EE
:10CDE000CF069093D00660917D0670917E0680916B
:10CDF0007F06909180060E94EDEEA30192010E94B1
:10CE00004EEF0E9498F460937D0670937E068093A7
:10CE10007F06909380068092BD069092BE06A092F7
:10CE2000BF06B092C006A7CF81E00E94D1C90C9482
:10CE30004A5C0E949EC88CE991E10E942B820C946E
:10CE40004A5C8091E0039091E103009709F4DFCB05
:10CE5000DC012C91222309F4DACB0E9406C70C9442
:10CE60004A5C0091E0031091E10394E0F12C40E072
:10CE70009150F9F0F8018081282F2B7F213499F40B
:10CE800021812133B1F4813421F1853409F441E069
:10CE900098012E5F3F4F89012F5F3F4FF80180813E
:10CEA0008032C9F3E5CF803521F4818180538A3007
:10CEB00078F341110E947543FF2021F084E998E046
:10CEC0000E944A43C8010E9477D50E9471D50C94F4
:10CED0004A5CFF24F394DCCF0E946A970C944A5C6E
:10CEE00010922506109224060E94A8970C944A5C82
:10CEF00070E060E083E50E94231F823040F00E94D2
:10CF0000724387E998E00E944A430C944A5C8C0182
:10CF1000112788E40E94DB178823E9F00E94201F74
:10CF200020913201309133018217930754F00E940F
:10CF3000201F24E031E0853091401CF40E94201F26
:10CF40009C0186E0809FF001819FF00D1124E25D3D
:10CF5000F94F3183208382E40E94DB178823A9F0F4
:10CF60000E94201F059784F10E94201F8F36910593
:10CF700074F50E94201F26E0209FF001219FF00DF4
:10CF80001124E25DF94F9383828386E40E94DB17CC
:10CF9000882311F40C944A5C0E94201F97FD1AC04C
:10CFA0000E94201F8F3F910509F0BCF40E94201FB2
:10CFB00026E0209FF001219FF00D1124E25DF94F42
:10CFC000958384830C944A5C85E090E0D4CF8EE610
:10CFD00090E0D1CF90E080E0EBCF8FEF90E0E8CF12
:10CFE0008091DC0383FD09C08091DE038C7029F4FD
:10CFF00081E00E94F8480C944A5C0E948F43182FED
:10D0000087FF02C00C944A5C0091BD0484E40E9436
:10D01000DB17F82E8823B1F00E942F1F4B015C0113
:10D0200020E030E0A9010E94E9EE8823A9F024E085
:10D030001202F0011124E754FB4F80829182A282F8
:10D04000B3820F2D602F83E50E940F1F8093BD04D4
:10D050000E9452710C944A5C80E0F8CF0E948F438A
:10D0600087FF02C00C944A5C01E911E0BDE9EB2E98
:10D07000B6E0FB2E85E9C82E81E0D82ED8018D912F
:10D080008D010E94DB17882359F00E942F1F0E94F8
:10D0900098F4F70160837183828393830E94B5873C
:10D0A000F4E0EF0EF11CC016D10641F70C944A5C77
:10D0B0008091DC0384FD0DC08091DE03887849F403
:10D0C0008091DF03837029F481E00E9475490C94FC
:10D0D0004A5C0E948F4387FF02C00C944A5CA1E91E
:10D0E000EA2EA1E0FA2E10E000E0D7018D917D013B
:10D0F0000E94DB17882349F00E942F1FF801E35696
:10D10000F94F64A375A386A397A30C5F1F4F00314B
:10D11000110559F70C944A5C8091DD0387FD09C025
:10D120008091DE038E7029F481E00E9455490C94B1
:10D130004A5C83E50E94DB17882391F00E942F1F31
:10D140006093D1067093D2068093D3069093D40651
:10D150006093D9067093DA068093DB069093DC0621
:10D1600080E50E94DB17882351F00E942F1F6093F7
:10D17000D1067093D2068093D3069093D40682E5AD
:10D180000E94DB17882351F00E942F1F6093D50661
:10D190007093D6068093D7069093D80684E50E94B4
:10D1A000DB17882311F40C944A5C0E942F1F6093B4
:10D1B000D9067093DA068093DB069093DC060C9414
:10D1C0004A5C82E40E94DB17882351F00E94C51E4E
:10D1D0006093AD067093AE068093AF069093B00651
:10D1E00083E50E94DB17882351F00E942F1F609374
:10D1F000DD067093DE068093DF069093E00684E5FB
:10D200000E94DB17882351F00E942F1F6093E106D4
:10D210007093E2068093E3069093E4068AE40E940A
:10D22000DB17882311F40C944A5C0E942F1F6B01BA
:10D230007C012AE037ED43E25CE30E9417F587FDAD
:10D2400014C02AE939E949E95EE3C701B6010E9441
:10D25000E9EE181654F0C0926D06D0926E06E09278
:10D260006F06F09270060C944A5C0E94724389EB40
:10D2700098E00E944A430C944A5C83E50E9464173C
:10D28000882331F00E94001F809334010C944A5C83
:10D2900010913401105D84EF98E00E944A43812F81
:10D2A0000E94434380EF98E00E944A4380913401FA
:10D2B0000E94684320913601309137014091380136
:10D2C0005091390128A739A74AA75BA740903A0196
:10D2D00050903B0160903C0170903D0180903E0178
:10D2E00090903F01A0904001B0904101C090420158
:10D2F000D0904301E0904401F090450180914601B7
:10D3000090914701A0914801B09149018CA79DA738
:10D31000AEA7BFA720914A0130914B0140914C012B
:10D3200050914D0128AB39AB4AAB5BAB88EE98E02E
:10D330000E944A4348A559A56AA57BA588ED98E0B7
:10D340000E94B643B301A2018DE599E20E94B64363
:10D35000B501A4018AE599E20E94B64386EE98E001
:10D360000E944A438EED98E00E944A43B701A6010D
:10D3700088ED98E00E94B6434CA55DA56EA57FA5FB
:10D380008DE599E20E94B64348A959A96AA97BA9EB
:10D390008AE599E20E94B6438AE00E9443430C94D6
:10D3A0004A5C8C019D01F1E136952795179507950B
:10D3B000FA95D1F700FF08C020910F0130911001BC
:10D3C0003093270120932601B695A79597958795C9
:10D3D00080FF04C07093100160930F0183E50E94E9
:10D3E000DB17882311F40C944A5C0E94201F909351
:10D3F0002701809326010C944A5C0E948F43082FDA
:10D4000087FF02C00C944A5C83E50E94DB17002E64
:10D41000000C110B7801EE0CFF1C882359F10E94BF
:10D42000201FF701E45DFE4F91838083000F111FE1
:10D43000000F111FA80149595E4F7A01BC01990FD5
:10D44000880B990B0E94EFEE2AE037ED43E25CE394
:10D450000E944EEF0A561B4FD8012D913D914D91E0
:10D460005C910E944EEFF701608371838283938306
:10D470000C944A5C0E94754385E40E94434380E318
:10D48000800F0E944343F701E45DFE4F608171818C
:10D4900084E099E00E94E34985E20E9443438AE0E8
:10D4A0000E9443430C944A5C80E50E94DB1788236A
:10D4B00011F40C944A5C0E94201F8C01892B61F5A9
:10D4C00083E50E94DB17882389F00E94201F97FDC7
:10D4D00007C0BC0186E891E10E94F8400C944A5CC8
:10D4E00086E891E10E94D9400C944A5C0E94754301
:10D4F00070E060E08FE099E00E94E34986E891E106
:10D500000E94E717BC018CE099E00E94E3498AE0A1
:10D510000E9443430C944A5C0E947243B80186E225
:10D5200099E00E94E34987E199E00E944A430C9404
:10D530004A5C83E50E94DB1781110C94EC608091BA
:10D54000DE0387FD08C08091DF03837021F40E9411
:10D5500075430C944A5C82E50E9464178111F7CFF1
:10D560000C944A5C8091DC0383FD09C08091DD034B
:10D57000817829F481E00E94C7430C944A5C80E5DD
:10D580000E94DB17882351F00E942F1F60935511D2
:10D5900070935611809357119093581189E40E940B
:10D5A000DB17882381F00E942F1F21E732EB47E22F
:10D5B0005EE30E944EEF6093591170935A1180936D
:10D5C0005B1190935C1184E40E94DB17882381F047
:10D5D0000E942F1F21E732EB47E25EE30E942BF40B
:10D5E00060935D1170935E1180935F119093601151
:10D5F00081E0809340110C944A5C8091DC0383FDB0
:10D6000009C08091DD03817829F481E00E94C84837
:10D610000C944A5C80E50E94DB17882351F00E943D
:10D620002F1F6093291170932A1180932B119093CF
:10D630002C1189E40E94DB17882381F00E942F1FA0
:10D6400021E732EB47E25EE30E944EEF60932D113B
:10D6500070932E1180932F119093301184E40E94C7
:10D66000DB17882311F40C944A5C0E942F1F21E7DA
:10D6700032EB47E25EE30E942BF46093311170932A
:10D68000321180933311909334110C944A5C83E5EA
:10D690000E946417182F882369F00E94201F9C01A4
:10D6A000909333018093320191E0232B09F090E0B5
:10D6B00090939F0480E50E946417882361F0209175
:10D6C000320130913301232B11F00E94001F80930F
:10D6D0009F040C944A5C11110C944A5C0E9475439F
:10D6E00089E499E00E944A4380919F04882391F045
:10D6F00081E399E00E944A436091320170913301C5
:10D7000088E399E00E94E34984E399E00E944A4358
:10D710000C944A5C8DE299E0EDCF0E9408440C9491
:10D720004A5CC090DC03D090DD03E090DE03F09013
:10D73000DF0337E0F694E794D794C7943A95D1F78E
:10D74000F1E0CF22DD24EE24FF2483E50E9464175C
:10D75000C114D104E104F10411F00C944A5C81116C
:10D760000C944A5C8091690681110C94C65B81E03F
:10D770000E94FA980C94C65B83E50E946417182FE8
:10D78000882309F426C10E94001F88A780910C10ED
:10D7900090910D10A0910E10B0910F108BAF9CAF17
:10D7A000ADAFBEAF2091101030911110409112100A
:10D7B0005091131023962CAF3DAF4EAF5FAF239720
:10D7C0008091141090911510A0911610B09117101F
:10D7D00027968CAF9DAFAEAFBFAF2797112331F027
:10D7E00098A5911103C080E00E9400268091DC037F
:10D7F0009091DD03A091DE03B091DF0325E1B695A2
:10D80000A795979587952A95D1F79C01AD01217031
:10D810003327442755272DAB3EAB4FAB58AF20E005
:10D8200030E0A9016091B1047091B2048091B30419
:10D830009091B4040E94E9EE882309F4CEC083E4F9
:10D840000E946417882309F495C00E942F1F2B960D
:10D850006CAF7DAF8EAF9FAF2B977EEB272E74E022
:10D86000372E810133E03CA7412C512CE8EC6E2E81
:10D87000E2EC7E2EC12CD12CF8ECEF2EF2E4FF2E40
:10D880001AAF09AF43E048ABA9ADBAAD8D909D90FA
:10D89000AD90BD90BAAFA9AFA7019601C501B40183
:10D8A0000E94E9EE87FF02C075016401A3019201A5
:10D8B000C501B4010E9417F5181614F424013501AE
:10D8C000B8A9B150B8ABB111DFCFECA5E150ECA7CE
:10D8D000045F1F4FE111D4CFA3019201C701B6012C
:10D8E0000E94B4F320E030E040E05FE30E944EEF9E
:10D8F0002B962CAD3DAD4EAD5FAD2B970E94B4F392
:10D900004B015C012DEB37E346E855EB0E9417F520
:10D9100087FD0AC02DEB37E346E855E3C501B401A6
:10D920000E94E9EE181634F580E00E94002663E0BC
:10D93000F62E810153E0E52ED8016D917D918D91F8
:10D940009D918D016D01B4E0CB1AD108A501940120
:10D950000E94B3F3F6016083718382839383EA9418
:10D96000E110EACFFA94FCE02F0E311CF110E1CF68
:10D970000E9403292DA93EA94FA958AD232B242B82
:10D98000252B99F020E030E0A9016091B10470915D
:10D99000B2048091B3049091B4040E94E9EE88230C
:10D9A00021F090E080E00E94A6548AE50E9464176E
:10D9B000882359F00E942F1F69837A838B839C836D
:10D9C00060E0CE0101960E94322688A50E940026C2
:10D9D00015C02091B00428A7D9CE28A5211108C0D0
:10D9E0008DA99EA9AFA9B8AD892B8A2B8B2BE9F203
:10D9F0000E9475438BE999E00E944A4338A533237E
:10DA000051F08091B004811106C00E9472438CE7EE
:10DA100099E00E944A430E9475438EE699E00E9475
:10DA20004A438091B0040E9468430E94754381E696
:10DA300099E00E944A43C090AC04D090AD04E090BD
:10DA4000AE04F090AF0420E030E0A901C701B601B8
:10DA50000E9417F518160CF040C042E0C701B6014D
:10DA60000E94AB7D0E9471D520910C1030910D1059
:10DA700040910E1050910F106BAD7CAD8DAD9EADF1
:10DA80000E94E9EE81110C94C65B20911010309138
:10DA90001110409112105091131023966CAD7DAD72
:10DAA0008EAD9FAD23970E94E9EE81110C94C65B69
:10DAB00020911410309115104091161050911710AC
:10DAC00027966CAD7DAD8EAD9FAD27970E94E9EE98
:10DAD00081110C94C65B0C944A5C8CE599E00E9421
:10DAE0004A43C2CF83940C94B4610E9403290C94DE
:10DAF0004A5C0E9472438AEC99E00E944A430C946B
:10DB00004A5C0E942F840C944A5C0E941AAF0C94C9
:10DB10004A5C0E94B7970C944A5C61E083E50E94DE
:10DB20000F1F91E089270E9446830C944A5C8091E4
:10DB3000061382FF0CC087FD0AC00E94EE3A909146
:10DB4000061380FB97F9909306130C944A5C84FDAE
:10DB500002C00C944A5C0E9456D90C944A5C4090D6
:10DB6000891150908A1160908B1170908C112091C6
:10DB70008D1130918E1140918F115091901128A7E5
:10DB800039A74AA75BA7C0909111D0909211E0905D
:10DB90009311F090941188E50E94DB17182F8823C9
:10DBA00009F482C00E942F1F4B015C0120E030E08D
:10DBB00046E953EC0E9417F587FD0BC020E030E0EA
:10DBC00046E953E4C501B4010E94E9EE18160CF0D1
:10DBD0006DC06CE271E08BE29AE00E94E3496CE276
:10DBE00071E086E29AE00E94E34983E29AE00E94B3
:10DBF0004A4310E089E50E94DB17882341F10E9427
:10DC00002F1F4B015C0120E030E046E953EC0E94FD
:10DC100017F587FD0BC020E030E046E953E4C5016D
:10DC2000B4010E94E9EE18160CF043C06CE271E0FA
:10DC300080E19AE00E94E3496CE271E08BE09AE0B7
:10DC40000E94E34988E09AE00E944A4310E08AE596
:10DC50000E94DB17882391F10E942F1F6B017C012A
:10DC600020E030E040EA51EC0E9417F587FD0AC041
:10DC700020E030E040EA51E4C701B6010E94E9EE3D
:10DC80001816E4F46CEE7FEF86EF99E00E94E3490A
:10DC900064E170E081EF99E00E94E3498EEE99E043
:10DCA0000E944A430C944A5C11E0A4CF2401350140
:10DCB000A1CF88A699A6AAA6BBA6C9CF112311F405
:10DCC0000C944A5C4092891150928A1160928B1197
:10DCD00070928C1188A599A5AAA5BBA580938D11DA
:10DCE00090938E11A0938F11B0939011C0929111C7
:10DCF000D0929211E0929311F09294110C944A5C9C
:10DD000083E080932C0610929F1060E083E50E94D0
:10DD10000F1F81110C944A5C0E94EFC80C944A5C5E
:10DD20000E94CFDE81110C944A5C0C9446620091F3
:10DD3000E2031091E3030E94D1D16093E503709355
:10DD4000E6038093E7039093E803002311F40C9417
:10DD50004A5C0E94754384E50E944343802F0E94E1
:10DD6000A57D80E20E9443438EE59AE00E944A43EB
:10DD70000C944A5C11110C94265A11E00C94195A17
:10DD80000E94E9EE81110C94525A0C94565A83E584
:10DD90000E94DB17882311F40C942E650E94D51E77
:10DDA0008B010C942E650E9472438AEA99E00E94CE
:10DDB0004A430C944A5C0E94E9EEE4CF8823E9F2DE
:10DDC0000C942B5AB0E0A0E0E8EEFEE60C947EF353
:10DDD0007C014DB65EB660906B0670906C068DB699
:10DDE0009EB66AE070E0C7010E9426EE6C018C01CD
:10DDF0000E191F09892B21F4C7010E9438EE8C01EE
:10DE0000C80101962DB73EB7281B390B0FB6F89401
:10DE10003EBF0FBE2DBF8DB79EB701965C01A80116
:10DE2000B7010E9459EEF501E00FF11F1082C50104
:10DE30000E94952481E00E947C59C114D10451F0C4
:10DE400076019FEFE91AF90A0FB6F8949EBE0FBE4D
:10DE50008DBEC5CF0FB6F8949EBE0FBE8DBEC3015A
:10DE60000E9495240FB6F8945EBE0FBE4DBEE0E151
:10DE70000C949AF3CF93DF93C0917F0C81E6C89FF7
:10DE8000E0011124CF57D34F80919C0680FF07C03B
:10DE90000E947543CE010E9477D50E9471D5CE01B4
:10DEA0000E94952480E00E947C59DF91CF910895D3
:10DEB000A0E1B0E0EEE5FFE60C948AF38C01DC0112
:10DEC000ED91FC910280F381E02DBE016F5F7F4FE9
:10DED0000995882309F45DC08981807C91F56F8163
:10DEE000637070E0762F6627770F770F8885B4E030
:10DEF0008B9FC0011124682B792B8985829586958B
:10DF000086958370682B6F5F7F4F90E080E02A8555
:10DF10002370220F3B8537FB332730F9232B3E81BB
:10DF20003F70230F3327331F2750310904C0660F7A
:10DF3000771F881F991F2A95D2F76096E4E00C940A
:10DF4000A6F3803419F568856695669570E090E0D3
:10DF500080E0CB01772766272A85622B098510E0B0
:10DF6000102F0027012E000C220B330B602B712B7E
:10DF7000822B932B6F5F7F4F8F4F9F4F4AE0660F2F
:10DF8000771F881F991F4A95D1F7D7CF8BE0F801EB
:10DF9000848360E070E0CB01D0CF0895FC018281E2
:10DFA00008954F925F926F927F928F929F92AF925D
:10DFB000BF92CF92DF92EF92FF92CF93DF93CDB7D4
:10DFC000DEB72A970FB6F894DEBF0FBECDBFDC01D7
:10DFD0000D90BC91A02DBA87A98718966D917C9160
:10DFE000072E000C880B990B0E94EFEE6B017C0151
:10DFF00020E030E0A9010E94E9EE8823E1F0A98544
:10E00000BA8514968D919D910D90BC91A02D898318
:10E010009A83AB83BC839C01AD01C701B6010E940A
:10E02000B3F34B015C0120E030E040E251EC0E9490
:10E03000E9EE87FF08C081E0E985FA858387C12C76
:10E04000D12C7601E2C020E030E040E251E4C5018D
:10E05000B4010E9417F5181664F481E0A985BA8509
:10E060001B968C93C12CD12C8FE7E82E83E4F82EDD
:10E07000CCC0E985FA858385882349F01386148608
:10E08000158616861786148E158E168E178EA98500
:10E09000BA8594968D919D910D90BC91A02D8D8304
:10E0A0009E83AF83B887E985FA85248535854685C3
:10E0B0005785C501B4010E94B4F36B017C0120E0D7
:10E0C00030E0A9010E94E9EE87FDB6C02D813E81B6
:10E0D0004F81588560E070E08FE793E40E942BF455
:10E0E0002B013C01A70196010E94E9EE87FF02C0C7
:10E0F00073016201A985BA851C96CD92DD92ED92DD
:10E10000FC921F9790962D913D914D915C91939724
:10E11000C501B4010E944EEF4B015C01E985FA850F
:10E12000848A958AA68AB78AA70196016D817E8125
:10E130008F8198850E944EEF2B013C01A985BA85FD
:10E1400058964D925D926D927C925B975C96CD90C5
:10E15000DD90ED90FC905F9729813A814B815C8145
:10E1600050966D917D918D919C9153970E94B3F340
:10E17000E985FA8520A531A542A553A50E944EEF59
:10E18000A70196010E94B3F320ED3CEC4CE45DE363
:10E190000E944EEFA70196010E94B4F36B017C012F
:10E1A000A985BA855C96CD92DD92ED92FC925F973F
:10E1B00089819A81AB81BC81E985FA85808B918BBD
:10E1C000A28BB38BA3019201C501B4010E94B4F3E9
:10E1D000A70196010E94B4F320E030E0A9010E945B
:10E1E000B4F36B017C0120E030E0A9010E94E9EE6C
:10E1F00087FD25CF20E030E04FE753E4C701B601AB
:10E200000E9417F518160CF42DCFC701B6012A96F7
:10E210000FB6F894DEBF0FBECDBFDF91CF91FF9058
:10E22000EF90DF90CF90BF90AF909F908F907F90B6
:10E230006F905F904F900895C12CD12C76015ACFEA
:10E24000CF93DF93C0913D11D0913E1181E0CE314B
:10E25000D105E4F020E030E040E05FE36091391167
:10E2600070913A1180913B1190913C110E94B4F34E
:10E270000E9493F46C1B7D0B77FF03C07195619531
:10E28000710981E0633071050CF080E0DF91CF917E
:10E290000895FC0190E1ACE5B5E001900D929A95EE
:10E2A000E1F70895CF92DF92EF92FF928091BD0443
:10E2B000882309F457C0C090B904D090BA04E09004
:10E2C000BB04F090BC0420E030E0A901C701B60116
:10E2D0000E94E9EE882309F445C020E030E040E0E8
:10E2E0005FE3C701B6010E944EEF9B01AC010E94A3
:10E2F0004EEF2BED3FE049E450E40E944EEF9B01CE
:10E30000AC0160E070E080E89FE30E942BF46B01B9
:10E310007C01C0929604D0929704E0929804F09207
:10E32000990460912C0170912D01072E000C880B2F
:10E33000990B0E94EFEE2AE037ED43E25CE30E9486
:10E340004EEFA70196010E944EEF60936701709314
:10E3500068018093690190936A01FF90EF90DF90CC
:10E36000CF900895C12CD12C80E8E82E8FE3F82EB1
:10E37000D0CFFC017081472F50E0062E02C055958A
:10E3800047950A94E2F740FF14C040910A0550E017
:10E39000062E02C0559547950A94E2F740FF09C042
:10E3A00021E030E001C0220F6A95EAF7209527238B
:10E3B0002083089594E6899F9001112421583F4FAE
:10E3C000C9016FEF70E00E944EF3FB01862F91E3CD
:10E3D000643609F090E290937D048A30D8F0C90148
:10E3E00066EF79E00E944EF3CB016AE070E00E9494
:10E3F0004EF3805D80937E04CF016AE070E00E945E
:10E400004EF3805D80937F0485E2809380048DE7E6
:10E4100094E0089580E2EECFFC0184910895FC0120
:10E420008081089560912C0170912D01072E000CC0
:10E43000880B990B0E94EFEE2AE037ED43E25CE394
:10E440000E944EEF209196043091970440919804D9
:10E45000509199040E944EEF609367017093680198
:10E460008093690190936A010895809163068111F8
:10E4700004C0809141068093890608958CE796E157
:10E4800090932A06809329060895CF93DF93EC0199
:10E49000642F70E090E080E00E94EFEE29EC38EC11
:10E4A00048EC5EE30E942BF420E030E040E05FE3C4
:10E4B0000E94B4F30E9498F46883DF91CF9108958D
:10E4C00070E090E080E00E94EFEE29EC38EC48EC40
:10E4D0005EE30E942BF420E030E040E05FE30E9426
:10E4E000B4F30E9498F4862F65CFE091630686E02E
:10E4F000E802F0011124E25DF94F8091410690E0BD
:10E50000958384830895CF93DF93EC01CB01BA0107
:10E510000E94EFEE688379838A839B83DF91CF919A
:10E520000895CF93DF93C0913D11D0913E11209774
:10E5300029F16091391170913A1180913B119091BC
:10E540003C110E9493F46E5F7F4F24976C177D07F8
:10E55000ACF470938705609386050E94D1D1605C0E
:10E5600073468F4F9F4F6093880570938905809302
:10E570008A0590938B05DF91CF91089510928805BD
:10E580001092890510928A0510928B05F4CFC9CF9D
:10E59000CF93DF93C0913D11D0913E11209729F187
:10E5A0006091391170913A1180913B1190913C1119
:10E5B0000E9493F46E5F7F4F24976C177D07ACF435
:10E5C00070938705609386050E94D1D1605C734685
:10E5D0008F4F9F4F609388057093890580938A05BC
:10E5E00090938B05DF91CF9108951092880510923A
:10E5F000890510928A0510928B05F4CFCF93DF9393
:10E60000EC018D810E940E4B60E08B810E94ECD06A
:10E61000DF91CF910895CF92DF92EF92FF920F9307
:10E620001F93CF938C01C62F69017A01E7DF0E9407
:10E63000DDD18C2F80640E94024B8F2D0E94024BF3
:10E640008E2D0E94024B8D2D0E94024B8C2D0E941C
:10E65000024B87E8C11101C085E90E94024BCC3012
:10E6600011F40E94074BC0E00E94074BF80186831B
:10E6700087FF04C0CF3F11F0CF5FF6CFCF911F913E
:10E680000F91FF90EF90DF90CF90089561E0FC0133
:10E6900083810E94ECD08FEF0C94024B0F931F9359
:10E6A000CF938C01ABDF0E94DDD1C82F81110AC04E
:10E6B00082E1F8018483C801E9DF8C2FCF911F919B
:10E6C0000F9108958DEF0E94024B0E94DDD1C82F5B
:10E6D000F2CFB0E0A0E0EFE6F3E70C9482F3EC01B8
:10E6E0006A017B014801590120E030E0A90167E39C
:10E6F00092DFA501980167E1CE018DDF81111DC078
:10E700008F81833039F089E0CC0CDD1CEE1CFF1CBE
:10E710008A95D1F7A701960169E1CE017CDF11E06E
:10E72000882319F010E087E08C83CE01AFDF812FC2
:10E73000CDB7DEB7ECE00C949EF389E08C8310E05B
:10E74000F4CFCF93DF93EC016EBDFA01CA019E5F57
:10E750000DB407FEFDCF20812EBD0DB407FEFDCF09
:10E7600021812EBD3296E817F90791F70DB407FE07
:10E77000FDCF8FEF0E94024B8FEF0E94024B0E9451
:10E78000074B8E838F71853041F083E18C83CE01FE
:10E790007DDF80E0DF91CF91089581E0FBCFEF92A4
:10E7A000FF921F93CF93DF93EC017B0127DF0E9441
:10E7B000DDD1182F81110BC085E18C83CE0166DF7E
:10E7C000812FDF91CF911F91FF90EF900895A701C6
:10E7D0006CEFCE01B6DF182FF1CF0F931F93CF93BD
:10E7E000DF93EC0189018F81833039F089E0440F98
:10E7F000551F661F771F8A95D1F79A01AB0168E113
:10E80000CE0109DF882321F086E08C8310E007C069
:10E81000A8016EEFCE0195DF811109C011E0CE0194
:10E8200035DF812FDF91CF911F910F9108950E94C5
:10E83000DDD1182F811103C087E18C83F0CF20E058
:10E8400030E0A9016DE0CE01E6DE811104C00E9436
:10E85000074B882319F386E1D8CF1F93CF93DF931B
:10E86000EC01CCDE20E030E0A9016CE0CE01D3DE8B
:10E8700011E0882319F010E083E08C83CE0106DFDD
:10E88000812FDF91CF911F9108951F93CF93DF9335
:10E89000EC018F81833039F089E0440F551F661FEA
:10E8A000771F8A95D1F79A01AB0162E1CE01B3DE01
:10E8B00011E0882319F010E085E08C83CE01E6DEBC
:10E8C000812FDF91CF911F9108958F929F92AF92E8
:10E8D000BF92EF92FF920F931F93CF93DF938C0120
:10E8E000EB017A010E94D1D14B015C012CE2820E36
:10E8F00021E0921EA11CB11C0E94074BF8018683E7
:10E900008F3F69F40E94D1D1681979098A099B095E
:10E9100097FDF2CF81E1F8018483C0E021C08E3FF2
:10E9200069F5F1E0EF1AF1088FEF8EBDFE012FEFD0
:10E930000DB407FEFDCF8EB581932EBDCF018C1B8C
:10E940009D0B8E159F05A0F30DB407FEFDCF8EB570
:10E95000CE0DDF1D88830E94074B0E94074BC1E04C
:10E96000C80194DE8C2FDF91CF911F910F91FF9002
:10E97000EF90BF90AF909F908F9008958FE0CBCF96
:10E980000F931F93CF93DF93EC018B0137DE40E0B1
:10E9900052E0B801CE0199DFDF91CF911F910F9125
:10E9A00008950F931F93CF93DF93EC0189018F811B
:10E9B000833039F089E0440F551F661F771F8A9511
:10E9C000D1F79A01AB0161E1CE0125DE882351F038
:10E9D00084E08C83CE015ADE80E0DF91CF911F91DD
:10E9E0000F91089540E052E0B801CE016EDFF5CFFF
:10E9F000B0E0A0E0EEEFF4E70C9482F3EC01162F08
:10EA00001F821C824B830E94D1D16B017C0120EDBF
:10EA1000C20E27E0D21EE11CF11CA89561E08B819B
:10EA20000E94ECD08B810E947FC8249A279A269856
:10EA3000259A81E00E940E4B85E08D830E940E4B4B
:10EA40000AE08FEF0E94024B0150D9F7A89520E011
:10EA500030E0A90160E0CE01DEDD8E83813079F007
:10EA60000E94D1D16C197D098E099F0997FDEFCFC6
:10EA700081E08C83CE010ADE1A8280E065C0A89511
:10EA80002AEA31E040E050E068E0CE01C4DD8530A4
:10EA900031F581E08F83A8958F81812C912C5401D1
:10EAA000823029F4812C912CA12C80E4B82E20E016
:10EAB00030E0A90167E3CE01AEDDA501940169E272
:10EAC000CE01A9DD8E838823F1F00E94D1D16C198B
:10EAD0007D098E099F0997FDEACF8AE0CACF04E03D
:10EAE0000E94074B8E830150D9F78A3A11F482E0D5
:10EAF000D1CF0E94D1D16C197D098E099F0997FD54
:10EB0000BFCF82E0B6CF8F818230B9F420E030E011
:10EB1000A9016AE3CE017FDD882311F088E0A9CF47
:10EB20000E94074B807C803C11F483E08F830E941D
:10EB3000074B0E94074B0E94074BCE01A7DD81E0E7
:10EB40008A83173030F41D83CDB7DEB7ECE00C9428
:10EB50009EF388E18C8391CF0F931F93CF93DF9324
:10EB6000EC018B0120E030E0A90169E054DD88234D
:10EB700051F080E18C83CE0189DD80E0DF91CF917F
:10EB80001F910F91089540E150E0B801CE019DDE44
:10EB9000F5CF40910F0521E0422764E070E00C942E
:10EBA00052C840910F0521E0422761E070E00C94CB
:10EBB00052C840910F0521E042276CE070E00C94B0
:10EBC00052C840910F0521E0422761E070E00C94AB
:10EBD00052C840910F0521E0422768E070E00C9494
:10EBE00052C840910F0521E042276CE070E00C9480
:10EBF00052C841E061E070E00C9452C841E062E02C
:10EC000070E00C9452C840910F0521E042270C940B
:10EC100052C864E070E00C947BD162E070E00C9428
:10EC20007BD161E070E00C947BD161E070E00C94EA
:10EC30007BD16CE070E00C947BD1CF93C82FCB01DB
:10EC40000E944A438AE898E10E944A438BE798E190
:10EC5000CC2311F080E898E10E94FE49CF910895FD
:10EC600020E040E070E060E083E39FE90E94B12A89
:10EC700081E08093780410927704109276040895CE
:10EC800020E040E070E060E08DE399E70C94B12A69
:10EC9000CF93C1E0C0937804FC0180819181A2816F
:10ECA000B3818093220190932301A0932401B09318
:10ECB000250120E040E070E060E080913F06909107
:10ECC00040060E94B12AC0939E04CF910895A4E00B
:10ECD000B0E0EDE6F6E70C948CF38DEC9CECACEC3C
:10ECE000BCE389839A83AB83BC83CE010196D0DFDA
:10ECF0002496E2E00C94A8F3A4E0B0E0E2E8F6E7A2
:10ED00000C948CF38DEC9CECACECBDE389839A8382
:10ED1000AB83BC83CE010196BBDF2496E2E00C946A
:10ED2000A8F3A4E0B0E0E7E9F6E70C948CF380E008
:10ED300090E0A0E8BFE389839A83AB83BC83CE01D4
:10ED40000196A6DF2496E2E00C94A8F3A4E0B0E0DC
:10ED5000ECEAF6E70C948CF380E090E0A0E2B1E4FA
:10ED600089839A83AB83BC83CE01019691DF24967D
:10ED7000E2E00C94A8F361E081E496E00C94322682
:10ED8000A4E0B0E0E6ECF6E70C948CF319821A826A
:10ED90001B821C82AE014F5F5F4FBC018CE090E193
:10EDA0000E9485C92496E2E00C94A8F3A4E0B0E0A8
:10EDB000ECEDF6E70C948CF384EF91E0A0E0B0E08A
:10EDC00089839A83AB83BC83BE016F5F7F4F88E7E3
:10EDD0000E94C2412496E2E00C94A8F3B0E0A0E0C7
:10EDE000E4EFF6E70C9480F30E942ECFC091450625
:10EDF0006C2E85E0782E7C0E08E112E49EEBA92EA5
:10EE000095E1B92ED5E0DC1B2AEEE22E21E4F22EAC
:10EE100084E0D82EDC1A83E0C82ECC1A82E0982E2B
:10EE20009C1A81E0882E8C1AC1112CC08091470653
:10EE30008823B9F080916201882361F0662D619585
:10EE400081E090914706911180E024E047EF55E181
:10EE50000E941ACECF5F7C12E7CF86E080934606F1
:10EE60000CC080913A0610923A06882319F30E944A
:10EE7000412B80915C068823E9F2CDB7DEB7EEE046
:10EE80000C949CF3C13049F5809147068130A1F084
:10EE9000809162018823F1F28FE292E49F938F9335
:10EEA0008CED95E19F938F938F9281E0909147062F
:10EEB000913069F180E02BC080913A0610923A06B9
:10EEC000882331F38FE292E4892B11F00E942F42C4
:10EED00080915C068823E1F2D0CFC23009F08EC069
:10EEE000809147068230E9F080916201882309F41D
:10EEF000B1CF86ED96E79F938F9382ED95E19F9337
:10EF00008F939F9281E090914706923099F68F936C
:10EF10000E946E1F0F900F900F900F900F900F9008
:10EF200099CF80913A0610923A068823E9F23EDFA3
:10EF300080915C068823C1F2A0CF80914706833080
:10EF4000A9F080916201882309F484CF81E092E4E2
:10EF50009F938F938BEC95E19F938F93CF9281E05A
:10EF600090914706933009F0A5CFD1CF80913A0612
:10EF700010923A06882329F381E092E4892B11F05C
:10EF80000E94014280915C068823D9F276CF80915D
:10EF90004706843099F080916201882309F45ACFA2
:10EFA000FF92EF9286EC95E19F938F93DF9281E041
:10EFB00090914706943009F07DCFA9CF80913A0611
:10EFC00010923A06882339F3E114F10411F00E94FB
:10EFD000EA4180915C068823F1F24FCF80913A0696
:10EFE00010923A068823B1F00115110511F00E9424
:10EFF000184280915C06882369F03FCFC33009F442
:10F000009CCFC43021F2C53009F024CF809147064F
:10F01000853021F380916201882309F41BCF1F936F
:10F020000F93BF92AF92DF9381E0909147069530A6
:10F0300009F040CF6CCF609141068FEF0C94D8E27D
:10F0400080914106682F0C94D8E26FEF80914106C1
:10F050000C94D8E2B0E0A0E0E0E3F8E70C947EF393
:10F06000009141060E942ECFC091450610E0000F8E
:10F07000111F0F5F174E95E0592E5C0E29EDE22E01
:10F0800027E1F22ED3E0DC1B35E2C32E38E7D32E86
:10F0900047EEA42E47E1B42E82E0782E7C1A5EE083
:10F0A000852E58E1952E81E0682E6C1A4C2E4194E5
:10F0B000C1112BC0809147068823B1F08091620175
:10F0C000882359F081E090914706911180E024E077
:10F0D00045EF57E1642D0E941ACECF5FC511E8CFEE
:10F0E00084E0809346060CC080913A0610923A065E
:10F0F000882321F30E94412B80915C068823F1F242
:10F10000CDB7DEB7E0E10C949AF3C13089F5F80190
:10F11000859194911092630690936706809366069A
:10F12000109265061092640680914706813081F046
:10F1300080916201882389F21F929F928F926F9231
:10F1400081E090914706913009F47FC080E07DC056
:10F1500080913A0610923A06882351F38091410635
:10F16000682F0E94D8E280915C06882309F3C8CFFB
:10F17000C23009F047C0F80185919491109263065E
:10F180009093670680936606109265061092640657
:10F19000809147068230D1F080916201882309F482
:10F1A0009CCFDF92CF92BF92AF927F9281E09091FD
:10F1B0004706923009F080E08F930E946E1F0F90F7
:10F1C0000F900F900F900F900F9087CF80913A067D
:10F1D00010923A06882301F338DF80915C06882379
:10F1E000D9F28ECF80913A0610923A068823F1F038
:10F1F000609141068FEF0E94D8E280915C068823DF
:10F20000A9F07ECFC33009F068CFF80185919491C1
:10F2100010926306909367068093660610926506C7
:10F2200010926406809147068330E1F2809162017A
:10F23000882309F452CF1F92FF92EF92DF9381E06F
:10F2400090914706933009F081CF8F930E946E1FF3
:10F250000F900F900F900F900F903FCF6DE871EAD5
:10F2600082E00C945CE16FE871EA81E00C945CE16F
:10F2700061E971EA80E00C945CE162EC7EE983E094
:10F280000C945CE1CF92DF92EF92FF920F931F9369
:10F290008AE4C82E87E1D82EF12CE12C0CE417E18A
:10F2A00030E020E040E456E76CE577E181E697E165
:10F2B0000E9463361F910F91FF90EF90DF90CF90E7
:10F2C0000895CF92DF92EF92FF920F931F93809158
:10F2D0002B1081111AC08EE190E126E0C22E27E1A9
:10F2E000D22E7C0108E017E130E020E042EF59E740
:10F2F00064E177E18BE197E10E9463361F910F9102
:10F30000FF90EF90DF90CF9008958BE290E1E5CFF2
:10F31000CF92DF92EF92FF920F931F9380E7C82E58
:10F3200086E1D82EF12CE12C03EE16E130E020E04E
:10F330004CEF5AE362E776E187E796E10E94633695
:10F340001F910F91FF90EF90DF90CF9008958091E3
:10F35000FB12882301F12FEF3FEF309356012093EA
:10F36000550181508093FB12ECEDF0E1882351F0C0
:10F370008150990B2BE1289FF001299FF00D11245A
:10F38000E351FE4E8BE1A1ECB0E101900D928A9524
:10F39000E1F70E9497DC2091FB12211105C08091BA
:10F3A000061380648093061381E090E0A0E0B0E053
:10F3B000211103C080E090E0DC0180934C06909323
:10F3C0004D06A0934E06B0934F061092450681E07D
:10F3D00080935C0683E08093620108951092450655
:10F3E0000C9493DD8EE190E10E949AD50E94302B1F
:10F3F0000C942FC765E472E780E692E70C947037AF
:10F4000063E872E78CE89DE90C947037CF93DF9343
:10F41000EC010E9423D91B82DF91CF910895CF93F5
:10F42000DF93EC01462F41706C857D858E859F852D
:10F430000E9437D6882351F0888920E2829FC0013C
:10F4400011248B5F914FDF91CF91089590E080E080
:10F45000FACFCF93DF93EB01FC012381211104C08C
:10F4600080E0DF91CF9108952250223028F48FE27E
:10F470008883198281E0F5CF60E0D1DF009781F3C6
:10F48000DC0160E080E09EE22D91203299F088302E
:10F4900031F49E01260F311DF90190836F5F9E01AB
:10F4A000260F311DAD0141505109FA014081F9018A
:10F4B00040836F5F8F5F8B3039F7FE01E60FF11DE0
:10F4C0001082D8CFACE0B0E0E8E6FAE70C947DF328
:10F4D0005C01DC0159968D909C90F40181859285A8
:10F4E000A385B4859C01AD012F5F3F4F4F4F5F4F08
:10F4F00029873A874B875C87D50114964D905D909C
:10F500006D907C901797411451046104710409F4C3
:10F5100059C0BFEF4B1A5B0A6B0A7B0A312C73018F
:10F5200062011D821E821F821886F40181859285E8
:10F53000A385B4852D813E814F81588528173907D1
:10F540004A075B0708F056C089859A85AB85BC855C
:10F550008C159D05AE05BF0550F482E0C82ED12C58
:10F56000E12CF12C92E0492E512C612C712C9E0142
:10F570002F5F3F4FB701A601C4010E943ED88823E8
:10F58000C9F189819A81AB81BC81892B8A2B8B2B14
:10F5900001F1260137019FEF491A590A690A790AD0
:10F5A0002D813E814F8158852F5F3F4F4F4F5F4FD9
:10F5B0002D833E834F8358873FEFC31AD30AE30A54
:10F5C000F30AB3CF40805180628073803324339438
:10F5D000A6CFC414D504E604F70411F70FEF1FEF0C
:10F5E0002FEF3FE0B701A601C4010E94C4D7782ED7
:10F5F000811106C0712C872D2C96E1E10C9499F3B2
:10F60000F501448155816681778141155105610578
:10F61000710539F097018601C4010E94C4D788237F
:10F6200049F3D5011496CD92DD92ED92FC92179795
:10F63000332051F0D701C6010196A11DB11DF4017F
:10F6400080839183A283B383F50185899689A789F5
:10F65000B08D892B8A2B8B2B71F6C58AD68AE78AC7
:10F66000F08E818180688183C6CF40E050E0BA018E
:10F670000C946CD9FC0123812111C8CE0895A2E419
:10F68000B0E0E5E4FBE70C947CF37C015B016A01EC
:10F69000322E19821C821C8E1F8E6115710511F489
:10F6A00010E0A5C1DC0113968C918111F9CFFA010C
:10F6B00080818F3209F045C0DB0113968C9113973E
:10F6C00082508230E0F159966D917C91CE014C963A
:10F6D0000E9444DD882321F38E01045E1F4FC60182
:10F6E0006C010196F60120812F32D1F39E012F5F2C
:10F6F0003F4F4901390130E2232E240122962FAEDB
:10F70000229721962FAE21972FAE2EAE2DAE2CAE86
:10F710002BAE2AAE29AE28AE2FAA960190E047E084
:10F72000D9018D91882381F18F3271F18E3259F494
:10F730004A3009F4B5CF98E04AE09D01F1CF8B0142
:10F74000CECF8B01D3CFE8EDFCE12491222321F031
:10F7500031968213FACFA4CF491708F4A1CF813292
:10F7600008F49ECF8F3709F49BCF3FE9380F3A3129
:10F7700008F420EEE7E3F0E0EC0FFD1FE90FF11DC8
:10F78000820F80839F5FD9CF8FA9803209F488CF01
:10F790006901D9018C912F5F3F4F8F32C9F38823C4
:10F7A00071F00A151B0511F0C80130DEC2016814A2
:10F7B000790411F4CE014C9684014C019FCFF801DD
:10F7C000818D928DD7015A969C938E935997C8013B
:10F7D0004CDFC12CF80180859185A285B3854189D4
:10F7E00052896389748984179507A607B70708F0BB
:10F7F00053C025E0B695A795979587952A95D1F79B
:10F80000F82FFF70DF2ED80113968C91823008F408
:10F8100047CF41E050E0BE016E5B7F4FC8010E94C0
:10F8200067DA019709F03CCFF80180859185A285C0
:10F83000B3854F96A11DB11D80879187A287B3879D
:10F84000F0E2DF9EB00111246B5F714F611571050D
:10F8500009F426CFDB018C91882341F0853E09F025
:10F860004CC0CC2029F0CC24C394B4CFC1100EC01E
:10F870008091051090910610A0910710B09108108A
:10F88000F70184879587A687B787D08ADB018C919B
:10F890008111E9CFCC24C394832D8274823409F082
:10F8A000FFCECC2009F4AFC0F701D08861E0C701DA
:10F8B000B6DD009709F4F4CE20E2DC011D922A9512
:10F8C000E9F72BE0FE01F796DC0101900D922A95F5
:10F8D000E1F721E238E2FC01318B208B40E058E077
:10F8E00057874687338B228B318F208F578B468BE0
:10F8F0000E94EED581110AC0D3CE4BE050E0CE017C
:10F90000C7960E94F7F6892B09F064CF2D2D30E0C1
:10F91000F901B5E0EE0FFF1FBA95E1F7DF01AB5F2C
:10F92000B14F1B968C91817121F0832D827109F06A
:10F9300008C1D70159968D919C915A974091051015
:10F940005091061060910710709108101C964D930D
:10F950005D936D937C931F975096DC925097EB5F6D
:10F96000F14F84889588B12CA12C540199248824C6
:10F9700055968D929D92AD92BC925897428D538D23
:10F9800070E060E0482959296A297B2955964D93F2
:10F990005D936D937C935897A5E0220F331FAA9532
:10F9A000E1F7D901AB5FB14F1B962C91287109F09B
:10F9B000BAC0848D958DA68DB78DF701818B928B02
:10F9C000A38BB48B81E08383832D8F70F7018183B8
:10F9D000148215821682178210861186128613866B
:10F9E00011E034FE04C0C7010E94F1D9182FCE01E6
:10F9F0004C9640DECE0101963DDE812FCE5BDF4F7F
:10FA0000E2E10C9498F3D80113968C91139782300D
:10FA100009F446CE51968D919D910D90BC91A02DEB
:10FA2000803E9F4FAF41B10508F03ACEC8014ADD94
:10FA3000882309F435CE0E94EED5882309F430CE10
:10FA4000D8015996ED91FC915A9714968D909D90FE
:10FA5000AD90BC901797B2E08B1A9108A108B1083D
:10FA6000858504C0880C991CAA1CBB1C8A95D2F7FA
:10FA700086859785A089B189880E991EAA1EBB1E0E
:10FA800081E0809309108092051090920610A09258
:10FA90000710B0920810E5E0FEE080E092E0DF01A0
:10FAA0009C011D9221503040E1F7DD24D394D80110
:10FAB0005996ED91FC918481D816C0F480910A107A
:10FAC00090910B10DC01ED91FC910288F389E02DFF
:10FAD00025E03EE0B501A4014D0D511D611D711DD4
:10FAE0000995882309F4DCCDD394E1CF258580E006
:10FAF00092E0A0E0B0E004C0880F991FAA1FBB1FCE
:10FB00002A95D2F7F8014189528963897489840F53
:10FB1000951FA61FB71F818B928BA38BB48B85E09B
:10FB20009EE0D12CC9CE203161F497012F5E3F4F6A
:10FB30000E94BAD8882329F084E0D70113968C93C9
:10FB400043CFD70113961C92ABCD682F70E090E0A5
:10FB500080E00C9457C78F929F92AF92BF92CF9242
:10FB6000DF92EF92FF92CF936B017C01B42E20E0E5
:10FB700030E0A9010E94E9EE87FF07C08DE20E94F4
:10FB80004343F7FAF094F7F8F094C0E060E070E0D7
:10FB900080E09FE3CB1541F02DEC3CEC4CEC5DE3B9
:10FBA0000E944EEFCF5FF6CFA70196010E94B4F3FB
:10FBB0006B017C010E9498F44B015C010E9457C7C5
:10FBC000CC2371F1C501B4010E94EDEE9B01AC01A3
:10FBD000C701B6010E94B3F36B017C018EE20E9463
:10FBE0004343C150E8F020E030E040E251E4C70177
:10FBF000B6010E944EEF6B017C010E9498F44B010C
:10FC00005C010E9457C7C501B4010E94EDEE9B0143
:10FC1000AC01C701B6010E94B3F36B017C01E1CFD7
:10FC2000CF91FF90EF90DF90CF90BF90AF909F90DB
:10FC30008F900895EF92FF920F931F93CF937B01C4
:10FC40008A01C2E48F3F09F0C4E580E20E94434389
:10FC50008C2F0E9443438AE30E944343F701608153
:10FC600071818281938142E076DF8CEC9CE10E947D
:10FC70004A43F801608171818281938142E06BDFA8
:10FC800062E070E080E090E00E9448D1CF911F9147
:10FC90000F91FF90EF900895A8E0B0E0E2E5FEE755
:10FCA0000C948BF3182F60913D1170913E11072E2B
:10FCB000000C880B990B0E94EFEE6D837E838F837F
:10FCC00098878091391190913A11A0913B11B09190
:10FCD0003C1189839A83AB83BC83AE014B5F5F4F3A
:10FCE000BE016F5F7F4F80E8A5DF609111117091B9
:10FCF0001211072E000C880B990B0E94EFEE6D83FA
:10FD00007E838F83988780910D1190910E11A09121
:10FD10000F11B091101189839A83AB83BC83AE011C
:10FD20004B5F5F4FBE016F5F7F4F8FEF83DF60914F
:10FD300013111F3F39F08CE21802F0011124EB5C23
:10FD4000FE4E628570E084ED9CE10E94E349609183
:10FD5000131170E08FEC9CE10E94E3492896E3E0E8
:10FD60000C94A7F30F930FB70F9300916E000D7FC4
:10FD700000936E0078940F930BB70F930CB70F920C
:10FD80001F922F933F934F935F936F937F938F9324
:10FD90009F93AF93BF93EF93FF9311240E94958A93
:10FDA000FF91EF91BF91AF919F918F917F916F9153
:10FDB0005F914F913F912F911F900F900CBF0F912A
:10FDC0000BBF0F910260F89400936E000F910FBF6C
:10FDD0000F911895CF93DF931092E904C5E3D1E119
:10FDE000198618860E94C8721A865D98C9E0D1E10A
:10FDF000198618860E94EB1A1A865C98DF91CF91BB
:10FE0000089510928906E6DF0C94302BB0E0A0E054
:10FE1000ECE0FFE70C9482F3B4E4A0E06A2F70E01A
:10FE2000AB014B0F511D55954795411111C0EEE0A7
:10FE3000FEE165917491072E000C880B990B0E94CE
:10FE4000EFEECDB7DEB7ECE00C949EF3B42FE8CF25
:10FE5000A41711F0B41303C0EAE1FFE1EACF9A015D
:10FE600021503109220F331F220F331FF901E45FA4
:10FE7000F14EE590F490F901E05FF14EC591D49117
:10FE80008E159F0518F3A42FC817D90708F4C6CFFD
:10FE9000F901E25FF14E05911491F901EE5EF14E28
:10FEA000C590D4908E199F09BC0190E080E00E941B
:10FEB000EDEE4B015C01B601601B710B072E000CCF
:10FEC000880B990B0E94EFEE9B01AC01C501B401B8
:10FED0000E944EEF4B015C01CE19DF09BE0190E09C
:10FEE00080E00E94EDEE9B01AC01C501B4010E94CF
:10FEF0002BF46B017C01B801012E000C880B990BCF
:10FF00000E94EFEE9B01AC01C701B6010E94B4F361
:10FF100098CFEF92FF920F931F93CF93C82F7B013F
:10FF20008A0180912C06833090F00E947243C701B1
:10FF30000E944A4382E39CE10E944A43CF3FF1F48E
:10FF40008EE29CE10E944A438AE00E94434342DFE2
:10FF5000A89580916C05811123C081E080936C0588
:10FF600082E080932C0636DF65E27CE1CF3F11F022
:10FF700069E27CE140E0C8010E942D4AC7FDE4CF60
:10FF80008CE29CE10E944A436C2F0C2E000C770BF4
:10FF9000880B990B0E94B4C78AE00E944343D4CFD8
:10FFA000CF911F910F91FF90EF900895B0E0A0E0E6
:10FFB000ECEDFFE70C947DF3EC015B014A01322E7E
:10FFC000FA014080518062807380A30192016D81AB
:10FFD0007E818F8198850E94E9EE8823A1F04D8271
:10FFE0005E826F8278867724739420E030E0A901E6
:10FFF000F40160817181828193810E9417F5181646
:020000021000EC
:100000000CF0712C7C828C818230A1F0833009F459
:1000100048C08130A9F52D813E814F815885F50179
:1000200060817181828193810E94E9EE87FD28C001
:1000300082E08C83F50120813181428153816D8181
:100040007E818F8198850E94B3F32B013C010E9431
:10005000D1D14B015C01A7019601C301B2010E94FD
:10006000E9EE181694F09801A8EEB3E00E9412F39E
:10007000860E971EA81EB91E88829982AA82BB820C
:10008000CDB7DEB7E1E10C9499F388819981AA811B
:10009000BB81881A990AAA0ABB0AB7FCF1CF83E090
:1000A0008C834CEA5CE16CEB7CE1832D32DFE8CFA2
:1000B00040E55CE16DE57CE12CCFCF93DF93A89523
:1000C00080913711909138110E94CFC760933911F8
:1000D00070933A1180933B1190933C1180910B11D6
:1000E00090910C1193DE60930D1170930E1180931B
:1000F0000F1190931011C0913711D0913811809148
:100100005B0190915C01C817D90710F480E0D0DF43
:1001100080913D1190913E11181619066CF4809152
:10012000590190915A018C179D0730F44DE85CE11C
:100130006AE97CE180E0EDDE209122063091230621
:1001400080910B1190910C118217930710F48FEF8F
:10015000AFDF8091111190911211181619068CF4CD
:10016000209157013091580180910B1190910C1101
:100170002817390730F44DE85CE16AE97CE18FEF3C
:10018000C8DEDF91CF910895A4E0B0E0EAECF0E89A
:100190000C9482F380912C06811105C0A8952496B9
:1001A000ECE00C949EF3809181058111F8CF81E001
:1001B000809381058091EA04811103C0109281052A
:1001C000EECF7BDF1092EA040E94D1D14B015C019B
:1001D00060915F0170916001072E000C880B990BF4
:1001E0000E94EFEE9B01AC016091391170913A11C0
:1001F00080913B1190913C110E9417F5181614F450
:1002000080E056DF60913D1170913E11072E000C89
:10021000880B990B0E94EFEE69837A838B839C8312
:10022000C12CD12C30E8E32E30E4F32E08E210E0AC
:1002300020E0AE014F5F5F4F69E371E187EF90E12E
:10024000B5DEC0903911D0903A11E0903B11F0909A
:100250003C1160915D0170915E01072E000C880BCE
:10026000990B0E94EFEE9B01AC01C701B6010E9401
:1002700017F518160CF0DDC060915F0170916001F8
:10028000072E000C880B990B0E94EFEE9B01AC012E
:10029000C701B6010E94E9EE87FFCBC080917905C6
:1002A000811109C085E391E19093780580937705EA
:1002B00081E08093790587E795E00E94D16F0E94E5
:1002C00093F47595679560933F118091880590919F
:1002D0008905A0918A05B0918B050097A105B1050C
:1002E000F1F0A5019401281B390B4A0B5B0BDA01D5
:1002F000C901B7FD14C06091391170913A11809114
:100300003B1190913C110E9493F42091860530910D
:100310008705621773070CF48EC00E94C87220E034
:1003200030E040EF52E460910D1170910E11809118
:100330000F11909110110E9417F5181614F48FEFF9
:10034000B7DE8091E5049091E604A091E704B091B6
:10035000E8040097A105B105D1F0881A990AAA0A04
:10036000BB0AB7FC14C060910D1170910E11809101
:100370000F11909110110E9493F42091E304309199
:10038000E404621773070CF45DC00E94EB1A6091DD
:10039000111170911211072E000C880B990B0E94FD
:1003A000EFEE69837A838B839C83C12CD12CE12C63
:1003B00090E4F92E04E110E02FEFAE014F5F5F4FA4
:1003C0006DE071E180E091E1F1DDC0900D11D09020
:1003D0000E11E0900F11F090101120E030E040EA93
:1003E00050E4C701B6010E9417F587FD32C020E036
:1003F00030E040EF52E4C701B6010E94E9EE181662
:1004000044F180916F05811109C089E091E19093D9
:100410006E0580936D0581E080936F058DE695E014
:100420000E94D16F0E9493F47595679560931311A4
:10043000C5CE60E048CF4FE65CE16EE77CE180E04E
:1004400068DD6DCF4FE65CE16EE77CE18FEF61DD4B
:100450009ECF60E0EBCFCF92DF92EF92FF92CF93EF
:10046000DF93EC01C880D980EA80FB808BE19CE1BE
:100470000E944A43C701B6010E949324CC80DD80CC
:10048000EE80FF8086E49AE20E944A43C701B601EB
:100490000E949324C884D984EA84FB8482E49AE28B
:1004A0000E944A43C701B6010E9493248AE00E9439
:1004B0004343DF91CF91FF90EF90DF90CF9008956D
:1004C000BC012091590530915A0540915905509130
:1004D0005A052417350731F481E02617370709F04C
:1004E00080E008959A01F1CF0F930FB70F93009119
:1004F0006E000F930D7F00936E0000916F000D7FD3
:1005000000936F000F930BB70F930CB70F921F92CE
:100510002F933F934F935F936F937F938F939F930B
:10052000AF93BF93EF93FF9311240E94058CFF912B
:10053000EF91BF91AF919F918F917F916F915F915B
:100540004F913F912F911F900F900CBF0F910BBFB8
:100550000F910260F89400936F000F9100936E006A
:100560000F910FBF0F91189500C000C08091260613
:1005700080FF1FC0459A8FEF80931005809126065B
:1005800081FF1AC0479A8FEF80931105809126064C
:1005900082FF15C02A988FEF80931205809126065E
:1005A00083FF10C0289A8FEF8093130500C000C00E
:1005B0000895459881E0E0CF479881E0E5CF2A9AF9
:1005C00081E0EACF289881E0EFCF8091E204982F74
:1005D000977F9093E204982F937081E011F080E070
:1005E00008955E9A08955E988091E20488608093F1
:1005F000E2040895E82FF0E021E030E0082E02C088
:10060000220F331F0A94E2F7209530959091E2046F
:1006100092239093E204E25EFD4F2081922321E039
:1006200019F020E0822F0895813079F038F082307F
:10063000C9F7159A909168069B7F04C05E9A9091C5
:1006400068069E7F90936806EDCF5E9A909168064B
:100650009D7FF8CF80E0CEDF81E0CCDF82E0CADF93
:10066000B4CF813079F070F0823071F021E030E069
:1006700001C0220F8A95EAF78091E204822B8093D1
:10068000E20408955E98F2CF1598F0CFB0E0A0E0B4
:10069000ECE4F3E80C9486F3C82F41E065E17BE1DC
:1006A0000E947843C11102C00E9475438DE09BE116
:1006B0000E944A4386E79AE10E94FE4941E06BEFBF
:1006C0007AE18C2F0E947843C11102C00E947543C9
:1006D0008EED9AE10E944A438C2F0E94F8488C2F9D
:1006E0000E94D1C98C2F0E9475498C2F0E949E496F
:1006F0008C2F0E9455498C2F0E94214962E97AE192
:100700008C2F0E94C6C9D091B00489E89AE10E945A
:100710004A436D2F70E090E080E00E94B4C74091A2
:10072000AC045091AD046091AE047091AF048AE5C1
:1007300099E20E94B6438CE79AE10E944A43809175
:10074000B0040E94684320E030E0A9016091B10448
:100750007091B2048091B3049091B4040E94E9EEC8
:10076000882389F18EEBE82E84E0F82E10E06701F3
:1007700000E0C11102C00E94754384ED9AE10E941D
:100780004A43802FE2D981ED9AE10E944A43812FAA
:10079000DCD98AE599E20E944A43F60160817181C1
:1007A0008281938145E0D7D98AE00E9443430F5F5D
:1007B000FCE0CF0ED11C0330E1F61F5F84E0E80EB1
:1007C000F11C1330A1F641E066EB7AE18C2F0E9418
:1007D00078430EE216E0D0E0C11102C00E947543DA
:1007E0008DEA9AE10E944A438D2FAFD9F8016081CA
:1007F0007181072E000C880B990B0E94EFEEAB0164
:10080000BC018AEA9AE10E94B643F80162817381D1
:10081000072E000C880B990B0E94EFEEAB01BC0178
:1008200087EA9AE10E94B643F8016481758184EAFF
:100830009AE10E94F0490A5F1F4FD13071F48C2F6A
:100840000E94C7438C2F0E94C8488C2F0E94014AE7
:10085000CDB7DEB7E8E00C94A2F3D1E0BDCFA8E8B5
:10086000B0E0E5E3F4E80C9486F3C358DF4F188258
:1008700019821A821B82CD57D040809166029091D6
:100880006702A0916802B0916902CF57DF4F888359
:100890009983AA83BB83C158D04084E690E09093AB
:1008A0001D1080931C101092A5101092A41064E0EB
:1008B00070E0CE018F579F4F0E947BD180911C101A
:1008C00090911D10029690931D1080931C10109211
:1008D000A5101092A41083E692E0CB57DF4F9983C6
:1008E0008883C558D040CE018B579F4F0E940D760C
:1008F00081E0C857DF4F8883C858D040CE01885761
:100900009F4F0E94157668E470E08DE996E00E94A2
:100910007BD180E1EDEAF1E08E010F5F1F4FD8013E
:1009200001900D928A95E1F760E170E0C8010E94A4
:100930007BD18DE696E00E9409768CE0F801119259
:100940008A95E9F7C8010E9419767E01FDE6EF0E4F
:10095000F11C8FEFF7018083C7010E941576198281
:100960001A821B821C82C8010E9409768091AC0405
:100970009091AD04A091AE04B091AF0489839A83A5
:10098000AB83BC83C8010E940976C358DF4F18822D
:1009900019821A821B82CD57D04083E0EA968FAF2E
:1009A000EA97F7018083CE0183589F4F0E94097612
:1009B000CE0187589F4F0E941576C7010E94157679
:1009C00080E09CE09A838983C8010E940D762AE02A
:1009D000D22EDA94DD2031F0CE0183589F4F0E9451
:1009E0000976F7CF89E891E10E941976C358DF4F65
:1009F000188219821A821B82CD57D0409AE0D92ED4
:100A0000DA94DD2031F0CE0183589F4F0E940976A1
:100A1000F7CF83E0F7018083EA968FAFEA97C701AB
:100A20000E941576CE0187589F4F0E94157680E070
:100A30009CE09A838983C8010E940D7668E070E08B
:100A400081EB94E00E947BD168E070E084EA94E05E
:100A50000E947BD164E270E08EEB94E00E947BD137
:100A60001982DD24DA94F701D082C8010E94117640
:100A7000C7010E94157664E070E082E292E00E9475
:100A80007BD1809127068983C8010E9411766CE092
:100A900070E08EE296E00E947BD18091551190919A
:100AA0005611A0915711B091581189839A83AB8345
:100AB000BC8321E732EB47E25EE36091591170910C
:100AC0005A1180915B1190915C110E942BF46D83FF
:100AD0007E838F83988721E732EB47E25EE3609164
:100AE0005D1170915E1180915F11909160110E9473
:100AF0004EEF69877A878B879C8780E090E0A0E83B
:100B0000BFE38D879E87AF87B88B198A1A8A1B8AA5
:100B10001C8A64E170E0C8010E947BD184E190E00E
:100B20009A838983C8010E940D7680912911909142
:100B30002A11A0912B11B0912C1189839A83AB8338
:100B4000BC8321E732EB47E25EE360912D117091A7
:100B50002E1180912F11909130110E942BF46D83F2
:100B60007E838F83988721E732EB47E25EE36091D3
:100B700031117091321180913311909134110E9492
:100B80004EEF69877A878B879C876CE070E0C8019D
:100B90000E947BD18CE0EDEBF1E0D80101900D9249
:100BA0008A95E1F76CE070E0C8010E947BD1198260
:100BB000C8010E9415768FE78983C8010E941576C7
:100BC000D982C8010E94157685E0E9ECF1E0D801F0
:100BD00001900D928A95E1F765E070E0C8010E94EE
:100BE0007BD11982C8010E94117680E2EEECF1E01F
:100BF000D80101900D928A95E1F760E270E0C8019A
:100C00000E947BD1F7011082C7010E9411768DEB03
:100C100094E00E94117689EB94E00E940976C35813
:100C2000DF4F188219821A821B82CD57D040CE0125
:100C300083589F4F0E94097682E1F80111928A95AC
:100C4000E9F762E170E0C8010E947BD184E2EEEE38
:100C5000F1E0D80101900D928A95E1F764E270E02D
:100C6000C8010E947BD180E1D82EF8018D2D119210
:100C70008A95E9F760E170E0C8010E947BD11A8291
:100C8000198262E070E0C8010E947BD1C358DF4F37
:100C9000188219821A821B82CD57D040CE01835808
:100CA0009F4F0E940976F8011192DA94E9F760E10A
:100CB00070E0C8010E947BD18CE6F80111928A9500
:100CC000E9F76CE670E0C8010E947BD1F701108261
:100CD000118212821382148215821682178268E0B2
:100CE00070E0C7010E947BD18CE0F70111928A95D8
:100CF000E9F7C957DF4F1882C758D04080E090E02D
:100D0000A0E4B0E4ED968CAF9DAFAEAFBFAFED9772
:100D1000C7010E941976CE0189579F4F0E94157610
:100D2000CE0187589F4F0E94097600911C101091A8
:100D30001D10045611098091A4109091A510F7017F
:100D40009183808384E690E090931D1080931C1023
:100D500064E070E08EE292E00E947BD1C7010E94C5
:100D60000D760E947543B80182E49AE10E94D7494A
:100D7000F701C080D180F12CE12C85E39AE10E943B
:100D80004A43C701B6010E9457C782E39AE10E9415
:100D90004A430336F2E01F0761F00E94724382E289
:100DA0009BE10E944A4380E0C857DF4FE8E00C9483
:100DB000A2F360E082E29AE10E94D51F81E0F4CFC5
:100DC0004F925F926F927F928F929F92AF92BF925B
:100DD000CF92DF92EF92FF92CF93DF9300D000D0BB
:100DE00000D0CDB7DEB79E838D830E94FF264B01D6
:100DF0005C01AD81BE8118964D905D906D907C90A8
:100E00001B97AC019B01C301B2010E94B3F36B01BC
:100E10007C018091AC049091AD04A091AE04B0919E
:100E2000AF0489839A83AB83BC8320E030E0A901BF
:100E3000BC01CD010E94E9EE882349F020E030E0BA
:100E4000A901C701B6010E94E9EE1816ECF0AD81C8
:100E5000BE811896CD92DD92ED92FC921B9726965C
:100E60000FB6F894DEBF0FBECDBFDF91CF91FF90DC
:100E7000EF90DF90CF90BF90AF909F908F907F903A
:100E80006F905F904F90089529813A814B815C81EA
:100E9000C301B2010E9417F587FFE1CF2091A004A2
:100EA0003091A1044091A2045091A304C501B40162
:100EB0000E944EEF9B01AC0160E070E080E89FE390
:100EC0000E94B3F39B01AC01C701B6010E942BF451
:100ED000ED81FE816087718782879387C0CF8430E0
:100EE00021E0920714F084E091E090933E1180930A
:100EF0003D110C9491728091410690914206EFCF82
:100F0000CF93DF9320919F0421111DC090919E04E7
:100F100091111AC0C0913201D0913301219720E084
:100F200030E040E05FE36091391170913A118091B7
:100F30003B1190913C110E94B4F30E9493F421E084
:100F40006C177D070CF020E0822FDF91CF91089580
:100F5000D7DF882341F020E040E070E060E082E4E9
:100F600099E70C94B12A0C944076B0E0A0E0EBEB4A
:100F7000F7E80C9484F3CDE9D6E001E716E08DEABA
:100F8000A82E86E0B82EC12CD12C7601C39469918D
:100F90007991899199910E94EDEE288939894A8940
:100FA0005B890E944EEF0E9498F4F801619371935F
:100FB000819391938F01C616D706E806F90610F4BF
:100FC0006B017C01AC16BD0611F76FEF7FEFCB0113
:100FD000A70196010E94C4F22093810630938206F5
:100FE0004093830650938406CDB7DEB7EAE00C94B5
:100FF000A0F30F931F93CF93DF9301EB16E0CAE8A2
:10100000D6E0F80121913191419151918F0160E039
:1010100070E080E89FE30E942BF4699379938993B1
:101020009993F6E0CA39DF0761F70E94ABC99DDFEB
:10103000DF91CF911F910F91089590919A11809116
:101040009B11981306C080919A0690919B06892B5C
:1010500021F080E00E94294BF0CF089590919A11E1
:1010600080919B11981307C080919A0690919B06DE
:10107000892B09F4EFCA80E00E94294BEFCF8F92B1
:101080009F92AF92BF92CF92DF92EF92FF92CF9357
:10109000DF932091B004222309F482C0EC018090F8
:1010A000AC049090AD04A090AE04B090AF0420E0EA
:1010B00030E0A901C501B4010E94E9EE882309F4DA
:1010C0007AC0C884D984EA84FB8420E030E0A90196
:1010D000C701B6010E94E9EE18160CF06CC0A7011A
:1010E0009601C501B4010E94E9EE18160CF058C033
:1010F00020919A0430919B0440919C0450919D044E
:10110000C701B6010E94E9EE882321F1C0929A043A
:10111000D0929B04E0929C04F0929D042091A00444
:101120003091A1044091A2045091A304C701B601DB
:101130000E944EEF9B01AC0160E070E080E89FE30D
:101140000E94B3F360932E0170932F0180933001BE
:1011500090933101C0902E01D0902F01E09030018A
:10116000F090310120E030E0A901C701B6010E94F2
:10117000E9EE8823A9F0CE010E94FF269B01AC0175
:10118000C701B6010E944EEF9B01AC0168857985CD
:101190008A859B850E94B4F3688779878A879B87B5
:1011A000DF91CF91FF90EF90DF90CF90BF90AF9005
:1011B0009F908F900895C12CD12C80E8E82E8FE36A
:1011C000F82ED9CFAEE0B0E0E8EEF8E80C947EF36C
:1011D0009E878D875B018A01DC01D6966D917D919A
:1011E0008D919C91D9970E94EDEE6B017C01F501E8
:1011F00020813181428153810E944EEF0E9418F478
:101200004B015C01D8012D913D914D915C91C7013D
:10121000B6010E944EEF0E9418F42B013C01C5015B
:10122000B4010E9498F46D837E838F83988768371A
:1012300071058105910540F408E710E020E030E0F9
:101240000D831E832F833887C301B2010E9498F457
:1012500069837A838B839C83683771058105910547
:1012600040F428E730E040E050E029833A834B83A4
:101270005C83AD85BE8595968D909D90AD90BC901C
:101280009897FD01EE5BFF4F6081718182819381B0
:10129000611571058105910509F4C4C00E94EFEE46
:1012A0009B01AC0160E070E080E89FE30E942BF4BA
:1012B00020E030E040E05FE30E944EEF2B013C0174
:1012C000A7019601C701B6010E944EEF6B017C0198
:1012D00069817A818B819C810E94EDEE9B01AC013A
:1012E0000E944EEF9B01AC01C701B6010E94B3F30F
:1012F000A30192010E944EEF69877A878B879C87B2
:101300006D817E818F8198850E94EDEE9B01AC01FD
:101310000E944EEF9B01AC01C701B6010E94B3F3DE
:10132000A30192010E944EEF2B013C010E9418F490
:101330000E9498F46B017C0169857A858B859C8578
:101340000E94C4F40E9498F4DC01CB01B701A6010D
:10135000480F591F6A1F7B1F95018401041B150B41
:10136000260B370BB901A80177FF35C0C501B401C1
:101370000E94EDEEA30192010E94B4F329853A8503
:101380004B855C850E94B3F320E030E040E05FE3F2
:101390000E944EEF0E9418F46B017C0120E030E0C7
:1013A000A9010E9417F518161CF0C12CD12C76014A
:1013B000C701B6010E9498F46B017C018C149D0456
:1013C000AE04BF0410F475016401D501C4018C1989
:1013D0009D09AE09BF09ED85FE85C1A6D2A6E3A68B
:1013E000F4A695018401081B190B2A0B3B0BD901AC
:1013F000C80185A796A7A7A7B0AB0D811E812F8135
:10140000388502AF13AF24AF35AFFE9609811A813C
:101410002B813C8100831183228333832E96E0E16C
:101420000C949AF380E090E0DC01C12CD12C760181
:10143000D2CF90916F0081E091FD02C080E00895CD
:1014400090916F009D7F90936F000895EFE6F0E01C
:101450008081826080830895ECDF91E090935B054A
:101460008111F4CF0895CF93DF93809125068111E8
:1014700005C080916906882309F44EC08091F70465
:10148000329B4DC081608093F7048091F704339BB9
:1014900048C082608093F7048091F704349B43C076
:1014A00084608093F704C0914C05C0FF0FC0809109
:1014B000260680FF0BC08091F70480FF07C0809153
:1014C0002B06816080932B0680E0C6DFC1FF0FC032
:1014D0008091260681FF0BC08091F70481FF07C031
:1014E00080912B06826080932B0681E0B5DFC2FFDE
:1014F00013C08091260682FF0FC080916906882361
:1015000059F08091F70482FF07C080912B06846018
:1015100080932B0682E0A0DFDF91CF9108958E7F2C
:10152000B2CF8D7FB7CF8B7FBCCF1F93CF93DF938D
:10153000809154018F3708F476C08F5790913F11F6
:1015400090938505992309F46CC05D9A90911311CD
:1015500090938405992309F470C05C9A8F5F8093FF
:1015600054018091830591E089278093830581113F
:101570000E9408208091530191E0980F85300CF073
:1015800090E0823009F4A8C00CF059C0882309F417
:101590006EC0813009F495C090935301C091EB0463
:1015A000D091EC04209709F42CC0F89413B1147076
:1015B00082E057D800C000C01C161D060CF0BAC04F
:1015C0002A9A00C000C02B9A00C0000082E090E080
:1015D0000197F0F72B9800C000C0112309F4ACC0AC
:1015E0002A9A00C000C078948091EB049091EC049A
:1015F0001C161D060CF0A2C001979093EC0480937A
:10160000EB0431DF80919A0690919B06009729F0B8
:10161000019790939B0680939A06DF91CF911F913B
:1016200008955D9893CF90918505891708F05D988E
:1016300090918405891708F491CF5C988FCF8430FE
:1016400009F461C00CF45BC0853009F0A5CF20918E
:101650008205211102C0809382058091820581500C
:1016600080938205882309F497CF95E095CF8091E8
:1016700052018F5F80311CF4809352018DCF109204
:1016800052018091EA04811113C0209135113091EB
:101690003611309338112093371120910911309170
:1016A0000A1130930C1120930B1181E08093EA040E
:1016B000109236111092351110920A1110920911E0
:1016C0006BCF10927B0087E480937C0080917A003E
:1016D000806480937A0060CF80917A0086FD26C076
:1016E0004091780050917900209135113091361158
:1016F000240F351F30933611209335114DCF1092A2
:101700007B0086E4E1CF80917A0086FD11C0409194
:101710007800509179002091091130910A11240F1D
:10172000351F30930A112093091136CF92E034CF40
:1017300094E032CF2A9845CF2A9853CF01965DCFB7
:1017400078DE109285061092860610928706109217
:10175000880681117BCE0895CF93DF9390919B11E2
:1017600080919A11891788F0891B09F44CC09091D7
:101770009711992371F0833050F48FEF890F39F06E
:1017800080939711D0E0C0E03AC0805FEDCF109217
:101790009711C0919B118BE4C89FE0011124CB519C
:1017A000D94F888180FDEECF809185069091860685
:1017B000A0918706B0918806FE01E95BFF4F40814A
:1017C000518162817381841B950BA60BB70B8093AB
:1017D000850690938606A0938706B093880680912D
:1017E0009B110E948F208093981190919B11809162
:1017F0009911981304C08091981180939911CE018A
:10180000DF91CF9108959CDFBDCFA3E0B0E0EBE086
:10181000FCE80C947CF38FEF9FEF9093890080930A
:1018200088000AE00983312C212C78948091550599
:1018300090915605A0915705B0915805892B8A2B98
:101840008B2B09F0BDC180915B058823D1F080917D
:10185000590590915A0510925B05892B91F01092D1
:101860005A051092590510924C0590919A11809149
:101870009B11981731F080919B110E948F208093CB
:101880009B118091590590915A05892B09F498C1B3
:101890004091510550915205609153057091540546
:1018A00080914D0590914E05A0914F05B091500546
:1018B000481759076A077B0708F082C100912D0677
:1018C00010E030E020E0841B950BA60BB70B081747
:1018D00019072A073B0710F4D901C8018A83840F2E
:1018E000951FA61FB71F8093510590935205A09393
:1018F0005305B0935405C0901805D0901905E09099
:101900001A05F0901B058091280590912905A0915A
:101910002A05B0912B05C80ED91EEA1EFB1EC092E7
:101920002805D0922905E0922A05F0922B05F7FCB4
:1019300018C08091140590911505A0911605B091DD
:101940001705A7019601281B390B4A0B5B0BDA011F
:10195000C9018093280590932905A0932A05B09387
:101960002B0500911C0510911D0520911E0530913D
:101970001F0580912C0590912D05A0912E05B09109
:101980002F05080F191F2A1F3B1F00932C051093CA
:101990002D0520932E0530932F0537FD18C080911B
:1019A000140590911505A0911605B0911705B90180
:1019B000A801481B590B6A0B7B0BDB01CA01809302
:1019C0002C0590932D05A0932E05B0932F054091E3
:1019D0002005509121056091220570912305809189
:1019E000300590913105A0913205B0913305480F33
:1019F000591F6A1F7B1F4093300550933105609338
:101A000032057093330577FD18C0809114059091CD
:101A10001505A0911605B09117052A013B01481A3A
:101A2000590A6A0A7B0AD301C20180933005909358
:101A30003105A0933205B093330580902405909032
:101A40002505A0902605B09027058091340590913A
:101A50003505A0913605B0913705880D991DAA1D51
:101A6000BB1D8093340590933505A0933605B09344
:101A70003705B7FD18C08090140590901505A0900B
:101A80001605B09017052C013D01481859086A0841
:101A90007B08530142018092340590923505A09253
:101AA0003605B0923705F7FC1CC040901005042C99
:101AB000000C55086608770880905C0590905D05DD
:101AC000A0905E05B0905F05840C951CA61CB71C09
:101AD00080925C0590925D05A0925E05B0925F05D4
:101AE0005F9A37FD1CC040901105042C000C55086E
:101AF000660877088090600590906105A090620567
:101B0000B0906305840C951CA61CB71C80926005E0
:101B100090926105A0926205B0926305469A77FDA6
:101B20001CC040901205042C000C5508660877086C
:101B30008090640590906505A0906605B09067055B
:101B4000840C951CA61CB71C8092640590926505B8
:101B5000A0926605B09267052B9AB7FD1CC0409015
:101B60001305042C000C550866087708809068055A
:101B700090906905A0906A05B0906B05840C951C47
:101B8000A61CB71C8092680590926905A0926A0510
:101B9000B0926B05299AE0918400F0918500E09164
:101BA0008400F0918500F7FE5F9837FF469877FF35
:101BB0002B98B7FF29980A8101500A8301119BCE07
:101BC0008091550590915605A0915705B091580503
:101BD000892B8A2B8B2B09F063C1E0915905F09179
:101BE0005A05309709F4C6C280915105909152056B
:101BF000A0915305B091540540914D0550914E056B
:101C000060914F057091500584179507A607B70797
:101C100008F47FC110925A051092590510924C0594
:101C200090919A1180919B11981709F4A3C2809109
:101C30009B110E948F2080939B1140EDC42E47E0A2
:101C4000D42EE12CF12C8091590590915A05892BC5
:101C500009F01EC181DD90935A0580935905892BA7
:101C600009F416C16090590570905A057B826A820A
:101C7000D3018C9183FD61C255968D909D90AD905E
:101C8000BC90589781E081149104A104B10409F437
:101C900080E0EA81FB81C18CD28CE38CF48CC1148E
:101CA000D104E104F10409F061C2AA81BB815D960F
:101CB0004D915D916D917C91909741155105610514
:101CC000710509F0846080934C05109238051092DC
:101CD000390510923A0510923B0510924405109276
:101CE00045051092460510924705EA81FB8185A1C2
:101CF00096A1A7A1B0A580934D0590934E05A09302
:101D00004F05B0935005442455243201481A590A0E
:101D10006A0A7B0A409228055092290560922A059A
:101D200070922B0540922C0550922D0560922E0545
:101D300070922F0540923005509231056092320525
:101D40007092330540923405509235056092360505
:101D50007092370541A052A063A074A0440C551C9A
:101D6000661C771C880C991CAA1CBB1C8092180549
:101D700090921905A0921A05B0921B05CC0CDD1C9F
:101D8000EE1CFF1CC0921C05D0921D05E0921E05A2
:101D9000F0921F05440F551F661F771F40932005C3
:101DA00050932105609322057093230540922405EA
:101DB000509225056092260570922705880F991F7D
:101DC000AA1FBB1F8093140590931505A0931605B9
:101DD000B0931705109251051092520510925305B9
:101DE0001092540581A592A5A3A5B4A5809348059A
:101DF00090934905A0934A05B0934B0585A596A5F8
:101E0000A7A5B0A980933C0590933D05A0933E05FE
:101E1000B0933F0585A990912606891721F08093FC
:101E200026060E94B4821FDB44244A94542C3201BB
:101E300040924E0150924F016092500170925101B8
:101E4000AA81BB81DA966D917D918D919C91DD97F0
:101E5000609340057093410580934205909343053C
:101E60000E9477D06B017C018091440590914505DB
:101E7000A0914605B09147058C0D9D1DAE1DBF1D5F
:101E80008093440590934505A0934605B09347057C
:101E9000C0925505D0925605E0925705F09258052C
:101EA0008091550590915605A0915705B091580520
:101EB000AC01BD010097E1E0AE07B10520F04FEFA6
:101EC0005FEF60E070E0841B950BA60BB70B80936F
:101ED000550590935605A0935705B0935805F8946F
:101EE000809184009091850040960981015009837A
:101EF000002309F43DC1240E351E2816390608F4C6
:101F000094CC30928900209288002396E2E10C94D0
:101F100098F3409148055091490560914A057091A8
:101F20004B05481759076A077B0708F46FC0809173
:101F3000440590914505A0914605B091470541A9FA
:101F400052A963A974A94424859F112D969F9001DD
:101F5000A69F300DA59F200D311D869F100D211DC0
:101F6000341D959F100D211D341DA49F100D211DA2
:101F7000341D949F110D241D341D789F110F201DB9
:101F8000311D799F300D112482AD93ADA4ADB5AD57
:101F9000820F931FA11DB11D8093400590934105B1
:101FA000A0934205B093430546A957A960AD71AD12
:101FB000481759076A077B0740F440934005509340
:101FC000410560934205709343056091400570910F
:101FD000410580914205909143050E9477D06B01A5
:101FE0007C018091440590914505A0914605B091F2
:101FF00047058C0D9D1DAE1DBF1D8093440590931C
:102000004505A0934605B09347051DCE40913C057C
:1020100050913D0560913E0570913F054817590765
:102020006A077B0708F068C08091380590913905F0
:10203000A0913A05B0913B0541A952A963A974A9A1
:102040005524859F112D969F9001A69F300DA59F29
:10205000200D311D869F100D211D351D959F100DE2
:10206000211D351DA49F100D211D351D949F110D9F
:10207000251D351D789F110F201D311D799F300DB5
:102080001124A90170E060E0809140059091410524
:10209000A0914205B0914305FE96008111812281F5
:1020A0003381481759076A077B0758F4841B950B3F
:1020B000A60BB70B081719072A073B0710F48C016A
:1020C0009D01C901B8010E9477D06B017C0180910C
:1020D000380590913905A0913A05B0913B058C0DDA
:1020E0009D1DAE1DBF1D8093380590933905A093AB
:1020F0003A05B0933B05A7CD80914E0190914F01D9
:10210000A0915001B0915101B7FF0EC066A977A907
:1021100080AD91AD0E9477D060934E0170934F01D6
:102120008093500190935101C0904E01D0904F0187
:10213000E0905001F090510186CD8A819B814596B7
:102140000E94497110925A051092590510924C053F
:1021500090919A1180919B11981709F47BCD8091F1
:102160009B110E948F2080939B1174CD82609DCD26
:102170001C01C7CE80EDC82E87E0D82EE12CF12CB3
:1021800069CDFC0120813181428153816091BD067E
:102190007091BE068091BF069091C0060E944EEFDE
:1021A0000E941BF56093A8117093A9118093AA1146
:1021B0009093AB1190919A1180919B11981711F007
:1021C0000C9447C90E941D8834D94091A8115091A0
:1021D000A9116091AA117091AB11409368055093B9
:1021E000690560936A0570936B0581112FC9089585
:1021F0004F925F926F927F928F929F92AF92BF9217
:10220000CF92DF92EF92FF92CF93DF93EC01209178
:10221000BD063091BE064091BF065091C0066C8548
:102220007D858E859F850E944EEF0E941BF56B0178
:102230007C012091B9063091BA064091BB065091BD
:10224000BC06688579858A859B850E944EEF0E9431
:102250001BF54B015C012091B5063091B60640910B
:10226000B7065091B8066C817D818E819F810E9456
:102270004EEF0E941BF52B013C012091B1063091DD
:10228000B2064091B3065091B406688179818A8183
:102290009B810E944EEF0E941BF560939C117093EE
:1022A0009D1180939E1190939F114092A011509286
:1022B000A1116092A2117092A3118092A411909228
:1022C000A511A092A611B092A711C092A811D09208
:1022D000A911E092AA11F092AB1190919A118091FC
:1022E0009B11981789F00E9447C9DF91CF91FF9009
:1022F000EF90DF90CF90BF90AF909F908F907F90A6
:102300006F905F904F9008950E941D8892D8C82FBB
:102310008CE991E10E944971CC2339F397D8E5CF3C
:10232000CF92DF92EF92FF92CF93DF93C82F81D8A5
:1023300094E0C99FE0011124FE01E45AFA4FC080E5
:10234000D180E280F380811181D8C657D94FC7016F
:10235000B6010E94EFEE288139814A815B810E949B
:102360004EEFDF91CF91FF90EF90DF90CF900895E7
:102370008F929F92AF92BF92CF92DF92EF92FF9295
:102380001F93CF93DF93CDB7DEB760970FB6F89466
:10239000DEBF0FBECDBF182F80E0C2DF4B015C0156
:1023A0008092F8049092F904A092FA04B092FB048F
:1023B00081E0B6DF6B017C01C092FC04D092FD0489
:1023C000E092FE04F092FF0482E0AADF6093000531
:1023D0007093010580930205909303051D861E8668
:1023E0001F86188A89829A82AB82BC82CD82DE8265
:1023F000EF82F88669877A878B879C8783E090DFF6
:102400006D877E878F87988B8091B004882321F019
:10241000CE0101960E94E0861E3FD9F480E1FE01C4
:102420003196ACE0B0E101900D928A95E1F76096AB
:102430000FB6F894DEBF0FBECDBFDF91CF911F91D5
:10244000FF90EF90DF90CF90BF90AF909F908F90D4
:10245000089584E0189FF0011124DF01A45FBF4EAE
:1024600081E090E08C0F9D1FE80FF91F40815181A2
:10247000628173814D935D936D937C931397D7CF56
:10248000A1E0B0E0E6E4F2E90C948CF3898360E02B
:10249000CE0101960E94B97161E0CE0101960E94C1
:1024A000B97162E0CE0101960E94B97189812196CD
:1024B000E2E00C94A8F3A4E2B0E0E1E6F2E90C94C7
:1024C0007CF380913401882309F4BEC080910A0511
:1024D000082F10E080FF3CC0C0903601D09037013B
:1024E000E0903801F0903901209186043091870402
:1024F0004091880450918904C701B6010E9417F5E4
:10250000181644F4C0928604D0928704E09288049E
:10251000F0928904C0904201D0904301E0904401C0
:10252000F090450120918604309187044091880401
:1025300050918904C701B6010E94E9EE87FF08C0E7
:10254000C0928604D0928704E0928804F0928904B5
:1025500001FF3CC0C0903A01D0903B01E0903C01AB
:10256000F0903D0120918A0430918B0440918C04BD
:1025700050918D04C701B6010E9417F5181644F456
:10258000C0928A04D0928B04E0928C04F0928D0465
:10259000C0904601D0904701E0904801F090490179
:1025A00020918A0430918B0440918C0450918D04C9
:1025B000C701B6010E94E9EE87FF08C0C0928A04F5
:1025C000D0928B04E0928C04F0928D0402FF3CC008
:1025D000C0903E01D0903F01E0904001F090410159
:1025E00020918E0430918F04409190045091910479
:1025F000C701B6010E9417F5181644F4C0928E0464
:10260000D0928F04E0929004F0929104C0904A011D
:10261000D0904B01E0904C01F0904D0120918E0440
:1026200030918F044091900450919104C701B601FC
:102630000E94E9EE87FF08C0C0928E04D0928F04FA
:10264000E0929004F092910480919C0683FD6FC00B
:10265000209118103091191040911A1050911B10B0
:1026600060919204709193048091940490919504E8
:102670000E94E9EE882309F45AC00E948087182F2F
:10268000882331F00E94754388ED98E10E944A4307
:10269000209118103091191040911A1050911B1070
:1026A00060919204709193048091940490919504A8
:1026B0000E94B3F36B017C0120E030E0A9010E948D
:1026C00017F587FF04C0F7FAF094F7F8F09420911B
:1026D0006701309168014091690150916A01C70119
:1026E000B6010E944EEF20E030E04AE754E40E9439
:1026F00017F51816D4F40E94754389EB98E10E94EF
:102700004A438091920490919304A0919404B091D3
:1027100095048093181090931910A0931A10B093F9
:102720001B1082E994E02DDD02C01111EACF2AE0EE
:1027300037ED43E25CE360912801709129018091BB
:102740002A0190912B010E944EEF6B017C01609158
:10275000260170912701072E000C880B990B0E940F
:10276000EFEE9B01AC01C701B6010E944EEF6D8BED
:102770007E8B8F8B988F8091B004882309F1809095
:10278000AC049090AD04A090AE04B090AF04C090A3
:102790008E04D0908F04E0909004F090910420E09B
:1027A00030E0A901C501B4010E94E9EE882319F1C6
:1027B000A7019601C501B4010E9417F51816DCF0B7
:1027C00019821A821B821C82AE014F5F5F4FBE01CD
:1027D0006B5E7F4F86E894E00E9485C980E1E6E861
:1027E000F4E0ACE0B0E101900D928A95E1F7A49697
:1027F000E2E10C9498F320910C1030910D1040916F
:102800000E1050910F106091860470918704809192
:102810008804909189040E94B3F3698F7A8F8B8F1B
:102820009C8F2091101030911110409112105091F6
:10283000131060918A0470918B0480918C049091A4
:102840008D040E94B3F36D8F7E8F8F8F98A320919C
:102850001410309115104091161050911710C701A7
:10286000B6010E94B3F369A37AA38BA39CA3209122
:1028700018103091191040911A1050911B1060914E
:1028800092047091930480919404909195040E9415
:10289000B3F34B015C0120E030E0A901698D7A8D32
:1028A0008B8D9C8D0E94E9EE81110CC020E030E000
:1028B000A9016D8D7E8D8F8D98A10E94E9EE8823F0
:1028C00009F47ECF298D3A8D4B8D5C8DCA01B901FB
:1028D0000E944EEF6B017C012D8D3E8D4F8D58A1D6
:1028E000CA01B9010E944EEF9B01AC01C701B601BC
:1028F0000E94B4F36B017C0129A13AA14BA15CA118
:10290000CA01B9010E944EEF9B01AC01C701B6019B
:102910000E94B4F36B017C01A5019401C501B401CF
:102920000E944EEF9B01AC01C701B6010E94B4F3B7
:102930000E949BF56B017C012DEB37E346E855E3E4
:102940000E94E9EE87FF0FC020E030E0A901C50139
:10295000B4010E9417F57501640187FF04C0F7FAFE
:10296000F094F7F8F0942DEB37E346E855E3C70110
:10297000B6010E94E9EE87FD31CF20E030E040EA69
:1029800050E4C701B6010E942BF40E9498F41B0189
:10299000672B19F422242394312CB10190E080E0BC
:1029A0000E94EDEE9B01AC0160E070E080E89FE3E7
:1029B0000E942BF42B013C01AC019B01698D7A8DA7
:1029C0008B8D9C8D0E944EEF698F7A8F8B8F9C8FA1
:1029D000A30192016D8D7E8D8F8D98A10E944EEF87
:1029E0006D8F7E8F8F8F98A3A301920169A17AA129
:1029F0008BA19CA10E944EEF69A37AA38BA39CA3F9
:102A0000A3019201C501B4010E944EEF4B015C018C
:102A1000A3019201C701B6010E944EEF698B7A8B28
:102A20008B8B9C8B80E1ECE0F0E18E010F5F1F4F00
:102A3000D80101900D928A95E1F70E94D1D16B01E6
:102A40007C0128ECC20ED11CE11CF11C81E0281A8B
:102A5000310809F455C00E94D1D12B013C014C181A
:102A60005D086E087F0877FC4FC06B017C0128EC85
:102A7000C20ED11CE11CF11C80E00E94294B298D63
:102A80003A8D4B8D5C8D69817A818B819C810E940E
:102A9000B4F369837A838B839C832D8D3E8D4F8D18
:102AA00058A16D817E818F8198850E94B4F36D83DA
:102AB0007E838F83988729A13AA14BA15CA1698568
:102AC0007A858B859C850E94B4F369877A878B878A
:102AD0009C87A50194016D857E858F8598890E94CC
:102AE000B4F36D877E878F87988BAE014F5E5F4F03
:102AF000BE016B5E7F4FC8010E9485C98111A6CFC0
:102B0000AE014F5E5F4F63CE0E94C480B8CF80910C
:102B1000060590910705A0910805B09109058093DD
:102B2000280190932901A0932A01B0932B01809151
:102B3000040590910505909327018093260108953F
:102B40008091280190912901A0912A01B0912B0137
:102B50008093060590930705A0930805B093090597
:102B6000809126019091270190930505809304059B
:102B700084E690E090932701809326010895A8E0D1
:102B8000B0E0E5ECF5E90C9482F35C014B018A01BD
:102B9000F901C080D180E280F38020E030E0A9011B
:102BA000C701B6010E94E9EE811181C080916301E5
:102BB00090916401A0916501B091660189839A8327
:102BC000AB83BC8320E030E0A901C701B6010E94BD
:102BD000E9EE811106C0C12CD12C80E8E82E80E4FA
:102BE000F82ECD82DE82EF82F886F801C080D18097
:102BF000E280F380A7019601609114107091151086
:102C000080911610909117100E94E9EE87FF0CC07A
:102C1000C0921410D0921510E0921610F092171076
:102C2000CE0105960E94C076F40180819181A28137
:102C3000B381F501408151816281738140930C1011
:102C400050930D1060930E1070930F10809310101E
:102C500090931110A0931210B0931310CE0101960F
:102C60000E94C076F801C080D180E280F380A70185
:102C7000960160911410709115108091161090912A
:102C800017100E9417F5181664F4C0921410D09211
:102C90001510E0921610F0921710CE0105960E94C2
:102CA000C0760E941D882896ECE00C949EF3D70114
:102CB000C60184CFA8E0B0E0E0E6F6E90C948CF31E
:102CC000AC019B0198E0ECE0F0E1DE01119601908F
:102CD0000D929A95E1F7BE016B5F7F4FCE01019691
:102CE0004EDF2896E2E00C94A8F30C94ABC9CF9386
:102CF000E1DF80912B06C82FC47082FD0AC01092BC
:102D00002B0682E035DBF1DF81E0C11180E0CF915D
:102D100008950E944642882391F3F9CFCF930E94F1
:102D2000198AC82F80919B1180939A1180939911D1
:102D30008093981184E6809397110E94A08B81ED77
:102D400093E090939B0680939A06C1110E94268A75
:102D500081E080935B050E941D888EEF09DBC5DF53
:102D6000CF910895ACE0B0E0E8EBF6E90C948CF379
:102D70000E949EC80E94198A9CE0ECE5F5E0DE0105
:102D8000119601900D929A95E1F781110E94268A81
:102D9000CE0101960E942B822C96E2E00C94A8F3BF
:102DA000A6E0B0E0E6EDF6E90C947EF380910C101D
:102DB00090910D10A0910E10B0910F1089839A83FD
:102DC000AB83BC8340901010509011106090121093
:102DD000709013108090141090901510A090161001
:102DE000B0901710C0901810D0901910E0901A10E1
:102DF000F0901B100E94B58781E0809340110E94E3
:102E0000527106E311E01E821D828D819E818A5ED1
:102E1000954E0E94F125D8016D937D938D939D93DE
:102E20008D018D819E81865F954E0E94F125F8016E
:102E300060877187828793878D819E8104969E83A8
:102E40008D830C9711F760E08BE095E00E943226AD
:102E50000E9403290E94F98729813A814B815C8174
:102E600060910C1070910D1080910E1090910F10C8
:102E70000E94E9EE811129C0A30192016091101016
:102E80007091111080911210909113100E94E9EE30
:102E900081111BC0A501940160911410709115104F
:102EA00080911610909117100E94E9EE81110DC0CB
:102EB000A7019601609118107091191080911A1055
:102EC00090911B100E94E9EE81114CDF2696E0E103
:102ED0000C949AF3A4E0B0E0E0E7F7E90C948CF3EB
:102EE00084EF91E0A0E0B0E089839A83AB83BC8358
:102EF000BE016F5F7F4F8CE30E94C2418FE998E172
:102F00000E944A4386B169E978E182FB882780F90B
:102F10000E941D7686B163E978E183FB882780F9FA
:102F20000E941D7686B16DE878E1829581700E94DD
:102F30001D76349907C00E9401422496E2E00C9469
:102F4000A8F306C00E94EA412496E2E00C94A8F39C
:102F500080912506811104C080916906882331F093
:102F600062E070E080E090E00C94BD290895ACE050
:102F7000B0E0EDEBF7E90C948CF3ADE9B6E090E04E
:102F800080E0FC01E452F44E4591559165917491B5
:102F90004D935D936D937D93FC01E453F44E459105
:102FA00055916591749150964D935D936D937C937B
:102FB0005397FC01E454F44E4591559165917491F9
:102FC00090964D935D936D937C9393970496803187
:102FD0009105B9F680E29EE4A0E0B0E08093AD06F2
:102FE0009093AE06A093AF06B093B00680E090E059
:102FF000A6E1B4E48093D1069093D206A093D306C1
:10300000B093D40680E090E0AAE7B4E48093D506BC
:103010009093D606A093D706B093D80680E090E0B0
:10302000A8E4B4E48093D9069093DA06A093DB0673
:10303000B093DC061092DD061092DE061092DF06D9
:103040001092E0061092E1061092E2061092E3065A
:103050001092E4068CE497E3A9E8BDE380936D0643
:1030600090936E06A0936F06B093700680E090E098
:10307000A0E2B1E480930B0590930C05A0930D059D
:10308000B0930E0580E00E9400260E9484298CE007
:10309000E2E1F2E0DE01119601900D928A95E1F7EE
:1030A00089819A81AB81BC818093891190938A1127
:1030B000A0938B11B0938C118D819E81AF81B885C7
:1030C00080938D1190938E11A0938F11B0939011D6
:1030D00089859A85AB85BC858093911190939211D7
:1030E000A0939311B09394118EEB90E090932F06E0
:1030F00080932E0686E490E090933106809330060C
:10310000109233061092320680EF90E090933506CD
:10311000809334068EE690E09093370680933606CF
:1031200010923906109238068CE59FE8A4EBB1E4C2
:103130008093551190935611A0935711B093581145
:103140008EE298E3A0E9BEE38093591190935A115F
:10315000A0935B11B0935C1182E29FECA1EEB3E40B
:1031600080935D1190935E11A0935F11B0936011F5
:103170008AE097E5A5EDB3E48093291190932A1195
:10318000A0932B11B0932C1189E99AECAEE4B1E431
:1031900080932D1190932E11A0932F11B093301185
:1031A00081E998E1ACE5B5E4809331119093321157
:1031B000A0933311B09334111092BD0480E090E0DD
:1031C000A0EEBFE38093B9049093BA04A093BB042C
:1031D000B093BC041092250610922406B9DEE0DDFF
:1031E0000E94754384E59AE10E94FE492C96E2E034
:1031F0000C94A8F3CF92DF92EF92FF921F93CF939C
:10320000DF93CDB7DEB72C970FB6F894DEBF0FBEB5
:10321000CDBF182F80E090E0A0E2B1E489839A83CB
:10322000AB83BC83C0909111D0909211E090931128
:10323000F090941120E030E0A901C701B6010E948E
:10324000E9EE87FF0CC0A701960160E070E080E224
:1032500091E40E94B3F369837A838B839C83CE01CC
:1032600001960E94FEC988E0ECE0F0E1DE011196D3
:1032700001900D928A95E1F7112311F10E9480428D
:1032800019861A861B861C869E01275F3F4F44E1E4
:1032900050E1BE016B5F7F4FCE01019670DC109351
:1032A000690656DE2C960FB6F894DEBF0FBECDBF72
:1032B000DF91CF911F91FF90EF90DF90CF90089515
:1032C0000E944642DDCFB0E0A0E0E9E6F9E90C94C7
:1032D0007EF3C82FE82EF12CF701E750F74DD4917B
:1032E000823099F580916906811102C081E082DF08
:1032F0000E9480428111E9C086E499E10E94F12593
:1033000020E030E0A9010E94E9EE8823F1F06D2F62
:10331000DD0F770B880B990B0E94EFEE2B013C0120
:1033200086E499E10E94F1254B015C0120E030E048
:1033300040E251E40E94E9EE87FF1BC0812C912CF2
:1033400090E2A92E91E4B92E14C06D2FDD0F770BFA
:10335000880B990B0E94EFEE2B013C01C701880FEF
:10336000991F880F991F825C964E0E94F1254B0190
:103370005C01A3019201C501B4010E944EEF4B0113
:103380005C016701CC0CDD1CCC0CDD1CC6018E5C25
:10339000964E0E94F12520E030E040EC5FE30E9471
:1033A0004EEFA30192010E944EEFAB01BC0100E081
:1033B00010E098018C2F0E9405CD20E030E0A9019B
:1033C000C501B4010E94E9EE882341F100E010E05C
:1033D0009801C23031F40E94464200E010E020E83B
:1033E00030E4B501A40170588C2F0E9405CDC23085
:1033F00009F466C0A5019401C501B4010E94B4F3AB
:103400004B015C01C23009F065C000E010E020E033
:1034100030E4B501A4018C2F0E9405CDC23011F417
:103420000E94464281E090E00C2E01C0880F0A9471
:10343000EAF790916806982B9093680690910A0598
:10344000892B80930A05C6018F5F964E0E94F12555
:10345000F601E45FFF4E6083718382839383C23001
:10346000D1F420919111309192114091931150918A
:103470009411609114107091151080911610909114
:1034800017100E94B3F3609314107093151080937B
:1034900016109093171029DCF601EA57FB4FD6015E
:1034A000A45FBF4E8D919D910D90BC91A02D808306
:1034B0009183A283B383C23041F40E94F72505C0F3
:1034C0000E948042882309F495CFCDB7DEB7E0E1B2
:1034D0000C949AF3F701E15DF64E6491611107C017
:1034E0000E9475438DE099E10E944A436AE070E0D2
:1034F00090E080E00E94EDEE9B01AC0160E070E0A6
:1035000080EA91E40E942BF48B019C0182CF809190
:103510002B06882319F010922B06089540E070E0E6
:1035200060E08DE698E10E942D4A0F931F938091F1
:103530004610813019F50E94D1D10091F304109109
:10354000F4042091F5043091F604601B710B820B9A
:10355000930B28EE33E040E050E00E94C4F260910B
:10356000EF047091F0048091F1049091F204620FE5
:10357000731F841F951F1F910F91089560918204FE
:10358000709183048091840490918504D6CF109229
:1035900046101092F3041092F4041092F504109265
:1035A000F604109282041092830410928404109204
:1035B00085041092EF041092F0041092F10410921E
:1035C000F2040895809146108130E1F08230C1F418
:1035D000ACDF6093EF047093F0048093F104909358
:1035E000F20481E0809346100E94D1D16093F304ED
:1035F0007093F4048093F5049093F60481E00895A9
:10360000C6DFEFCF80E00895809146108150823070
:1036100070F4109246100E94D1D16093820470938E
:103620008304809384049093850481E0089580E06E
:10363000089520913D1130913E11263531053CF41D
:103640002091111130911211263031051CF0882380
:1036500031F0B8CF662319F0D7DF0C942FC7089547
:103660000E9472438FEE99E10E944A4387EE99E1EE
:103670000E944A438BEC99E10E944A430E94EA7EF1
:10368000C3DF80912C068130A1F00E94724384E553
:1036900099E10E944A4360E08AE499E10E94D51FC3
:1036A0006EE571E080E090E00E94BD2981E08093AA
:1036B0002C0608959C0197FF26C0EE27FF27E81BE4
:1036C000F90B2D398FEF38070CF05DC08DE2809338
:1036D0007D04CF0164E670E00E944EF3CB012AE046
:1036E00030E0B9010E944EF3805D80937E04CF01EB
:1036F000B9010E944EF3CB01B9010E944EF3805DE7
:1037000080937F042AC0283E83E03807B4F1C901C2
:1037100068EE73E00E944EF3CB01EAE0F0E0BF01F7
:103720000E944EF3805D80937D04C90164E670E0E1
:103730000E944EF3CB01BF010E944EF3805D809347
:103740007E04C901BF010E944EF3CB01BF010E945C
:103750004EF3805D80937F04F901CF016AE070E051
:103760000E944EF3805D809380048DE794E008957D
:103770008DE237FDC5CF80E2C3CFF90180E2243668
:1037800031050CF0A4CF80E280937D0480937E0409
:10379000EA30F1056CF38DE237FF80E280937E041E
:1037A000CF016AE070E00E944EF3605D60937F0499
:1037B000D4CF9C018436910544F164E670E00E9408
:1037C0004EF3CB016AE070E00E944EF3805D80937F
:1037D0007E0480E22A3031055CF0EAE0F0E0C901C5
:1037E000BF010E944EF3CB01BF010E944EF3805DEA
:1037F00080937F04C9016AE070E00E944EF3805D0F
:10380000809380048EE794E0089580E237FFDFCF55
:103810003195219531098DE2DACFA8E0B0E0E3E1FE
:10382000FCE90C947CF32091630628870E942ECF3C
:10383000309145063F83E8858E2F90E0880F991FD1
:103840009C012F5F374E3C832B8336E0E39FC00102
:103850001124FC01E05DF94FFA83E9839C01225DAC
:10386000394F79015F8035E0432E450C11E0312E50
:103870003518252C2194FE82ED82570134E0A30EE9
:10388000B11C48EAC42E4FE1D42E85E0782E75187D
:103890004701E2E08E0E911C82E0682E6518FF81E0
:1038A000F11161C01123D9F0809147061816BCF0C0
:1038B00040914C0650914D0660914E0670914F0616
:1038C0004F5F5F4F6F4F7F4F40934C0650934D06B5
:1038D00060934E0670934F068F5F809347068091EA
:1038E0006201882341F0EB81FC816591749143E092
:1038F000822D0E94BACDF501808180934106FF811F
:10390000F23009F06DC02885209363061092670697
:103910001092660610926506109264068091470622
:10392000823009F44AC080916201882391F011E04D
:1039300080914706823009F010E0809141060E9494
:10394000DA7100E09C014DEE55E1662D812F0E9459
:10395000F62310E02F812F5F2F834212A0CF86E045
:103960008093460619C02F81213029F680914706A1
:10397000813031F080916201811112C010E0BBCF23
:1039800080913A0610923A068823A1F30E94412BB7
:1039900080915C06882371F32896E2E10C9498F3F9
:1039A00081E090914706913009F080E024E047EFF4
:1039B00055E1632D0E941ACEE1CF80913A06109214
:1039C0003A06882309F4AFCF65E772E78DEE95E1FB
:1039D0000E943FD080915C06882309F4A4CFDCCFFD
:1039E0003F81333089F5809147068330B9F080916B
:1039F0006201882309F4ADCF11E08091470683303E
:103A000009F010E0ED81FE8180819181D2DE63E0DA
:103A1000651900E09C0146EE55E198CF80913A0689
:103A200010923A06882319F310E000E024E031E018
:103A300045E050E0B70186EE95E10E9408D0809104
:103A40005C068823A1F2A8CFFF81F43089F580912C
:103A500047068430B1F080916201882309F479CF60
:103A600011E080914706843009F010E0F401808174
:103A700091819FDE64E0651900E09C0142EE55E112
:103A800065CF80913A0610923A06882321F310E020
:103A900000E02EE630E045E050E069817A8182EE78
:103AA00095E10E9408D080915C068823A1F274CF32
:103AB000FF81F53009F04ECF809147068530E1F067
:103AC00080916201882309F444CFDF92CF9284E28F
:103AD00096E19F938F937F9281E090914706953076
:103AE00009F080E08F930E946E1F0F900F900F904F
:103AF0000F900F900F902DCF80913A0610923A06BA
:103B00008823F1F2C114D10411F00E942F84809116
:103B10005C068823A9F240CFCF92DF92EF92FF920A
:103B20000E94EFEE6B017C0120E030E0A9010E94D1
:103B3000E9EE2DEB37E346E055E387FF04C02DEBBC
:103B400037E346E055EBC701B6010E94B4F36B01C1
:103B50007C0120E030E0A9010E94E9EE20E030E0A5
:103B600040E05FE387FF04C020E030E040E05FEB2F
:103B7000C701B6010E94B4F30E9493F4CB0119DE91
:103B8000FF90EF90DF90CF9008958F929F92AF9229
:103B9000BF92CF92DF92EF92FF926B017C01BA014C
:103BA000550F880B990B0E94EFEE9B01AC0160E072
:103BB00070E080E291E40E944BF54B015C0120E053
:103BC00030E040E251E4C701B6010E944EEFA5018A
:103BD00094010E944EEF4B015C0120E030E0A9010E
:103BE000C701B6010E94E9EE20E030E040EA50E46F
:103BF00087FF04C020E030E040EA50ECC501B4018A
:103C00000E94B4F320E030E040E251E40E942BF443
:103C10000E9493F4FF90EF90DF90CF90BF90AF9011
:103C20009F908F900895CF92DF92EF92FF92FC01C8
:103C3000C080D180E280F38020E030E0A901C7019C
:103C4000B6010E94E9EE87FF04C0F7FAF094F7F896
:103C5000F09450E040E0C701B60197DF9B0160E2BD
:103C60002031F7E23F0730F0C90160E177E20E94BE
:103C70003AF3605D60937C04283E83E03807F0F1FE
:103C8000C90168EE73E00E943AF3CB016AE070E08C
:103C90000E943AF3805D80937D0480E224363105F2
:103CA00058F0C90164E670E00E943AF3CB016AE083
:103CB00070E00E943AF3805D80937E0480E22A30B7
:103CC000310558F0EAE0F0E0C901BF010E943AF383
:103CD000CB01BF010E943AF3805D80937F04C9014C
:103CE0006AE070E00E943AF3805D809380048CE784
:103CF00094E0FF90EF90DF90CF90089580E2CBCFDB
:103D0000FC01608171818281938141E050E03DDF5F
:103D10009B018BE237FF05C022273327261B370B79
:103D20008DE280937B04C90168EE73E00E944EF33C
:103D3000CB01EAE0F0E0BF010E944EF3805D80938A
:103D40007C04C90164E670E00E944EF3CB01BF0120
:103D50000E944EF3805D80937D04C901BF010E94E3
:103D60004EF39C01CB01BF010E944EF3805D809316
:103D70007E048EE280937F04205D209380048BE795
:103D800094E00895A4E0B0E0E8ECFEE90C948CF334
:103D900080913A0610923A06882341F010927804F6
:103DA0000E94412B2496E2E00C94A8F360914C060B
:103DB00070914D0680914E0690914F0661157105E8
:103DC0008105910561F10E94EFEE20912201309171
:103DD000230140912401509125010E944EEF209132
:103DE00018103091191040911A1050911B100E9418
:103DF000B4F3609318107093191080931A10909375
:103E00001B1083E00E94592081E080936201109290
:103E10004C0610924D0610924E0610924F0680915D
:103E20006201882309F4BECF20913B0630913C0605
:103E300040913D0650913E06609118107091191006
:103E400080911A1090911B100E94B3F369837A83BA
:103E50008B839C83CE01019653DFBC0189E697E1F9
:103E60000E9486239FCF8F929F92AF92BF92CF9254
:103E7000DF92EF92FF9280913A0610923A068823E1
:103E800069F0109278040E94412BFF90EF90DF9030
:103E9000CF90BF90AF909F908F900895C0904C06A8
:103EA000D0904D06E0904E06F0904F06C114D1041C
:103EB000E104F10451F110924C0610924D0610925B
:103EC0004E0610924F0681E08093620184E00E94CA
:103ED000409281111AC02AE02C9DC0012D9D900DA9
:103EE00011242091760430917704280F391F3093E4
:103EF0007704209376042091EB043091EC04820F38
:103F0000931F9093EC048093EB04809162018823CB
:103F100009F4BBCF6091760470917704072E000CF2
:103F2000880B990B0E94EFEE209192063091930638
:103F300040919406509195060E944EEF43E050E068
:103F400024DE6B017C018BE2F7FE09C0F094E09463
:103F5000D094C094C11CD11CE11CF11C8DE2809353
:103F60007A04C701B60120E137E240E050E00E9448
:103F7000E6F28AE0882E912CA12CB12CCA01B9015D
:103F8000A50194010E94E6F2605D60937B04C70185
:103F9000B60128EE33E040E050E00E94E6F2CA01AC
:103FA000B901A50194010E94E6F2605D60937C0472
:103FB0008EE280937D04C701B60124E630E040E044
:103FC00050E00E94E6F2CA01B901A50194010E94E5
:103FD000E6F2605D60937E04C701B601A50194011D
:103FE0000E94E6F26B01CA01B901A50194010E9489
:103FF000E6F2605D60937F0480E3C80EC0928004A7
:104000006AE774E082E398E10E9486233ECFAAE04B
:10401000B0E0EDE0F0EA0C947DF3382E80913A06A2
:1040200010923A06882341F0109278040E94412BA6
:104030002A96E1E10C9499F360914C0670914D063B
:1040400080914E0690914F0661157105810591058D
:1040500009F45CC020913401222309F4AFC02091FF
:1040600035012111ABC021E0321609F485C0E2E030
:104070003E1609F492C0C0903601D0903701E0900E
:104080003801F09039014090420150904301609016
:104090004401709045010E94EFEE20912201309181
:1040A000230140912401509125010E944EEF6F831E
:1040B000788789879A87F4E03F9E80011124C801A0
:1040C000845F9F4E9E838D83FC01208131814281DC
:1040D00053816F81788589859A850E94B4F34B015D
:1040E0005C01A3019201C701B6010E94E9EE8111B2
:1040F00074C0F801E45FFF4E80829182A282B38295
:10410000832D0E94592081E08093620110924C0619
:1041100010924D0610924E0610924F068091620149
:10412000882309F485CF3092630624E0329EF001A3
:104130001124E45FFF4EC080D180E280F380C98209
:10414000DA82EB82FC822DEC3CEC4CEC5DE360917E
:1041500022017091230180912401909125010E94F8
:1041600017F587FD64C0CE010196CADDBC0187ED5D
:1041700098E20E9486235CCFC0903A01D0903B0128
:10418000E0903C01F0903D01409046015090470185
:1041900060904801709049017ECFC0903E01D09060
:1041A0003F01E0904001F090410140904A01509061
:1041B0004B0160904C0170904D016DCF412C20E57A
:1041C000522E23EC622E27E4722EC12C30E5D32E22
:1041D00033ECE32E37ECF32E5ECF20E030E0A90184
:1041E0006F81788589859A850E94E9EE87FF0FC0E7
:1041F000A7019601C501B4010E94E9EE87FF79CFBE
:10420000ED81FE81C082D182E282F38279CFA30167
:104210009201C501B4010E9417F518160CF069CF80
:10422000ED81FE81408251826282738269CF43E0D8
:1042300050E0C701B601A9DC6B017C0120EA36E839
:1042400041E050E00E94E6F2CA01B9012AE030E004
:1042500040E050E00E94E6F2605DF7FE09C0F09495
:10426000E094D094C094C11CD11CE11CF11C6DE2FF
:1042700060937A04C701B60120E137E240E050E0E4
:104280000E94E6F28AE0882E912CA12CB12CCA0162
:10429000B901A50194010E94E6F2605D60937B0480
:1042A000C701B60128EE33E040E050E00E94E6F29C
:1042B000CA01B901A50194010E94E6F2605D609314
:1042C0007C048EE280937D04C701B60124E630E0D1
:1042D00040E050E00E94E6F2CA01B901A501940154
:1042E0000E94E6F2605D60937E04C701B601A501FD
:1042F00094010E94E6F26B017C01CA01B901A5019B
:1043000094010E94E6F2605D60937F0480E3C80E32
:10431000C09280048AE794E029CF82E078CE81E0E1
:1043200076CE80E074CEFC0180E0309749F0949125
:10433000992331F0907C903809F08F5F3196F7CF58
:104340000895009751F0FC0180E09191992331F09C
:10435000907C9038D1F38F5FF8CF80E00895B0E083
:10436000A0E0E5EBF1EA0C9484F3EC015B018A0137
:10437000FB01099587FD10C0C82ED12CF12CE12C32
:104380002196F801C082D182E282F382CE01CDB7BC
:10439000DEB7EAE00C94A0F3982F907E903CA9F44D
:1043A0008F7190E0B0E0A0E06C017D0156E0CC0C94
:1043B000DD1CEE1CFF1C5A95D1F7CE010196F501CC
:1043C00009958F73C82A2296DCCF982F907F903E54
:1043D00011F58F7090E0B0E0A0E06C017D0136E057
:1043E000CC0CDD1CEE1CFF1C3A95D1F7CE010196DA
:1043F000F50109958F73C82A46E0CC0CDD1CEE1C34
:10440000FF1C4A95D1F7CE010296F50109958F73ED
:10441000C82A2396B6CF982F987F903F79F587705A
:1044200090E0B0E0A0E06C017D0186E0CC0CDD1CEA
:10443000EE1CFF1C8A95D1F7CE010196F501099576
:104440008F73C82A96E0CC0CDD1CEE1CFF1C9A95DD
:10445000D1F7CE010296F50109958F73C82A26E09F
:10446000CC0CDD1CEE1CFF1C2A95D1F7CE01039667
:10447000F50109958F73C82A249683CF982F907CD5
:10448000903841F4807C803869F42196CE01F501A2
:104490000995F8CF8E7F8D3F28F02196CE01F5014A
:1044A0000995F8CFC12CD12C76016BCFCF93DF9338
:1044B000EC010E947E1F20E040E070E060E0CE0151
:1044C0000E94B12ADF91CF910895B0E0A0E0EBE621
:1044D000F2EA0C9482F30E942ECFC091450685E04B
:1044E000A82EAC0E92E0B92ED6E0DC1B85E0F82EAB
:1044F000FC1A84E0E82EEC1A83E0D82EDC1A9B2C00
:104500009C1A81E0C82ECC1A8C2E8194C1115AC0FD
:1045100080914706882309F442C080916201882374
:1045200059F081E090914706911180E024E048E63F
:1045300058E1682D0E941ACE809189068093410629
:10454000C43009F0E0C01092630610926706109222
:1045500066061092650610926406809147068430C4
:1045600009F4BCC080916201882391F011E0809130
:104570004706843009F010E0809141060E94DA710C
:1045800000E09C014DE458E16E2D812F0E94F6233E
:10459000CF5FAC12BBCF87E0809346060EC0809100
:1045A0003A0610923A06882309F4B7CF0E94412BAD
:1045B00080915C06882309F4B0CFCDB7DEB7ECE07C
:1045C0000C949EF3C130B9F5809147068130E1F03B
:1045D00080916201882399F011E080914706813033
:1045E00009F010E08091260190912701E2D800E0C7
:1045F0009C0142E658E16C2D812F0E94F6238091A8
:10460000890680934106C4CF80913A0610923A06FB
:104610008823F1F210E000E027EE33E04AE050E0BA
:1046200066E271E082E698E10E9408D080915C0623
:10463000882371F2C2CFC23009F0C9C08091470609
:104640008230C1F0809162018823C9F211E080912B
:104650004706823009F010E080913D1190913E11A3
:10466000A8D800E09C014BE558E1692D812F0E94FC
:10467000F62362CF80913A0610923A06882311F30E
:104680000E94D5CE07EC12E724E031E050E040E094
:104690006DE371E18BE598E10E9408D080915C06A2
:1046A000882381F28ACF80913A0610923A068823B5
:1046B00009F495C00E94D5CE0BEE1AE12EE630E04B
:1046C00050E040E061E171E187E598E10E9408D0A7
:1046D00080915C06882309F482C06FCF80913A06EE
:1046E00010923A06882309F43DCF0E94D5CE65E3A7
:1046F00072E78DE498E10E943FD080915C068823A8
:1047000009F430CF5ACFC53089F5809147068530FE
:10471000B1F080916201882309F43ACF11E08091D1
:104720004706853009F010E080912C0190912D0111
:1047300040D800E09C0148E458E16F2D26CF8091DD
:104740003A0610923A06882321F302E112E727EE97
:1047500033E04AE050E06CE271E088E498E10E94C6
:1047600008D080915C068823A1F227CFC63009F0DB
:104770000FCFB092630610926706109266061092F1
:1047800065061092640680914706863091F080910C
:104790006201882309F4FCCE81E0909147069630AF
:1047A00009F080E023E04DE358E16D2F0E941ACE1E
:1047B000EFCE80913A0610923A06882341F380E3C7
:1047C00096E774DE80915C06882309F3F6CEC33049
:1047D00009F0B2CE80914706833009F464CF80910E
:1047E0006201882309F40BCF11E0809147068330E2
:1047F00009F010E080911111909112110E94D99B43
:1048000000E09C0147E558E16D2D30CFB0E0A0E01D
:10481000ECE0F4EA0C947DF3FF24F39480913D11D5
:1048200090913E11892B09F4F12C0E942ECFC0915A
:1048300045065C2E95E0692E6C0E83E0E82EEC1A9E
:1048400082E0982E9C1A81E0882E8C1A4C2E41947E
:1048500021E0C22E2FE7D22E35E0A32E38E1B32E71
:1048600086E0782E7C1AC11115C0809147068823F6
:1048700009F4C9C080916201882309F45FC181E015
:1048800090914706911180E024E04DE258E1642DBB
:104890000E941ACE80913D1190913E119093420654
:1048A00080934106C13009F0DCC080914706813019
:1048B00009F4BCC080916201882309F43FC0D1E0B3
:1048C00080914706813009F0D0E0809141069091B7
:1048D00042060E94D99B00E09C0146E258E1682D07
:1048E0008D2F0E94F6238091890680934106C33064
:1048F00029F51092630610926706109266061092D0
:1049000065061092640680914706833009F4E0C082
:1049100080916201882391F0D1E080914706833035
:1049200009F0D0E0809141060E94DA7100E09C011C
:1049300048E158E16E2D8D2F0E94F62310E000E033
:10494000D4E03C2E351800934106CD1325C0F80164
:10495000EE0FFF1FEF5FF74E859194911092630663
:10496000909367068093660610926506109264061F
:10497000809147068C1709F4C0C08091620188239A
:1049800059F081E0909147069D1380E023E04EE0CE
:1049900058E1632D0E941ACE8D2F0F5F1F4FD5E077
:1049A000853089F68091111190911211892B19F49B
:1049B000FF2009F4C1C0C630E9F480914706863073
:1049C00009F4ABC0809162018823A1F0DF92CF92FD
:1049D000BF92AF927F9281E090914706963009F0A6
:1049E00080E08F930E946E1F0F900F900F900F909A
:1049F0000F900F9087E0FF24F394CF5FC61133CF61
:104A0000809346060EC080913A0610923A0688239B
:104A100009F430CF0E94412B80915C06882309F471
:104A200029CFCDB7DEB7E1E10C9499F380913A0636
:104A300010923A06882309F43DCF0E94D5CE0BE7A9
:104A400017E824E031E050E040E061E476E086E2FF
:104A500098E10E9408D080915C06882309F42ACF4F
:104A6000E0CFC23009F03FCF809147068230B9F0E5
:104A700080916201882309F461CFD1E080914706DB
:104A8000823009F0D0E080911111909112110E94B2
:104A9000D99B00E09C0142E258E1692D21CF809131
:104AA0003A0610923A06882319F30E94D5CE0BEEEF
:104AB0001AE12EE630E050E040E061E171E182E28F
:104AC00098E10E9408D080915C06882389F2A9CFE2
:104AD00080913A0610923A06882309F419CF0E9471
:104AE000D5CE65E372E788E198E10E943FD08091DE
:104AF0005C06882309F40CCF94CF80913A0610927B
:104B00003A06882309F439CF8AE298E7CFDC80910E
:104B10005C06882309F431CF84CF80913A06109245
:104B20003A06882309F44ECF0E94017F80915C06EB
:104B3000882309F447CF75CF86E05FCF80913D1180
:104B400090913E119093420680934106CCCEB0E006
:104B5000A0E0EDEAF5EA0C9480F30E942ECFC0911C
:104B600045067C2E85E0682E6C0E9FE8E92E97E1C5
:104B7000F92ED6E0DC1B15E01C1B2DEAC22E27E126
:104B8000D22E04E00C1B31ECA32E37E1B32E82E0D1
:104B9000982E9C1A81E0882E8C1AC1112CC080910D
:104BA00047068823B9F080916201882361F0672D60
:104BB000619581E090914706911180E024E044EDF9
:104BC00057E10E941ACECF5F6C12E7CF87E0809347
:104BD00046060CC080913A0610923A06882319F3D3
:104BE0000E94412B80915C068823E9F2CDB7DEB7A5
:104BF000EEE00C949CF3C13009F5809147068130BA
:104C000079F0809162018823F1F281E0909147066A
:104C1000913009F080E023E046EC58E2682DD1CFD6
:104C200080913A0610923A06882359F385ED96EA68
:104C30003DDC80915C06882321F3D8CFC23009F097
:104C400097C090914706923071F08091620188235D
:104C500009F4B9CF81E0923009F080E020E246EC1F
:104C600057E1692DAECF80913A0610923A0688231B
:104C700061F320ED37E130932A06209329068091D5
:104C80005C06882311F3B2CF90914706933079F0F8
:104C900080916201882309F496CF63E0671981E06F
:104CA000933009F080E020E242EB57E18ACF809117
:104CB0003A0610923A06882359F3B0922A06A09237
:104CC000290680915C06882319F390CF90914706BE
:104CD000943071F080916201882309F474CF81E0EF
:104CE000943009F080E020E240EA57E1602F69CF7C
:104CF00080913A0610923A06882361F3D0922A06F0
:104D0000C092290680915C06882321F36FCF8091A1
:104D10004706853081F080916201882309F453CFE2
:104D200081E090914706953009F080E023E043E967
:104D300057E1612F46CF80913A0610923A068823B8
:104D400051F38AE391EBB2DB80915C06882319F37F
:104D50004DCF80913A0610923A068823C1F0F09226
:104D60002A06E092290680915C06882381F03ECFD6
:104D7000C33009F489CFC43009F4A8CFC53039F263
:104D8000C63009F020CF90914706963011F38091FC
:104D90006201882309F417CF81E0963009F080E0A2
:104DA00020E24EE757E16D2F0CCFB0E0A0E0EBED35
:104DB000F6EA0C9485F30E942ECFC091450685E05B
:104DC000E82EEC0ED4E0DC1B01E092E0F92E13E0BB
:104DD0001C1BDF2CDC1AC02ECC1ABC2EB194C111C6
:104DE0002BC0809147068823B1F08091620188230F
:104DF00059F081E090914706911180E024E047E767
:104E000057E16B2D0E941ACECF5FEC12E8CF85E000
:104E1000809346060CC080913A0610923A06882389
:104E200021F30E94412B80915C068823F1F2CDB7DB
:104E3000DEB7E9E00C94A1F3C13059F51092630696
:104E4000109267061092660610926506109264062C
:104E500080914706813079F0809162018823A1F228
:104E600081E090914706913009F080E023E047ED22
:104E700058E26C2DC7CF80913A0610923A068823EB
:104E800059F388E399E712DB80915C06882321F3CC
:104E9000CECFC23009F066C0009363061092670659
:104EA000109266061092650610926406809147067D
:104EB000823081F080916201882309F4A5CF81E0DE
:104EC00090914706923009F080E023E047ED58E2E8
:104ED0006D2D98CF80913A0610923A06882351F3AF
:104EE00083E399E7E3DA80915C06882319F39FCF87
:104EF000F09263061092670610926606109265069D
:104F00001092640680914706833081F0809162019F
:104F1000882309F479CF81E090914706933009F016
:104F200080E023E047ED58E2612F6CCF80913A0694
:104F300010923A06882351F38EE299E7B7DA80910E
:104F40005C06882319F373CF80913A0610923A06D3
:104F5000882389F088EA97E8A9DA80915C0688239B
:104F600051F065CFC33021F2C43009F04DCF8091AC
:104F70004706843049F380916201882309F444CFC5
:104F800081E090914706943009F080E023E049E603
:104F900057E16D2F37CFA5E0B0E0E1EDF7EA0C94D3
:104FA0007CF30E94E229282E8091061384FB22279D
:104FB00020F92983312C84FF03C00E94EE3A382E59
:104FC0000E942ECF70904506572C85E0870D8A836E
:104FD00051EDE52E56E1F52E81E0482E471883E08D
:104FE00087198B8382E087198C830EEB1AE36EEEB0
:104FF000C62E66E1D62E972D91959D837DE8A72E2E
:1050000076E1B72EECE78E2EE6E19E2E711029C0D8
:10501000809147068823A9F080916201882359F086
:1050200081E090914706911180E024E04AEF56E13B
:105030006D810E941ACE222009F496C024E0622ECF
:10504000ABC080913A0610923A06882329F30E9459
:10505000412B80915C068823F9F22596E2E10C94BD
:1050600098F3222009F480C021E072122FC08091B1
:1050700047068130D9F0809162018823A1F01F9307
:105080000F93DF92CF924F9281E09091470691303B
:1050900009F080E08F930E946E1F0F900F900F9089
:1050A0000F900F900F9094E0692E8DC080913A067A
:1050B00010923A068823F9F20115110511F00E94A9
:1050C000BE3A80915C068823B1F2C7CF82E07812A5
:1050D00025C080914706823099F080916201882333
:1050E00061F081E090914706923009F080E023E082
:1050F00043EE56E16C810E941ACE84E0682E7CC09B
:1051000080913A0610923A06882339F388E899E7A5
:10511000CDD980915C06882301F39FCF93E079126B
:105120008DCF80914706833089F08091620188237A
:1051300021F381E090914706933009F080E023E06D
:105140004EED56E16B810E941ACEADCF80913A06AA
:1051500010923A06882349F385E692EAA7D980910E
:105160005C06882311F379CF80914610823029F0B4
:105170000E94BF40882309F4B1C021E07212C8C068
:1051800080914706813009F47FC0809162018111CE
:105190008EC042E0642E6394671015C0809147066C
:1051A000861509F4C6C080916201882361F0672DDD
:1051B000651981E090914706971180E023E04EEB5E
:1051C00056E10E941ACE81E0860D871115C08091AC
:1051D0004706871509F4BDC080916201882361F0FC
:1051E000672D651981E090914706971180E023E0D3
:1051F00040EB56E10E941ACE82E0860D99819923F8
:1052000009F4D8C0311039C087111CC090914706ED
:10521000971509F4AEC080916201882399F01F921E
:1052200022EA36E13F932F93872D85198F9381E0F2
:10523000971180E08F930E946E1F0F900F900F9038
:105240000F900F9083E0860D871115C0809147065F
:10525000871509F49FC080916201882361F0672D52
:10526000651981E090914706971180E023E041E9BC
:1052700056E10E941ACE84E0860D73942A8127118C
:10528000C5CE80934606E9CE80913A0610923A0642
:10529000882309F47ACF8AEC90E4892B11F00E94DC
:1052A000CA4080915C06882309F46FCFD6CE8AEC81
:1052B00090E49F938F93FF92EF924F9281E09091B1
:1052C0004706913009F080E08F930E946E1F0F9087
:1052D0000F900F900F900F900F905BCF6624639408
:1052E000671059CF809147068615A9F08091620119
:1052F000882309F450CF672D651981E09091470606
:10530000971180E023E04AEC56E10E941ACE43CF89
:1053100032E0632EE5CF80913A0610923A06882358
:1053200029F387EA95EAC2D880915C068823F1F2D6
:1053300094CE80913A0610923A06882309F433CF2E
:1053400086E094EAB3D880915C06882309F42BCFD9
:1053500084CE80913A0610923A06882309F43CCF15
:1053600089E29FEAA3D880915C06882309F434CFB0
:1053700074CE80913A0610923A06882309F44BCFF6
:1053800090922A068092290680915C06882309F46F
:1053900042CF63CE80913A0610923A06882309F4F0
:1053A0005ACF85E494EB82D880915C06882309F477
:1053B00052CF53CE871112C090914706971581F0B6
:1053C00080916201882351F0672D651981E0971162
:1053D00080E020E240E856E10E941ACE83E04CCF04
:1053E00080913A0610923A06882351F3B0922A0629
:1053F000A092290680915C06882311F32ECE8F920D
:105400009F92AF92BF92CF92DF92EF92FF926B0189
:105410007C0120E030E0A9010E94E9EE87FF8BC00B
:105420006DEB77E386E095EBA70196010E94B4F35C
:105430004B015C0142E050E00E94C59D6B017C0184
:1054400020E030E040E251ECC501B4010E94E9EEF9
:10545000181654F420E030E048EC52E4C501B401E1
:105460000E9417F587FD6CC0C701B60120E137E245
:1054700040E050E00E94E6F2CA01B9012AE030E0C3
:1054800040E050E00E94E6F2605DF7FE09C0F09453
:10549000E094D094C094C11CD11CE11CF11C6DE2BD
:1054A00060937B04C701B60128EE33E040E050E092
:1054B0000E94E6F29AE0892E912CA12CB12CCA010F
:1054C000B901A50194010E94E6F2605D60937C043D
:1054D000C701B60124E630E040E050E00E94E6F269
:1054E000CA01B901A50194010E94E6F2605D6093D2
:1054F0007D048EE280937E04C701B601A50194016C
:105500000E94E6F26B01CA01B901A50194010E9453
:10551000E6F2605D60937F0480E3C80EC092800471
:105520008BE794E0FF90EF90DF90CF90BF90AF902B
:105530009F908F9008956DEB77E386E095E374CFAD
:1055400020E030E0A901C501B4010E9417F587FDF4
:105550000BC020E030E040E251E4C501B4010E94FC
:10556000E9EE60E287FD1CC0C701B60128EE33E01A
:1055700040E050E00E94E6F2CA01B9012AE030E0C2
:1055800040E050E00E94E6F2605DF7FE09C0F09452
:10559000E094D094C094C11CD11CE11CF11C6DE2BC
:1055A00060937C04C701B60124E630E040E050E09F
:1055B0000E94E6F28AE0882E912CA12CB12CCA011F
:1055C000B901A50194010E94E6F2605D60937D043B
:1055D0008EE280937E04C701B601A50194010E946A
:1055E000E6F26B01CA01B901A50194010E94E6F23D
:1055F000605D60937F0480E3C80EC09280048CE7F6
:1056000094E090CFA8E8B0E0E8E0FBEA0C947CF3EB
:105610002DB73EB7C957DF4F39832883C758D040CD
:1056200041E064E070E0CE0187589F4F0E9452C86D
:1056300043E050E0BE0167587F4F8EE292E00E9447
:1056400039F7892BB1F1ED968FADED97882339F0BD
:105650008FE3EA968FAFEA97EB961FAEEB970E9427
:105660007543BE0167587F4F8AEF9BE10E941F4B35
:105670008CEE9BE10E944A4311E080910F0581115D
:1056800007C080912C06833018F080E00E9446838A
:10569000812FC957DF4F28813981C758D0400FB6B5
:1056A000F8943EBF0FBE2DBFC857DF4FE2E10C9408
:1056B00098F3CE018F579F4F0E94FE75E9961CAE5E
:1056C0001DAE1EAE1FAEE9971092A5101092A41049
:1056D000CE0181589F4F0E94FE75C158DF4F8881CF
:1056E0009981CF57D0408336924009F028C1CE012E
:1056F0008B579F4F0E94F975EDB6FEB6CB57DF4F23
:10570000C880C558D040D12C83E0C80ED11CCC0C29
:10571000DD1CCC0CDD1CEDB7FEB7EC19FD090FB696
:10572000F894FEBF0FBEEDBF2DB73EB72F5F3F4FC2
:1057300039018DB79EB78C199D090FB6F8949EBF9D
:105740000FBE8DBFEDB7FEB731964F012DB73EB7F7
:105750002C193D090FB6F8943EBF0FBE2DBF0DB7F3
:105760001EB70F5F1F4FB601C3010E940376409121
:105770000F0581E0482764E070E08DEA96E00E9422
:1057800052C8B601C4010E940376B601C8010E9446
:10579000037630910F05CA57DF4F3883C658D04083
:1057A00031114FC0CB57DF4F8881C558D04090E0B2
:1057B0000296ADE9B6E050E040E030E020E068EE6F
:1057C0007BE1E8EDCE2EEBE1DE2EF8ECAF2EFBE137
:1057D000BF2E821793070CF4CCC0F301E40FF51F22
:1057E00020803180428053802D923D924D925D9277
:1057F000821793070CF4C3C0F401E40FF51F208057
:1058000031804280538050962D923D924D925C9211
:105810005397821793070CF4B8C0F801E40FF51FF3
:10582000208031804280538090962D923D924D92FF
:105830005C9293972F5F3F4F4C5F5F4F2430310551
:1058400041F681ED96E00E94C97585ED96E00E94D3
:10585000C97589ED96E00E94C9758DED96E00E94AC
:10586000C97581EE96E00E94C975CE018B589F4F95
:105870000E94C975CE018B589F4F0E94C975CE01F9
:105880008B589F4F0E94C975CE018B589F4F0E9425
:10589000C9758DE696E00E94C9750FB6F894FEBEF4
:1058A0000FBEEDBE8E010F5F1F4FC8010E94F17544
:1058B000CE0183599F4F0E94D175C8010E94C975BE
:1058C0008BE095E00E94C975CE018B589F4F0E94D6
:1058D000C975CE0183599F4F0E94F975CE01835837
:1058E0009F4F0E94F975C8010E94FE75AE96CFAC1D
:1058F000AE97EE964FADEE9783EC2C2D282790E1D6
:10590000299F90011124842790E0982F8827929551
:10591000907F8227932729813A818217930709F084
:105920004DC2C49E60011124E1E0CE1AD10808F4F2
:1059300032C0CE018B589F4F0E94C975F5CF0E948F
:10594000724382E29BE10E944A430E947543609148
:105950001C1070911D106456710987E89BE10E942C
:10596000E34963E672E08FE79BE10E94F04912E0B1
:1059700084CEFB01259035904590549035CFF601AB
:1059800025903590459054903ECFF5012590359067
:105990004590549049CF89E891E10E94F1755AE011
:1059A000D52EDA94CE01DD2029F08B589F4F0E942E
:1059B000C975F7CF8D579F4F0E94F975CE018C574F
:1059C0009F4F0E94F975CE0183589F4F0E94FE752C
:1059D000CD57DF4F8881C358D04033EC832720E177
:1059E000829FC0011124CC57DF4F2881C458D0407A
:1059F000232730E0322F22273295307F82279327CA
:105A0000EF962EAD3FADEF978217930709F0D6C101
:105A1000C8010E94E975CE0183599F4F0E94E97524
:105A2000CD57DF4F8881C358D040833009F095C1EE
:105A3000CC57DF4F9881C458D040933009F08FC1C4
:105A4000CA57DF4F3881C658D040311103C080E0BB
:105A50000E940026BE0163597F4FC8010E9417298A
:105A600040910F0581E0482764E270E08EEB94E0FE
:105A70000E9452C8C8010E94E175CE0183599F4F10
:105A80000E94D17540910F05FF24F3944F2564E0E7
:105A900070E0C8010E9452C887E296E00E94E1755A
:105AA00040910F054F256CE070E08EE296E00E9479
:105AB00052C840910F054F2564E170E0C8010E9473
:105AC00052C8F0900F05F1103AC089809A80AB80DF
:105AD000BC80A5019401C501B4010E94D9F58111D2
:105AE0002EC049845A846B847C846D817E818F8131
:105AF00098858092551190925611A0925711B092AC
:105B0000581121E732EB47E25EE30E944EEF6093CB
:105B1000591170935A1180935B1190935C1121E796
:105B200032EB47E25EE3C301B2010E942BF46093C3
:105B30005D1170935E1180935F119093601141E04D
:105B40004F2562E070E0C8010E9452C8C8010E945F
:105B5000D975F0900F05F1103AC089809A80AB801A
:105B6000BC80A5019401C501B4010E94D9F5811141
:105B70002EC049845A846B847C846D817E818F81A0
:105B800098858092291190922A11A0922B11B0929F
:105B90002C1121E732EB47E25EE30E944EEF609367
:105BA0002D1170932E1180932F119093301121E7B6
:105BB00032EB47E25EE3C301B2010E942BF4609333
:105BC0003111709332118093331190933411C801C5
:105BD0000E94D975C8010E94D175C8010E94D17573
:105BE000C8010E94D17585E0F80111928A95E9F704
:105BF000DD24D3944F2D4D2565E070E0C8010E944F
:105C000052C8C8010E94E17540910F054D2560E220
:105C100070E0C8010E9452C8CE0183599F4F0E9474
:105C2000E17540910F054D2569E070E0C8010E94C3
:105C300052C840910F0541110FC089818093BD0466
:105C40008A819B81AC81BD818093B9049093BA0411
:105C5000A093BB04B093BC04FF24F3944F2562E1EE
:105C600070E0C8010E9452C840910F054F2564E2C0
:105C700070E0C8010E9452C840910F054F2560E1B5
:105C800070E0C8010E9452C840910F054F2562E0A4
:105C900070E0C8010E9452C8C8010E94C9754091B5
:105CA0000F054F2560E170E0C8010E9452C8409185
:105CB0000F054F256CE670E0C8010E9452C8409164
:105CC0000F054F2568E070E0C8010E9452C8C80166
:105CD0000E94F175CE0183589F4F0E94D175CE016D
:105CE00083599F4F0E94C97580911C1090911D107F
:105CF000873C924009F023CE2091A4103091A5104A
:105D0000CF57DF4F88819981C158D0402817390774
:105D1000D9F580910F05811118C00E9475438EE25C
:105D200092E00E9477D563E672E08FE99BE10E94E2
:105D3000D7496091A4107091A51082E99BE10E945F
:105D4000D7498FE89BE10E944A4380910F0581115A
:105D500002C00E94D09610E090CC843078F5CC57E9
:105D6000DF4F9881C458D040943040F5899F60013E
:105D7000112481E0C81AD10808F47CCECE018B58DA
:105D80009F4F0E94C975F5CF0E947243CF57DF4FD6
:105D900068817981C158D0408FE49BE10E94D74946
:105DA0006091A4107091A5108AE49BE10E94D749EC
:105DB0008AE39BE10E944A4313E05FCC0E94724356
:105DC0008FE69BE10E944A4314E057CC84E690E0C2
:105DD00090931D1080931C101092A5101092A41087
:105DE00011CCCF9381E080930F05F0DFC82F109284
:105DF0000F058823D1F0EFEFE80F90E080E0E4306A
:105E000038F4F0E0EE0FFF1FEA5DFD4F80819181D5
:105E100060E00E94D51FC093410620E040E070E0A2
:105E200060E08EE297E30E94B12A81E0C11180E038
:105E3000CF910895CF93D5DFC82F882339F0C6DFDF
:105E4000C1E08111C0E08C2FCF9108950E94B797D7
:105E5000FACFA6E0B0E0EFE2FFEA0C947CF30E94F8
:105E6000A42A382E0E942ECF209145062D832E8302
:105E7000822F8B5F898383E0821B8A8382E0821B6F
:105E80008B8381E0821B8C83222E219458EA652E1D
:105E90005FE1752E6CEA462E6FE1562E2D812111A1
:105EA000E6C080914706882309F4CFC08091620143
:105EB000882359F081E090914706911180E024E019
:105EC0004BE656E1622D0E941ACE3110EBC08D8157
:105ED000833009F460C124E0F22E10E000E0ED8090
:105EE0009E81E91A2D812F1125C0F801EE0FFF1FA9
:105EF000EF5FF74E85919491009363069093670648
:105F0000809366061092650610926406809147069B
:105F1000821709F468C180916201882359F081E0F9
:105F2000909147069F1180E023E043E356E16E2DF8
:105F30000E941ACEDF2CFF24F394FD0C01301105D2
:105F400009F04EC18D81F81223C0809147069D81D2
:105F5000891709F459C1809162018823C9F07F92A1
:105F60006F9284E296E19F938F938D819E81891B2E
:105F70008F9381E0909147062D81921380E08F935B
:105F80000E946E1F0F900F900F900F900F900F9028
:105F900082E08D0D311050C09D81891324C0809105
:105FA0004706891709F442C1809162018823D9F01C
:105FB0008AEA9FE19F938F9386E196E19F938F9367
:105FC0008D812E81821B8F9381E0909147062D81D8
:105FD000921380E08F930E946E1F0F900F900F908E
:105FE0000F900F900F9083E08D0D9D81891322C03B
:105FF00080914706891709F42BC18091620188239B
:10600000C9F05F924F9285E096E19F938F938D81C7
:106010002E81821B8F9381E0909147062D819213F0
:1060200080E08F930E946E1F0F900F900F900F9043
:106030000F900F9084E08D0D9D819F5F9D8329813E
:1060400092132CCF809346060EC080913A06109290
:106050003A06882309F42ACF0E94412B80915C06DE
:10606000882309F423CF2696E2E10C9498F38D81DE
:10607000813051F5809147068130B9F080916201FD
:10608000882309F422CF81E090914706913009F0EE
:1060900080E023E049E556E16C810E941ACE33206E
:1060A00009F419CF93E0F92E18CF80913A06109297
:1060B0003A06882319F38FE59BE20E9456A280914D
:1060C0005C068823D9F2CFCF9D81923009F0FDCEB6
:1060D000809147068230E9F080916201882309F4BB
:1060E000F4CE11E080914706823009F010E0609113
:1060F00091117091921180919311909194117FD987
:1061000000E09C014AE456E16B81812F0E94F62356
:10611000C6CF80913A0610923A068823E9F220E031
:1061200030E048EC52E460919111709192118091AD
:106130009311909194110E944EEF2FE632E143E8C3
:106140005AE30E94B4F30E9493F45B016C012FECBC
:10615000A20E27E0B21EC11CD11C1F921F9232E179
:10616000832E38E3932E1FE9E12E1FE0F12E00E08D
:1061700010E021E338EF4FEF5FEF61E971E18AE46E
:1061800096E10E94E1CE0F900F9080915C068823EB
:1061900009F4A2CF68CF80914706833091F08091B7
:1061A0006201882309F497CE81E0909147069330ED
:1061B00009F080E023E042E456E16A810E941ACEB1
:1061C0008ACE80913A0610923A06882341F38EEEE9
:1061D00096E70E9456A280915C06882301F343CF84
:1061E00001E010E07FCE80913A0610923A068823B3
:1061F00009F491CE8DE09CE90E9456A280915C0644
:10620000882309F488CE2FCF80913A0610923A065F
:10621000882309F4A0CE6114710411F00E942F8428
:1062200080915C06882309F496CE1DCF80913A06B2
:1062300010923A06882309F4B7CE8AEA9FE1892BA7
:1062400009F0F8DD80915C06882309F4ADCE0BCF10
:1062500080913A0610923A06882309F4CECE411472
:10626000510411F00E94B79780915C06882309F4CD
:10627000C4CEF9CEA8E0B0E0E0E4F1EB0C947CF3FE
:1062800080916806877089832090B1043090B204B1
:106290004090B3045090B4040E942ECF2091450644
:1062A0002F833981373009F071C089EA95E19B83EA
:1062B0008A837F80372D3B5F3C8366246394472D20
:1062C00041954D83C301891B8E832F81222309F4BD
:1062D00062C03981373009F462C29F81913009F080
:1062E00057C290914706913009F46AC180916201CA
:1062F000811179C112E041E0410F488789818730DF
:1063000009F064C020E030E0A901C201B1010E949F
:10631000E9EE882309F45AC028853F81231333C04E
:106320004091B004488780914706831315C080913F
:106330003A0610923A06882379F04625488783E08A
:10634000809362018DE296E2892B11F00E942D2646
:1063500080915C06811130C180916201882399F09F
:106360006F81671981E0909147062F81921380E039
:106370003885332309F46EC12AE835E101E04DE8A0
:1063800055E10E94F6231E5F188720C024EA35E1FC
:106390003B832A838ECF80914706882309F4FEC071
:1063A00080916201882309F494CF81E0909147069F
:1063B000911180E024E047EB55E16D810E941ACEF7
:1063C0004981473009F442C183E088878091AC0459
:1063D0009091AD04A091AE04B091AF0480934106BA
:1063E00090934206A0934306B093440648858F815C
:1063F000481351C080914706841709F42EC180913B
:106400006201882309F447C0BF80B71811E080916A
:1064100047069F81891310E0C0904106D090420644
:10642000E0904306F090440620E030E0A901C70167
:10643000B6010E94E9EE2DEB37E346E055EB87FD10
:1064400004C02DEB37E346E055E3C701B6010E94D7
:10645000B4F36B017C0120E030E0A9010E94E9EE79
:1064600020E030E040E05FEB87FD04C020E030E05A
:1064700040E05FE3C701B6010E94B4F30E9493F4C9
:10648000CB010E94D99B00E09C014AE755E16B2DAE
:10649000812F0E94F62388858F5F2F81821323C06E
:1064A00080914706821709F40BC18091620188230D
:1064B000D1F0FF80F71811E0809147064F818413D7
:1064C00010E06091911170919211809193119091CF
:1064D00094110E94FFA900E09C014BE655E16F2D4D
:1064E000812F0E94F62388858E5F9F81891323C0A8
:1064F00080914706891709F426C18091620188239B
:10650000D1F08AEA9FE19F938F938DE595E19F9368
:106510008F938F8187198F9381E0909147063F81F8
:10652000931380E08F930E946E1F0F900F900F9037
:106530000F900F900F9088858D5F4F81841323C03B
:1065400080914706841709F410C180916201882365
:10655000D1F088EA9FE19F938F938EE495E19F931A
:106560008F938F8187198F9381E0909147062F81B8
:10657000921380E08F930E946E1F0F900F900F90E8
:106580000F900F900F903F813F5F3F834C814313EB
:106590009CCE88858C5F809346060EC080913A061B
:1065A00010923A06882309F4FBCE0E94412B809179
:1065B0005C06882309F4F4CE2896E2E10C9498F363
:1065C00080913A0610923A06882309F48FCE20ED86
:1065D00037E130932A062093290680915C068823B0
:1065E00009F484CEE9CF81E0913009F080E020E227
:1065F0004DEA55E16E810E941ACE7CCE90914706FD
:106600003F81931731F080916201811113C01F8186
:1066100072CE80913A0610923A068823A1F32A811D
:106620003B8130932A062093290680915C068823BB
:1066300051F3C2CF6F81671981E03F81931380E0EE
:1066400020E24AE955E10E941ACEE1CF92E0988714
:1066500011E058CE26E835E191CE80913A061092AD
:106660003A06882309F4CBCE0E94D5CE609141062C
:106670007091420680914306909144060E9493F4E3
:106680002BEB36E73F932F9320E0822E2AE7922EC2
:106690005B016C0114E6E12EF12C00E010E020E03B
:1066A00030E0A90161E476E08AE795E10E94E1CE5D
:1066B0000F900F9080915C06882309F4A0CE7CCFC8
:1066C00080913A0610923A06882309F4EECE20E033
:1066D00030E048EC52E460919111709192118091F8
:1066E0009311909194110E944EEF2FE632E143E80E
:1066F0005AE30E94B4F30E9493F45B016C013FECF7
:10670000A30E37E0B31EC11CD11C1F921F9282E161
:10671000882E88E3982E1FE9E12E1FE0F12E00E07D
:1067200010E021E338EF4FEF5FEF61E971E18BE6B5
:1067300095E10E94E1CE0F900F9080915C06882336
:1067400009F4B3CE39CF80913A0610923A068823E5
:1067500009F4D3CE2AEA3FE1232B09F06BDB8091C9
:106760005C06882309F4C9CE27CF80913A0610929F
:106770003A06882309F4E9CE88EA9FE1892B11F0D3
:106780000E942F8480915C06882309F4DECE14CF0A
:106790009F81923009F432CF23E0288717CE3F81C2
:1067A000313009F42BCF42E0488752CFA6E2B0E067
:1067B000ECEDF3EB0C9486F3182F0E9440928123AA
:1067C00009F461C040916A0250916B0260916C02C1
:1067D00070916D024F8F58A369A37AA330E020E037
:1067E000E0E090E0AC01022E02C0559547950A9476
:1067F000E2F740FF11C063E270E06C0F7D1F6E0F87
:10680000711D4FE150E04C0F5D1F420F531FDA0125
:106810004C91DB014C93EF5F2F5F3F4F23303105ED
:1068200009F78E010D5D1F4FE00FF12FF11D108252
:106830001F930F9383EFC82E88E1D82EDF92CF925B
:10684000CE0101967C019F938F930E9482EE0E945D
:106850007543C7010E9477D50E9471D51F930F938E
:10686000DF92CF92FF92EF920E9482EEC7010E94C8
:1068700006C70FB6F894DEBF0FBECDBF81E0A69667
:10688000E8E00C94A2F380E0FACFABE1B0E0EBE4F7
:10689000F4EB0C947DF380914806882351F08091AD
:1068A000061384FF56C00E94ECDB9093EE048093A5
:1068B000ED040E942ECF10914506412E85E0582E02
:1068C000510E312E319497EAC92E99E7D92E27E33C
:1068D000A22E27E1B22E01E0011B3CE3832E37E11B
:1068E000932E111113C0809147068823A9F180913E
:1068F0006201882359F081E090914706911180E070
:1069000024E045E457E1632D0E941ACE80910613DE
:1069100086FF42C01130D9F480914706813069F179
:1069200080916201882309F42AC11F929F928F925D
:106930000F9381E090914706913009F080E08F93AA
:106940000E946E1F0F900F900F900F900F9082E09B
:1069500053C090E080E0A9CF80913A0610923A06A9
:10696000882329F20E94412B80915C06882309F438
:10697000BECF6B96E1E10C9499F380913A061092A8
:106980003A06882369F2109245060E9493DD8091B1
:106990005C06882329F2EDCF84FF2DC01130B9F6B3
:1069A000809147068130D1F080916201882309F4FB
:1069B000E6C0DF92CF92BF92AF920F9381E09091A9
:1069C0004706913009F080E08F930E946E1F0F9070
:1069D0000F900F900F900F900F90B9CF80913A06C3
:1069E00010923A06882301F30E94A77980915C06F1
:1069F0008823D1F2BECF81E090916201992309F4FE
:106A0000BFC0782EF12CE12C612E6418872D2091C7
:106A1000ED043091EE04E216F3060CF0B1C07112F1
:106A20008DC08091071390910813E816F9060CF0B9
:106A30006FC0F701E750FA4F808190E00E945EDC62
:106A4000809106139091470685FF7DC091136BC01E
:106A500080913A0610923A06882309F464C019829C
:106A60001C828091C4106CED70E1882311F061EC00
:106A700070E121E04EE150E1CE0101960E943F7BA2
:106A8000882309F447C08BE1FE013196A1ECB0E107
:106A900001900D928A95E1F7809106138F7B809388
:106AA0000613A091FB12AA3080F481E08A0F809334
:106AB000FB128BE18A9FD0011124A351BE4EE1EC61
:106AC000F0E101900D928A95E1F78FEF9FEF90939F
:106AD0005601809355010E9497DCCE0101960E94D9
:106AE0003A7B1092450682E090E0A0E0B0E080930F
:106AF0004C0690934D06A0934E06B0934F0681E04E
:106B000080935C061092750483E08093620131CF1C
:106B1000C70194CF0E9475436EE170E181E297E175
:106B20000E943CDFDACF80916201882339F081E056
:106B3000911380E041E0662D0E9462CE8FEFE81A4B
:106B4000F80A739463CF911759F0809162018823FA
:106B5000A9F381E090914706911380E040E0EBCFEC
:106B600080913A0610923A06882379F381E699E7F4
:106B70000E9456A280915C06882339F3FACE82E007
:106B80001F5F5112AECE80934606F3CEFC012081EA
:106B90008091A4109091A510922728E0AC01880F55
:106BA000991F57FD07C02150C9F79093A5108093F6
:106BB000A4100895F1E28F27F0E19F27F4CFFC01A4
:106BC000808108953FB7F8948091511390915213AA
:106BD000A0915313B091541326B5A89B05C02F3F25
:106BE00019F00196A11DB11D3FBFBA2FA92F982FF3
:106BF0008827BC01CD01620F711D811D911D42E0EE
:106C0000660F771F881F991F4A95D1F70895B0E046
:106C1000A0E0EDE0F6EB0C9484F36C017B018B01BA
:106C2000040F151FEB015E01AE18BF08C017D10796
:106C300059F06991D601ED91FC910190F081E02D20
:106C4000C6010995892B79F7C501CDB7DEB7EAE012
:106C50000C94A0F3089580E00895FC0184918823AA
:106C600021F0823011F083E0089586E00895EF92DC
:106C7000FF920F931F93CF93DF93EC01162FEC80BD
:106C8000FD80F7010491C701E8DFA82F013039F139
:106C90000FEF2C813D81F9013A9644913196549140
:106CA00033976491319684911136D8F070E0762F45
:106CB0006627860F972F911D009799F08E0D9F1DC7
:106CC00041E6511720F5188A1B8A1C8A198A1A8AEC
:106CD00090E080E0CDB7DEB7E6E00C94A4F30FE0DF
:106CE000D8CFF9013696649131968491113460F0D1
:106CF00070E0762F6627860F972F911D009721F061
:106D00008E0D9F1D41E4DDCFC7014196DACF5417A8
:106D1000D0F2B0E0FC0164916F3F29F40196451771
:106D200091F24F5FF7CF411333C0F9012491AC01C9
:106D30004F5F5F4FFC01222311F0223091F4249128
:106D40002B8BFA0144914C8BFC013396E491E88B38
:106D5000FC013496E491E98BFC013596E491EA8BD1
:106D6000B9CF2491322F3F7032503A8B22952F7039
:106D7000298BFA014491242F2F702C8B42954F7050
:106D80004B8BFC013296E491E295EF70E88BA2CF39
:106D90003296649160236A0F7B2F711D860F971FB7
:106DA000BECF81E008950F93FC010150040F84A928
:106DB00096A9941788F0081710F4041778F4215056
:106DC000260F83A995A9961758F0281760F481E03B
:106DD000261720F40F910895081778F780E0FACF6E
:106DE0002817A8F7FBCF81E0F5CFFC01938591FF31
:106DF00002C080E00895987121E0903109F020E010
:106E00008091061320FB85F980930613903141F0A1
:106E10008085873471F781E091859E3751F308951D
:106E200081E0FDCF9C01FC0190E08EE2DB014D9101
:106E3000BD01403249F0983011F480833196DB0176
:106E400011974C91408331969F5F9B3079F7108268
:106E5000C9010895CF93DF93EC01CB01E881F9815B
:106E6000608171810E94297A28813981D901ED914F
:106E7000FC91AA81BB818C919081992359F089362C
:106E8000C8F4CF010196F901918380838C918F5FC3
:106E90008C93EACF893670F48FE28083E881F981A0
:106EA00080819181019691838083EA81FB81808139
:106EB0008F5F8083DF91CF910895A9E7B0E0E3E68B
:106EC000F7EB0C947CF37C018B01A5965FAF4EAF82
:106ED000A5972091B1063091B2064091B30650912A
:106EE000B406DC016D917D918D919C910E944EEFD5
:106EF0000E941BF5E1966CAF7DAF8EAF9FAFE1971F
:106F00002091B5063091B6064091B7065091B8066B
:106F1000F70164817581868197810E944EEF0E94FE
:106F20001BF5E5966CAF7DAF8EAF9FAFE5972091D7
:106F3000B9063091BA064091BB065091BC06D70104
:106F400018966D917D918D919C911B970E944EEFAB
:106F50000E941BF5E9966CAF7DAF8EAF9FAFE997AE
:106F60002091BD063091BE064091BF065091C006EB
:106F7000F70164857585868597850E944EEF0E948E
:106F80001BF5AD966CAF7DAF8EAF9FAFAD97809187
:106F90009C0683FF0EC0AD962CAD3DAD4EAD5FADF2
:106FA000AD972093A8113093A9114093AA11509343
:106FB000AB11D8018D919D910D90BC91A02D2B9678
:106FC0008CAF9DAFAEAFBFAF2B9790919B118091CF
:106FD0009A11891738F0891B8F3031F480E00E94B4
:106FE000294BF3CF805FF7CF80919A110E948F20B9
:106FF000EA968FAFEA9700919A1180919A06909144
:107000009B06892B11F00C943DC680919C119091A8
:107010009D11A0919E11B0919F11E1968CAC9DACF9
:10702000AEACBFACE197881A990AAA0ABB0A809154
:10703000A0119091A111A091A211B091A311E59678
:107040002CAD3DAD4EAD5FADE597281B390B4A0B1E
:107050005B0B2FAB38AF49AF5AAF8091A411909121
:10706000A511A091A611B091A711E9962CAD3DAD47
:107070004EAD5FADE997281B390B4A0B5B0B2F9682
:107080002CAF3DAF4EAF5FAF2F978091A81190917D
:10709000A911A091AA11B091AB11AD96CCACDDAC09
:1070A000EEACFFACAD97C81AD90AEA0AFB0A09F49C
:1070B00061C00E9480878823B9F0AD968CAD9DADEC
:1070C000AEADBFADAD978093A8119093A911A093D9
:1070D000AA11B093AB110E94754386E19AE20E9417
:1070E0004A43C12CD12C7601C701B6010E94EFEEB4
:1070F00020916701309168014091690150916A01C6
:107100000E944EEF2B013C0120E030E0A9010E94DB
:1071100017F587FF04C077FA709477F8709420E031
:1071200030E04AE754E46091BD067091BE0680915C
:10713000BF069091C0060E944EEFA30192010E94EB
:10714000E9EE87FF17C0AD962CAD3DAD4EAD5FADFE
:10715000AD972093A8113093A9114093AA11509391
:10716000AB110E94754387EF99E20E944A43C12CFC
:10717000D12C7601D501C4018827B7FD83959927C5
:10718000AA27BB27182F2FA938AD49AD5AAD57FDF7
:1071900012602F968CAD9DADAEADBFAD2F97B7FDF4
:1071A0001460F7FC1860C701B6010E94EFEE209151
:1071B0006701309168014091690150916A010E9414
:1071C0004EEF6B017C0120E030E0A9010E9417F531
:1071D00087FFB3C3C701B6019058202E312CABE412
:1071E0000A9F90011124F901EB51F94FFCABEBAB75
:1071F00020E030E040E05FE30E94B4F30E9498F4A6
:107200006BAF7CAF8DAF9EAFABA9BCA91C92D596DE
:107210001C932F962CAD3DAD4EAD5FAD2F9767966D
:107220002CAF3DAF4EAF5FAF679757FF0DC0509586
:107230004095309521953F4F4F4F5F4F67962CAF4C
:107240003DAF4EAF5FAF67974FA858AC69AC7AAC13
:1072500077FE08C07094609450944094411C511C77
:10726000611C711C23968CAE9DAEAEAEBFAE239753
:10727000B7FE0DC088279927DC0188199909AA094A
:10728000BB0923968CAF9DAFAEAFBFAF23972396BC
:107290002CAD3DAD4EAD5FAD2397ABA9BCA95596C6
:1072A0002D933D934D935C935897FD01418E528EE3
:1072B000638E748E67962CAD3DAD4EAD5FAD679716
:1072C0005D962D933D934D935C939097C501B401CA
:1072D0000E94EFEE20918A0630918B0640918C0639
:1072E00050918D060E944EEF27966CAF7DAF8EAF0A
:1072F0009FAF279769A37AA38BA39CA36FA978ADAF
:1073000089AD9AAD0E94EFEE20918E0630918F06E6
:1073100040919006509191060E944EEF63966CAF9B
:107320007DAF8EAF9FAF63976DA37EA38FA398A70A
:107330002F966CAD7DAD8EAD9FAD2F970E94EFEE79
:1073400020919206309193064091940650919506B3
:107350000E944EEF2F966CAF7DAF8EAF9FAF2F97F1
:1073600069A77AA78BA79CA72091960630919706CC
:107370004091980650919906C701B6010E944EEFC0
:107380006FAB78AF89AF9AAF6DA77EA78FA798AB89
:1073900023962CAD3DAD4EAD5FAD23972630310524
:1073A000410551050CF0D1C236E043165104610489
:1073B00071040CF0CAC267968CAD9DADAEADBFAD89
:1073C00067970697A105B1050CF0BFC220E030E039
:1073D000A9016FA978AD89AD9AAD0E9417F587FF15
:1073E000AFC28FA998ADA9ADBAADB0582BE4229D1C
:1073F000F001239DF00D1124EB51F94F85879687FD
:10740000A787B08B8BE4829DF001839DF00D112442
:10741000EB51F94F2BAD3CAD4DAD5EAD21A332A389
:1074200043A354A367968CAD9DADAEADBFAD67973A
:1074300084159505A605B70510F4D301C20123965E
:107440002CAD3DAD4EAD5FAD239782179307A407DA
:10745000B50710F4DA01C9012BAD3CAD4DAD5EAD01
:1074600082179307A407B50710F4DA01C9012BE4CA
:10747000229DF001239DF00D1124EB51F94F85A3BE
:1074800096A3A7A3B0A70697A105B10510F40C9485
:1074900035C6EA5BFF4F80918906808389288A2858
:1074A0008B2819F080E00E9431838BE4829DF001EB
:1074B000839DF00D1124EB51F94F818D928DA38D99
:1074C000B48D892B8A2B8B2B19F081E00E9431839C
:1074D0008BE4829DF001839DF00D1124EB51F94F57
:1074E000858D968DA78DB0A1892B8A2B8B2B19F0BA
:1074F00082E00E9431838BAD9CADADADBEAD892BDA
:107500008A2B8B2B11F40C943FC60E94F382C090FF
:10751000DD06D090DE06E090DF06F090E006A701E1
:1075200096012B966CAD7DAD8EAD9FAD2B970E94D5
:10753000E9EE87FD06C02B96CCACDDACEEACFFAC23
:107540002B978BE4829DF001839DF00D1124EB516C
:10755000F94F258536854785508960E070E080E8E1
:107560009FE30E942BF423966CAF7DAF8EAF9FAF4D
:107570002397A70196010E944EEF6B017C01909129
:10758000981180919A11891708F43AC2891BA49620
:107590008FAFA497A701960160E074E284E799E4B5
:1075A0000E942BF40E941BF54B015C01A4968FAD49
:1075B000A49782508630B0F56091AD067091AE060A
:1075C0008091AF069091B006681979098A099B09E4
:1075D00016161706180619062CF5660F771F881F52
:1075E000991FA496AFADA4972A2F30E050E040E059
:1075F0000E94E6F2CA01B9010E94EFEE0E9493F4E4
:10760000860E971EA81EB91EC501B4010E94EFEE9A
:107610009B01AC0160E074E284E799E40E942BF4E2
:107620006B017C010E94198A409185065091860663
:107630006091870670918806480D591D6A1D7B1D53
:10764000409385065093860660938706709388065C
:107650009BE4929DF001939DF00D1124E45DF84FA1
:1076600080829182A282B38281110E94268A8BE459
:10767000829D8001839D100D11240B51194FF8013B
:107680002585368547855089C701B6010E944EEF92
:107690006B966CAF7DAF8EAF9FAF6B97D801119695
:1076A0006D937D938D939C93149795962D913D9119
:1076B0004D915C9198972B962CAF3DAF4EAF5FAF3D
:1076C0002B97CA01B9010E94EDEE67966CAF7DAFB2
:1076D0008EAF9FAF67979B01AC01C701B6010E94B7
:1076E0004EEF0E9418F40E9498F46F966CAF7DAF35
:1076F0008EAF9FAF6F97F80166AB77AB80AF91AF5E
:107700008E010F5D1F4F21EC36E0A7963FAF2EAFE5
:10771000A797AE01435D5F4F5AAB49AB412C512C4B
:10772000E0E86E2EEFE37E2ED8012D913D914D9134
:107730005D918D01C701B6010E944EEF4B015C01C6
:1077400020E030E0A9010E9417F587FF04C0B7FAD6
:10775000B094B7F8B094A796AEADBFADA7972D91F2
:107760003D914D915D91A796BFAFAEAFA797A39600
:107770002CAF3DAF4EAF5FAFA397A5019401A39689
:107780006CAD7DAD8EAD9FADA3970E94E9EE87FFF6
:1077900014C0A5019401A3966CAD7DAD8EAD9FADD7
:1077A000A3970E942BF44B015C01A30192010E945C
:1077B000E9EE87FF02C024013501E9A9FAA9E01723
:1077C000F10709F0B1CFA70196016FA978AD89AD96
:1077D0009AAD0E944EEF6B017C0120E030E0A901E0
:1077E0000E9417F587FF04C0F7FAF094F7F8F094B9
:1077F0008090CD069090CE06A090CF06B090D00697
:10780000A7019601C501B4010E94E9EE87FF10C0EF
:10781000A7019601C501B4010E942BF46B017C0104
:10782000A30192010E94E9EE87FF02C02601370101
:1078300020E030E040E85FE3C301B2010E94E9EEDE
:1078400087FF2CC08BE4829D8001839D100D112445
:107850000B51194F6F966CAD7DAD8EAD9FAD6F978F
:107860000E94EDEEA30192010E944EEF0E9498F457
:10787000D801D6966D937D938D939C93D997A30150
:1078800092016B966CAD7DAD8EAD9FAD6B970E94F6
:107890004EEFF801618372838383948367962CADE6
:1078A0003DAD4EAD5FAD679723966CAD7DAD8EADB2
:1078B0009FAD23970E944EEFA9966CAF7DAF8EAF20
:1078C0009FAFA9978BE4829DF001839DF00D112459
:1078D000EB51F94F85889688A788B08C8114910464
:1078E000A104B10409F08EC0818D928DA38DB48D59
:1078F000892B8A2B8B2B09F085C0858D968DA78DC2
:10790000B0A1892B8A2B8B2B09F07CC02091D50646
:107910003091D6064091D7065091D806A9966CAD05
:107920007DAD8EAD9FADA9970E944EEF0E9418F4D9
:107930000E9498F46B017C0161C1C701B6014DCC76
:107940008FA998ADA9ADBAAD51CDA596AEADBFADDD
:10795000A597CD90DD90ED90FC9020E030E0A9015E
:10796000C701B6010E94E9EE882369F08BE4829D8D
:10797000F001839DF00D1124EB51F94FC586D68699
:10798000E786F08A3FCD27962CAD3DAD4EAD5FAD7D
:107990002797CA01B9010E944EEF6B017C016396E3
:1079A0002CAD3DAD4EAD5FAD6397CA01B9010E94EC
:1079B0004EEF9B01AC01C701B6010E94B4F36B010D
:1079C0007C012F962CAD3DAD4EAD5FAD2F97CA011A
:1079D000B9010E944EEF9B01AC01C701B6010E94A4
:1079E000B4F30E949BF52BE4229DF001239DF00D42
:1079F0001124EB51F94F658776878787908B02CDED
:107A0000805FC4CD2BAD3CAD4DAD5EAD232B242BA3
:107A1000252B09F45BC62091D1063091D206409106
:107A2000D3065091D406A9966CAD7DAD8EAD9FADB9
:107A3000A9970E944EEF0E9418F40E9498F46B01DF
:107A40007C018091810690918206A0918306B0917D
:107A50008406EBA9FCA9218D328D438D548D6B9644
:107A60002CAF3DAF4EAF5FAF6B97258D368D478DF9
:107A700050A16F962CAF3DAF4EAF5FAF6F9721A176
:107A800032A143A154A1A3962CAF3DAF4EAF5FAF3F
:107A9000A3972B962CAD3DAD4EAD5FAD2B978217C6
:107AA0009307A407B50708F41AC681149104A1042A
:107AB000B104D1F0609171067091720680917306E5
:107AC000909174066C157D058E059F0568F40E94E3
:107AD000B5F2A50194010E94C4F22C153D054E0596
:107AE0005F0510F469017A016B968CAD9DADAEAD6A
:107AF000BFAD6B97892B8A2B8B2B21F1609175067B
:107B00007091760680917706909178066C157D05C8
:107B10008E059F05B8F42B962CAD3DAD4EAD5FADF7
:107B20002B970E94B5F26B962CAD3DAD4EAD5FAD7F
:107B30006B970E94C4F22C153D054E055F0510F4AD
:107B400069017A016F962CAD3DAD4EAD5FAD6F977B
:107B5000232B242B252B21F16091790670917A0635
:107B600080917B0690917C066C157D058E059F05A6
:107B7000B8F42B962CAD3DAD4EAD5FAD2B970E946A
:107B8000B5F26F962CAD3DAD4EAD5FAD6F970E94D7
:107B9000C4F22C153D054E055F0510F469017A010C
:107BA000A3968CAD9DADAEADBFADA397892B8A2BAF
:107BB0008B2B21F160917D0670917E0680917F066E
:107BC000909180066C157D058E059F05B8F42B9667
:107BD0002CAD3DAD4EAD5FAD2B970E94B5F2A39697
:107BE0002CAD3DAD4EAD5FADA3970E94C4F22C15F8
:107BF0003D054E055F0510F469017A018BE4829D15
:107C00008001839D100D11240B51194FF801EE5B7B
:107C1000FF4FC082D182E282F382C701B6010E9487
:107C2000EDEE6B017C01A9962CAD3DAD4EAD5FAD87
:107C3000A9970E942BF4D80151966D937D938D9353
:107C40009C9354972DEB37E346E051E4C701B6010E
:107C50000E944EEF0E9498F4F80161AB72AB83ABC7
:107C600094AB27962CAD3DAD4EAD5FAD2797298BDC
:107C70003A8B4B8B5C8B63968CAD9DADAEADBFAD3F
:107C800063978D8B9E8BAF8BB88F2F962CAD3DADB0
:107C90004EAD5FAD2F97298F3A8F4B8F5C8F8FA999
:107CA00098ADA9ADBAAD8D8F9E8FAF8FB8A32BAD18
:107CB0003CAD4DAD5EAD232B242B252B09F419C60D
:107CC0008E010F5E1F4F3E0131E2630E711CC12C0D
:107CD000D12C7601D8018D909D90AD90BD908D01F5
:107CE00020E030E0A901C501B4010E94E9EE88233B
:107CF00071F0A5019401C501B4010E944EEF9B01F2
:107D0000AC01C701B6010E94B4F36B017C0160169F
:107D1000710601F7C701B6010E949BF59B01AC01FA
:107D200060E070E080E89FE30E942BF46B017C012F
:107D3000AC019B0127966CAD7DAD8EAD9FAD2797B5
:107D40000E944EEF698B7A8B8B8B9C8BA7019601DF
:107D500063966CAD7DAD8EAD9FAD63970E944EEF87
:107D60006D8B7E8B8F8B988FA70196012F966CADB4
:107D70007DAD8EAD9FAD2F970E944EEF698F7A8FAC
:107D80008B8F9C8FA70196016FA978AD89AD9AADB5
:107D90000E944EEF6D8F7E8F8F8F98A3A496BFADFC
:107DA000A497BB2309F4E5C52091CD133091CE13E0
:107DB0004091CF135091D0132F962CAF3DAF4EAFC3
:107DC0005FAF2F972DEB37E346E855E32F966CAD69
:107DD0007DAD8EAD9FAD2F970E94E9EE87FDC9C5A1
:107DE0008090551390905613A0905713B09058134D
:107DF000C988DA88EB88FC888091591390915A13CE
:107E0000A0915B13B0915C138BAF9CAFADAFBEAFD5
:107E10002D893E894F89588D27962CAF3DAF4EAFA7
:107E20005FAF279780915D1390915E13A0915F13D0
:107E3000B091601363968CAF9DAFAEAFBFAF639749
:107E4000298D3A8D4B8D5C8D23962CAF3DAF4EAF77
:107E50005FAF23978091611390916213A091631398
:107E6000B09164132B968CAF9DAFAEAFBFAF2B9785
:107E70002D8D3E8D4F8D58A167962CAF3DAF4EAFE7
:107E80005FAF6797C501B4019058A70196010E94A2
:107E90004EEF2B013C016BAD7CAD8DAD9EAD90588E
:107EA00027962CAD3DAD4EAD5FAD27970E944EEFAE
:107EB0009B01AC01C301B2010E94B4F32B013C0150
:107EC00063966CAD7DAD8EAD9FAD63979058239654
:107ED0002CAD3DAD4EAD5FAD23970E944EEF9B01A3
:107EE000AC01C301B2010E94B4F32B013C012B96FB
:107EF0006CAD7DAD8EAD9FAD2B97905867962CAD38
:107F00003DAD4EAD5FAD67970E944EEF9B01AC015A
:107F1000C301B2010E94B4F36FAB78AF89AF9AAFDF
:107F20002FEE3FEF4FE75FE30E9417F54BE0442E43
:107F300047ED542E43E2642E4BE3742E18160CF4D6
:107F40003FC2A5019401C701B6010E94B3F32B0102
:107F50003C0149825A826B827C822BAD3CAD4DAD97
:107F60005EAD27966CAD7DAD8EAD9FAD27970E941F
:107F7000B3F36BAF7CAF8DAF9EAF6D837E838F838A
:107F8000988763962CAD3DAD4EAD5FAD639723965C
:107F90006CAD7DAD8EAD9FAD23970E94B3F323965C
:107FA0006CAF7DAF8EAF9FAF239769877A878B8742
:107FB0009C872B962CAD3DAD4EAD5FAD2B97679654
:107FC0006CAD7DAD8EAD9FAD67970E94B3F32B96E0
:107FD0006CAF7DAF8EAF9FAF2B976D877E878F87FE
:107FE000988BAE014F5F5F4F61965FAF4EAF619769
:107FF0008E010F5E1F4F25965FAF4EAF2597C12CA8
:10800000D12C76012596AEADBFAD25978D909D9074
:10801000AD90BD902596BFAFAEAF259720E030E084
:10802000A901C501B4010E94E9EE882371F0A50100
:108030009401C501B4010E944EEF9B01AC01C70140
:10804000B6010E94B4F36B017C012596EEADFFAD45
:1080500025970E171F07B1F6C701B6010E949BF5C1
:108060009B01AC0160E070E080E89FE30E942BF48C
:108070006B017C01AC019B01C301B2010E944EEF78
:1080800069837A838B839C83A70196016BAD7CAD5A
:108090008DAD9EAD0E944EEF6D837E838F8398875A
:1080A000A701960123966CAD7DAD8EAD9FAD239754
:1080B0000E944EEF69877A878B879C87A70196017C
:1080C0002B966CAD7DAD8EAD9FAD2B970E944EEF84
:1080D0006D877E878F87988BABA9BCA951962D9110
:1080E0003D914D915C9154972BAF3CAF4DAF5EAF3E
:1080F0000DE916E06196EEADFFAD6197C190D190AC
:10810000E190F1906196FFAFEEAF619720E030E033
:10811000A901C701B6010E94E9EE882309F440C015
:1081200020E030E0A901C701B6010E9417F5260141
:10813000370187FF04C077FA709477F87094D801FC
:108140006D917D918D919C910E94EDEE4B015C01B2
:108150002BAD3CAD4DAD5EADC301B2010E944EEF03
:10816000A50194010E9417F51816D4F4A7019601F1
:10817000C501B4010E942BF46BAF7CAF8DAF9EAFF5
:1081800020E030E0A9010E9417F587FF09C02BAD60
:108190003CAD4DAD5EAD50582BAF3CAF4DAF5EAF7B
:1081A0000C5F1F4F25964EAD5FAD259761968EAD46
:1081B0009FAD61974817590709F09CCF2FEE3FEF0D
:1081C0004FE75FEB6FA978AD89AD9AAD0E94E9EEFC
:1081D00087FF08C02FEE3FEF4FE75FEB2FAB38AFC5
:1081E00049AF5AAF2FA938AD49AD5AAD60E070E044
:1081F00080E89FE30E94B3F320E030E040E05FE3DB
:108200000E944EEF0E949BF56B017C0120916D0650
:1082100030916E0640916F06509170066BAD7CAD4B
:108220008DAD9EAD0E944EEFA70196010E944EEFCC
:108230004B015C01A701960160E070E080E89FE3DC
:108240000E94B3F39B01AC01C501B4010E942BF461
:108250002B013C018BE4829DF001839DF00D1124E4
:10826000EB51F94F85859685A785B08927968CAF08
:108270009DAFAEAFBFAF279720E030E040E85FE3AF
:10828000BC01CD010E94E9EE87FF9AC023EF34E0E4
:1082900045E35FEB6FA978AD89AD9AAD0E94E9EE39
:1082A00087FF8EC020E030E0A9016FA978AD89ADCD
:1082B0009AAD0E94E9EEC12CD12C70E8E72E7FEB3D
:1082C000F72E87FD06C0C12CD12C60E8E62E6FE3A7
:1082D000F62EA70196016FA978AD89AD9AAD0E94DF
:1082E0004EEF4B015C0129E539ED40E053E30E947C
:1082F000E9EE87FD3BC3A501940160E070E080E8F2
:108300009FE30E94B3F320E030E040E057E40E9496
:108310004EEF0E9498F4CB010E946AF30197880FF8
:10832000991F880F991FFC01E954F64D259135914D
:1083300045915491FC01E958F64D85919591A5918F
:10834000B4918FAB98AFA9AFBAAFC501B4010E9489
:108350004EEF2FA938AD49AD5AAD0E94B4F34B0191
:108360005C0120E030E0A901C701B6010E9417F5C9
:10837000181654F4A50194016BED7FE089E490E4B4
:108380000E94B3F34B015C012BAD3CAD4DAD5EAD36
:1083900027966CAD7DAD8EAD9FAD27970E944EEFB9
:1083A000A50194010E942BF46B017C01AC019B019F
:1083B000C301B2010E9417F5181614F42601370103
:1083C0002F962CAD3DAD4EAD5FAD2F97CA01B901D3
:1083D0000E944EEF6B017C018BE4829DF001839D36
:1083E000F00D1124EB51F94F6181728183819481E9
:1083F0009B01AC010E944EEF4B015C01AC019B0163
:10840000C701B6010E9417F5181614F4750164012E
:10841000A3019201C701B6010E9417F5181614F4C2
:108420007301620180E1FE017196A5E5B3E101905F
:108430000D928A95E1F78BE4829D8001839D100D5A
:1084400011240B51194FD8011996CD92DD92ED925E
:10845000FC921C9751966D917D918D919C915497B2
:1084600090589B01AC010E94B4F3EBA9FCA92585AF
:108470003685478550890E944EEF9B01AC016BE029
:1084800077ED83E29BE30E94B3F36B017C018BE009
:1084900097EDA3E2BBE3F80185839683A783B087BA
:1084A0006181728183819481ABA9BCA92C912160E7
:1084B0002C939B01AC010E944EEF9B01AC01C701C4
:1084C000B6010E9417F587FD05C0EBA9FCA98081C4
:1084D000826080838BE4829DF001839DF00D1124E6
:1084E000EB51F94F81819281A381B4818093CD13A7
:1084F0009093CE13A093CF13B093D013E1962CADED
:108500003DAD4EAD5FADE19720939C1130939D1131
:1085100040939E1150939F11E5968CAD9DADAEADED
:10852000BFADE5978093A0119093A111A093A211E4
:10853000B093A311E9962CAD3DAD4EAD5FADE9977B
:108540002093A4113093A5114093A6115093A71125
:10855000AD968CAD9DADAEADBFADAD978093A8117E
:108560009093A911A093AA11B093AB1190919A1175
:1085700080919B11981303C084E680939711EA962B
:108580009FADEA9790939A1180919A11882309F4EC
:10859000F4C1815090919911981709F4A2C21091D9
:1085A0009A11112309F4EBC1115000919911809196
:1085B0009A11B12CA12C3BE4332E0813E3C1209077
:1085C0009911F12CE12C9BE4392E80919A1182159E
:1085D00009F487C2822C912C389C8001399C100DA3
:1085E00011240B51194FD8018C9183FD77C21CAB1C
:1085F0000BABE114F10409F462C0C7010E94608270
:1086000081115DC0D7018C9181FD44C0D8011596C0
:108610004D905D906D907C901897F701A580B68085
:10862000C780D084A3019201C601B5010E94E9EE82
:1086300087FF30C0D70151966D917D918D919C91AE
:10864000549790589B01AC010E94B4F3F701258523
:108650003685478550890E944EEF9B01AC01C601CB
:10866000B5010E94B3F36B017C01A30192010E944A
:10867000E9EE87FF0FC0D8018C9181608C938BA9A4
:108680009CA90E946082882309F41EC2F80180819F
:108690008E7F8083389CF001399CF00D1124EB51C2
:1086A000F94F21853285438554856581768187819F
:1086B00090850E94E9EE811102C020929911822DCD
:1086C0000E948F20282EEBA8FCA87FCF2091D906EE
:1086D0003091DA064091DB065091DC06A4C9811482
:1086E0009104A104B104B9F1609171067091720610
:1086F00080917306909174066C157D058E059F051B
:1087000050F50E94EDEE67962CAD3DAD4EAD5FADE0
:1087100067970E944EEF2B013C01C501B4010E94F6
:10872000EDEE9B01AC01C301B2010E942BF44B01A1
:108730005C01C701B6010E94EDEE9B01AC01C501D1
:10874000B4010E94E9EE87FF06C0C501B4010E9492
:1087500098F46B017C016B962CAD3DAD4EAD5FADD9
:108760006B97232B242B252BD9F1609175067091E3
:10877000760680917706909178066C157D058E05BA
:108780009F0570F50E94EDEE67962CAD3DAD4EADA8
:108790005FAD67970E944EEF4B015C016B966CAD2D
:1087A0007DAD8EAD9FAD6B970E94EDEE9B01AC0150
:1087B000C501B4010E942BF44B015C01C701B60155
:1087C0000E94EDEE9B01AC01C501B4010E94E9EEEF
:1087D00087FF06C0C501B4010E9498F46B017C01BB
:1087E0006F968CAD9DADAEADBFAD6F97892B8A2BCB
:1087F0008B2BD9F16091790670917A0680917B0676
:1088000090917C066C157D058E059F0570F50E9484
:10881000EDEE67962CAD3DAD4EAD5FAD67970E9416
:108820004EEF4B015C016F966CAD7DAD8EAD9FAD93
:108830006F970E94EDEE9B01AC01C501B4010E944F
:108840002BF44B015C01C701B6010E94EDEE9B01C8
:10885000AC01C501B4010E94E9EE87FF06C0C50165
:10886000B4010E9498F46B017C01A3962CAD3DAD40
:108870004EAD5FADA397232B242B252B09F4BEC946
:1088800060917D0670917E0680917F0690918006B2
:108890006C157D058E059F0508F0B0C90E94EDEEB0
:1088A00067962CAD3DAD4EAD5FAD67970E944EEF24
:1088B0004B015C01A3966CAD7DAD8EAD9FADA397D2
:1088C0000E94EDEE9B01AC01C501B4010E942BF4A6
:1088D0004B015C01C701B6010E94EDEE9B01AC01AA
:1088E000C501B4010E94E9EE87FF88C9C501B40142
:1088F0001FC823962CAD3DAD4EAD5FAD2397279697
:108900006CAD7DAD8EAD9FAD27970E944EEF698B0C
:108910007A8B8B8B9C8B23962CAD3DAD4EAD5FAD92
:10892000239763966CAD7DAD8EAD9FAD63970E942E
:108930004EEF6D8B7E8B8F8B988F23962CAD3DAD3C
:108940004EAD5FAD23972F966CAD7DAD8EAD9FADD7
:108950002F970E944EEF698F7A8F8B8F9C8F239673
:108960002CAD3DAD4EAD5FAD23970ECA90E080E0DB
:10897000D6CCC12CD12C760155CD8FE00BCE1FE08B
:1089800014CE5601101709F41ACEE12EF12C3E9C9C
:10899000F0013F9CF00D1124EB51F94F80816501EE
:1089A00083FD1AC06F0141845284638474842581DD
:1089B0003681478150852BAB3CAB4DAB5EABC301E1
:1089C000B2010E94E9EE811116C0A114B10421F098
:1089D000D5018C9180FD13C0112309F473C011508F
:1089E000802F00919911081761F2811709F4E7CDE2
:1089F0000E948F20F6CFA114B10409F454C0F501F0
:108A000085809680A780B0843E9CF0013F9CF00D4D
:108A10001124EB51F94F808181FD24C06189728955
:108A20008389948990589B01AC010E94B4F3D601CC
:108A30001D962D913D914D915C9150970E944EEF66
:108A40009B01AC01C501B4010E94B3F34B015C0171
:108A5000AC019B01C301B2010E94E9EE87FD02C097
:108A600024013501A30192016BA97CA98DA99EA9BE
:108A70000E94E9EE882309F4AFCF3E9CC0013F9CE1
:108A8000900D1124FC01EB51F94F7F018081816031
:108A90008083C6010E946082882371F0D7018C9187
:108AA0008E7F8C9399CF2BE0822E27ED922E23E29E
:108AB000A22E2BE3B22EA8CFF70145825682678201
:108AC00070868ACF1FE08CCFD8011596CD92DD92AB
:108AD000ED92FC92189720929911DCCDFCAAEBAA9A
:108AE000EECDF0909B11E0909A112BE4FE1409F466
:108AF0007AC08FEF8E0DE11001C08FE0289FF0014A
:108B00001124EB51F94F908193FD6BC0812C912C76
:108B1000540110E000E08BE4382EFE1409F469C023
:108B2000F39CC0011124FC01EB51F94F6F018081CE
:108B300083FD5BC065817681878190850E949BF56E
:108B40002B013C010115110509F443C0D6018C919C
:108B500080FF04C0F801808181608083D8018C91FE
:108B600080FF37C0C8010E94608281112EC0F801C9
:108B7000218132814381548160E070E080E89FE38D
:108B80000E942BF46BAB7CAB8DAB9EAB9B01AC011D
:108B9000C301B2010E944EEF69837A838B839C8369
:108BA000A50194016BA97CA98DA99EA90E944EEFF5
:108BB000698B7A8B8B8B9C8BAE014F5F5F4FBE01B5
:108BC0006F5E7F4FC8010E94E288D8018C918E7F32
:108BD0008C938F2D0E948F20F82E53014201860125
:108BE0009CCFE82E83CFEF2C91CF24013501680173
:108BF000F0CF01151105C9F1F801808181608083F2
:108C0000C8010E94608281112CC0D80111962D915B
:108C10003D914D915C91149760E070E080E89FE396
:108C20000E942BF46B017C012DEC3CEC4CE45DE3E9
:108C30000E944EEF69837A838B839C83A701960100
:108C4000C501B4010E944EEF698B7A8B8B8B9C8B94
:108C5000AE014F5F5F4FBE016F5E7F4FC8010E9444
:108C6000E288F80180818E7F80830E94268A81E0DD
:108C7000C758DF4FE2E10C9498F380E0F9CFC09041
:108C8000E106D090E206E090E306F090E4060C9452
:108C90008FBAA6E1B0E0EFE4F6EC0C947CF34C0163
:108CA0007B011A013E8B2D8B198A1A8AFB01808168
:108CB0009181A281B3818F3F9105A105B10509F092
:108CC00008F449C01D861E861F86188AAC01BD01A6
:108CD00037E076956795579547953A95D1F75A8736
:108CE000498780688B878C870091A2101091A31010
:108CF0008091A0109091A1109C8B8B8B0115110578
:108D000051F1AA24A394B12C3501600E711E769402
:108D10006794630191E0C91AD108260193E0440CDD
:108D2000551C9A95E1F76B897C89640D751D48E0A7
:108D300050E0CE0101960E9412EE29813A81898588
:108D40009A8528173907B0F45301EFEFAE1ABE0A1F
:108D50000A151B05C8F6F7018081898BB401AE01A5
:108D60004F5E5F4FC101ED89FE8909956696E2E18C
:108D70000C9498F38217930708F19C818B859817C0
:108D800018F39B818C858917C8F06091A0107091B1
:108D9000A110640D751D48E050E0CE0109960E94B7
:108DA00012EE6F85788961157105A9F2861697060E
:108DB000B1F2F70180818068898BD1CF8601C8CF5D
:108DC000A4E0B0E0E6EEF6EC0C9482F36C017B01DB
:108DD0004A015901AE014F5F5F4FB401C7010E94C4
:108DE000AFA17C0189819A81AB81BC81892B8A2BBF
:108DF0008B2B41F09801A501BE016F5F7F4FC6012B
:108E000048DFE8CF2496ECE00C949EF3CF93DF93F9
:108E100020919F10211120C0FC0101900020E9F752
:108E20003197EF01C81BD90BC535D1052CF0229124
:108E3000207C2038E1F3F5CFBC01DD27AE018AE4C8
:108E400090E10E9447F7C65BDF4E188210924910EE
:108E50001092481010924710DF91CF910895CF9350
:108E6000C0914610C230E9F00E94BF40811119C084
:108E70008091061382FF0EC087FD0CC080912B10DD
:108E8000811105C08EE190E1C1DFCF9108958BE2A1
:108E900090E1FACF8BEB9AE2C13029F488EC9AE2A8
:108EA00002C084ED9AE26FEF0E94D51FEECF8F9241
:108EB0009F92AF92BF92FF920F931F93CF93DF9336
:108EC000CDB7DEB7A0970FB6F894DEBF0FBECDBF0B
:108ED0006115710581059105A1F120E03AE0832E2D
:108EE000912CA12CB12CFF24F394F20E01E010E0A0
:108EF0000C0F1D1F020F111D27FD1A95A5019401CE
:108F00000E94C4F2F8016083CA01B9012F2D6115D6
:108F100071058105910539F7FA94FFEFFF16A1F06D
:108F2000E1E0F0E0EC0FFD1FEF0DF11DF7FCFA950D
:108F3000908187E39A3008F480E3890F0E944343CD
:108F4000EBCF80E30E944343A0960FB6F894DEBFB8
:108F50000FBECDBFDF91CF911F910F91FF90BF90BA
:108F6000AF909F908F900895CF92DF92EF92FF92F3
:108F70006B017C01F7FE0BC0F094E094D094C09498
:108F8000C11CD11CE11CF11C8DE20E944343C701AE
:108F9000B6018DDFFF90EF90DF90CF900895B0E0A5
:108FA000A0E0E5EDF7EC0C9482F3B4E4A0E06A2FC6
:108FB00070E0AB014B0F511D55954795411111C004
:108FC000EEE0FEE165917491072E000C880B990B81
:108FD0000E94EFEECDB7DEB7ECE00C949EF3B42F19
:108FE000E8CF4A1711F0B41303C0EAE1FFE1EACF7A
:108FF0009A0121503109220F331F220F331FF9012B
:10900000E45FF14EE590F490F901E05FF14EC59117
:10901000D4918E159F0518F3A42FC817D90708F40B
:10902000C6CFF901E25FF14E05911491F901EE5EB0
:10903000F14EC590D4908E199F09BC0190E080E05C
:109040000E94EDEE4B015C01B601601B710B072E17
:10905000000C880B990B0E94EFEE9B01AC01C5013F
:10906000B4010E944EEF4B015C01CE19DF09BE0135
:1090700090E080E00E94EDEE9B01AC01C501B401DF
:109080000E942BF46B017C01B801012E000C880BAF
:10909000990B0E94EFEE9B01AC01C701B6010E9443
:1090A000B4F398CFA1E0B0E0E8E5F8EC0C9487F3D6
:1090B0008C01D42E7C01E60EF71E80911C1090913D
:1090C0001D100E949FF28983DD2011F0F80180833A
:1090D000CE0101960E94C6B580911C1090911D1082
:1090E000019690931D1080931C100F5F1F4F0E155B
:1090F0001F0519F780E02196E7E00C94A3F390E0B8
:10910000FC01EF57F54D24918F59954DFC01849149
:10911000882399F090E0880F991FFC01E95AF54DDA
:10912000A591B491FC01E35BF54D859194918FB7C6
:10913000F894EC91E22BEC938FBF08954F925F92DD
:109140006F927F928F929F92AF92BF92CF92DF9257
:10915000EF92FF92ECE0F0E14480558066807780EA
:1091600080849184A284B384C484D584E684F78403
:1091700040815181628173818AE49AE20E94B64300
:10918000B301A20186E49AE20E94B643B501A401AC
:1091900082E49AE20E94B643B701A6018EE39AE206
:1091A0000E94B643FF90EF90DF90CF90BF90AF90BA
:1091B0009F908F907F906F905F904F9008958091D7
:1091C000800C8F5F843040F48093800C80917E0C03
:1091D0008F5F80937E0C08951092800CF7CFCF9212
:1091E000DF92EF92FF92E5E9FBE080818183C090FE
:1091F000170CD090180CE090190CF0901A0C8FEF0F
:10920000C81AD80AE80AF80A85E39AE20E944A4393
:10921000C701B6010E9493248AE00E94434381E380
:109220009AE20E944A43FF90EF90DF90CF9008951A
:10923000CF92DF92EF92FF920F931F93CF938C0107
:10924000C62F0E947243C090170CD090180CE0906B
:10925000190CF0901A0CC8010E944A43C701B601CC
:109260000E9493248AE00E9443430E94BA4A0196D6
:10927000E1F78C2FB4DF10921C0C10921B0CCF91D5
:109280001F910F91FF90EF90DF90CF900895CF93B3
:10929000DF9390919B1180919A11891738F0891B67
:1092A0008F3031F480E00E94294BF3CF805FF7CFFD
:1092B00080919A110E948F20A0919A119BE4A99FFE
:1092C000D0011124FD01EB51F94FEF0119929A954C
:1092D000E9F7908198609083A650B94F90E1ECE94E
:1092E000F1E101900D929A95E1F720919A119091F8
:1092F0009B11291303C094E69093971180939A11C0
:109300000E94268ADF91CF910895A0E1B0E0EBE8BA
:10931000F9EC0C9488F3FC018B017A0190E1DE01F9
:10932000119601900D929A95E1F7CE0101960E9457
:109330003F8880919A0690919B06892B51F4A70152
:10934000B801CE0101960E945DB76096E6E00C94EC
:10935000A4F380E0FACFA0E1B0E0E1EBF9EC0C94EB
:109360008CF380E1ECE0F0E1DE01119601900D92CA
:109370008A95E1F7CE0101960E943F88CE010196C1
:109380000E94F8906096E2E00C94A8F3CF93C82F67
:1093900041E00E947843C11102C00E947543CF9101
:1093A0000895CF93DF9368E679E2F0DFCDE9D6E068
:1093B0004C895D896E897F8980E699E20E94B64377
:1093C000488D598D6A8D7B8D8DE599E20E94B6435B
:1093D0004C8D5D8D6E8D7F8D8AE599E20E94B6433E
:1093E00048A159A16AA17BA187E599E20E94B643F1
:1093F0008AE00E944343DF91CF9108958F929F921C
:10940000AF92BF92CF92DF92EF92FF92CF93DF9312
:1094100000D000D0CDB7DEB7FC01C080D180E280A3
:10942000F3808090141090901510A0901610B090BA
:109430001710A5019401C701B6010E94E9EE87FF4C
:1094400002C07501640120E030E048EC53E4C7013C
:10945000B6010E94E9EE87FD06C0C12CD12C88EC34
:10946000E82E83E4F82EC982DA82EB82FC8268E37C
:1094700072E0CE0101960E945A960F900F900F90C5
:109480000F90DF91CF91FF90EF90DF90CF90BF9042
:10949000AF909F908F9008954F925F926F927F92BE
:1094A0008F929F92AF92BF92CF92DF92EF92FF92F4
:1094B000CF93DF93CDB7DEB728970FB6F894DEBF12
:1094C0000FBECDBF5C01DB01CD90DD90ED90FC9037
:1094D000E0919511F0919611FE83ED838481958141
:1094E000A681B78189839A83AB83BC839C01AD013C
:1094F000C701B6010E94B3F32B013C01F501808046
:109500009180A280B380AD81BE818D919D910D909F
:10951000BC91A02D8D839E83AF83B88727E137EB65
:1095200041ED58EBC301B2010E9417F587FDD1C090
:1095300023E030E046E953E4C301B2010E94E9EEC2
:1095400018160CF4C6C02D813E814F815885C50187
:10955000B4010E94B3F32B013C0127E137EB41ED4D
:1095600058EB0E9417F587FDB4C023E030E040EAD5
:1095700053E4C301B2010E94E9EE18160CF4A9C02D
:1095800020E030E0A9016D817E818F8198850E9465
:10959000B4F32B013C0120E030E040E251E40E94B2
:1095A000E9EE87FF06C0412C512C30E2632E31E4F6
:1095B000732E27E137EB41ED58E3C301B2010E945E
:1095C000B3F39B01AC01C501B4010E9417F587FDFF
:1095D00080C020E030E040EA53E46D817E818F81DD
:1095E00098850E94B4F32B013C0120E030E041E972
:1095F00053E40E9417F5181634F4412C512C21E93C
:10960000622E23E4722E27E137EB41ED58E3C301CC
:10961000B2010E94B4F39B01AC01C501B4010E94E8
:10962000E9EE18160CF455C020E030E0A90169817C
:109630007A818B819C810E94B4F34B015C0120E014
:1096400030E040E251E40E94E9EE87FF06C0812C41
:10965000912C90E2A92E91E4B92E27E137EB41ED50
:1096600058E3C501B4010E94B3F39B01AC01C701EB
:10967000B6010E9417F587FD2CC020E030E046E9D6
:1096800053E469817A818B819C810E94B4F34B0100
:109690005C0120E030E041E953E40E9417F5181620
:1096A00034F4812C912C81E9A82E83E4B82E27E193
:1096B00037EB41ED58E3C501B4010E94B4F39B01BF
:1096C000AC01B1E0B983C701B6010E94E9EE1816FA
:1096D0000CF41982898128960FB6F894DEBF0FBE6C
:1096E000CDBFDF91CF91FF90EF90DF90CF90BF90F3
:1096F000AF909F908F907F906F905F904F90089564
:10970000A8E1B0E0E6E8FBEC0C947CF37C016B0193
:10971000142F022FFC0180809180A280B380898267
:109720009A82AB82BC82FB01408051806280738050
:109730004D825E826F827886809114109091151010
:10974000A0911610B091171089879A87AB87BC87B4
:10975000BE016B5F7F4FCE0101969EDE882309F428
:1097600047C12090951130909611F10120813181EF
:1097700042815381C501B4010E94B3F369837A83A6
:109780008B839C83F1012481358146815781C301FC
:10979000B2010E94B3F36D837E838F83988780919B
:1097A000630190916401A0916501B09166018D877C
:1097B0009E87AF87B88B9E01235F3F4FAE01475F07
:1097C0005F4FBE016B5F7F4FCE0101960E94BF9538
:1097D00080916906811103C081E00E94FA9880900F
:1097E000911190909211A0909311B090941180914A
:1097F000680682FFE1C0A501940160E070E080E0AE
:1098000090EC0E94B3F36D8B7E8B8F8B988F20E052
:1098100030E0A901C501B4010E94E9EE87FFD1C083
:10982000A501940160E070E080E791E40E94B3F349
:10983000698B7A8B8B8B9C8B209114103091151037
:1098400040911610509117100E94E9EE87FF24C036
:109850000E948042811120C064E372E0CE014196F3
:109860000E947796811118C020E030E040E251E478
:10987000609114107091151080911610909117102E
:109880000E94B4F36D877E878F87988B64E372E0C4
:10989000CE010D960E945A9680E090E0A0E0B0E4E0
:1098A0008D879E87AF87B88B0E948042382E8111AA
:1098B00008C0BE01635F7F4FCE0145960E94779638
:1098C000382E8090141090901510A0901610B09023
:1098D00017104090911150909211609093117090D8
:1098E0009411A301920160E070E080EA90E40E948C
:1098F000B3F39B01AC01C501B4010E9417F5181622
:109900000CF07DC060E070E080EC9FE7A301920165
:109910000E94B4F32B013C01AC019B010E94D9F5DC
:10992000811137C0133009F051C020E030E040E22F
:1099300051E4C501B4010E94B4F3698B7A8B8B8B1F
:109940009C8B64E372E0CE0141960E945A960330EC
:1099500068F1F701408151816281738185E299E26A
:109960000E94B643F601408151816281738180E299
:1099700099E20E94B643B301A2018BE199E20E94F1
:109980000544A3019201C301B2010E94D9F58823C5
:1099900069F00E94F72560E08CE099E20E94D51FF3
:1099A0000E9472438CEF98E20E944A43C301B201C5
:1099B0006896E2E10C9498F360E070E080E291EC4C
:1099C00022CF60E070E080E791E432CF1150123096
:1099D00008F0BDCF0E94F725882309F4B8CF412CA9
:1099E000512C80EC682E8FE7782E033090F2B1CFA7
:1099F000412C512C90EC692E9FE7792ED7CFC501D1
:109A0000B401332009F482CF7DCF4F925F926F92E1
:109A10007F928F929F92AF92BF92FF920F931F936C
:109A2000CF93DF93CDB7DEB768970FB6F894DEBF5C
:109A30000FBECDBFF82E4A015B012801390120E09D
:109A400030E0A901C301B8010E94E9EE811111C003
:109A5000FF2019F081E0F81288C060E070E086E92C
:109A600094E420E030E040E752E40E942BF42B0124
:109A70003C014D8A5E8A6F8A788E0F2D10E0F801C6
:109A8000E750F74DE491772473941E160CF4712C73
:109A9000FF24F39420E030E0A901C501B4010E9445
:109AA00017F518160CF0F12C80E00E949091698354
:109AB0007A838B839C8381E00E9490916D837E8367
:109AC0008F83988782E00E94909169877A878B873D
:109AD0009C8783E00E9490916D877E878F87988B0B
:109AE000000F111F000F111FE1E0F0E0EC0FFD1F50
:109AF0000E0F1F1FF8011082118212821382CE01F5
:109B000001960E94F890F80180829182A282B3822D
:109B1000198A1A8A1B8A1C8A80919A0690919B0640
:109B2000892B51F4AE014F5E5F4FBE016B5E7F4FDC
:109B3000CE0101960E945DB70E941D887F100E9491
:109B4000879A68960FB6F894DEBF0FBECDBFDF913F
:109B5000CF911F910F91FF90BF90AF909F908F90EA
:109B60007F906F905F904F90089560E070E080E785
:109B700093E477CFB0E0A0E0E0ECFDEC0C9486F34A
:109B80007B01C42F41FB662760F90E9408218823CE
:109B900009F44BC010E000E0E114F10439F0C70112
:109BA0000E9493A196E0899F80011124C0FF17C0F5
:109BB00080E890E0801B910B6CE070E00E944EF317
:109BC0006B01C0E8D0E081E0C81AD108D7FC09C019
:109BD00087EF98E20E946022C81BD90BF4CFC0E83F
:109BE000D0E001151105B9F0CE0166E070E00E94E9
:109BF0003AF32091660630916706409164065091D1
:109C00006506062F60916306C7010E94AD2296E0AB
:109C1000899FE0011124C730D10538F085EF98E223
:109C20000E946022C81BD90BF6CFCDB7DEB7E8E0A3
:109C30000C94A2F3A4E0B0E0E0E2FEEC0C9488F314
:109C4000982F862F7A01122F692F0E9408218823CE
:109C5000A9F1209166063091670640916406509103
:109C6000650604E160916306C7010E94AD2296E09B
:109C7000899F7001112487E0E816F10438F083EF22
:109C800098E20E946022E81AF90AF5CF812F110F9D
:109C9000990BAA0BBB0B89839A83AB83BC838091FE
:109CA00062069AE79093E9118093EA11CE0101963A
:109CB0000E943F2181EF98E20E9463222496E6E011
:109CC0000C94A4F3A4E0B0E0E8E6FEEC0C948AF374
:109CD000982F862F142F692F0E940821882379F14D
:109CE00005E1011B112361F082E090E0A0E0B0E00B
:109CF00089839A83AB83BC83CE0101960E943F2166
:109D0000E02FF0E086E0089F8001112480912B1065
:109D100081110FC08EE190E1B8010E946422081BFE
:109D2000190B0730110558F08EED98E20E94602261
:109D3000F6CFE55DFF4E10828BE290E1EDCF2496E9
:109D4000E4E00C94A6F3EF92FF920F931F93CF934E
:109D5000DF93FB01D081DD2331F17B018C016D2F7D
:109D60000E9437B6F801C189C195FFEFEF1AFF0ACB
:109D7000F70181917F01F801882341F09089C90F93
:109D8000D82F682FC8010E9437B6F2CFD03249F0E1
:109D900083899189890F8C0FCDB7DEB7E6E00C94EB
:109DA000A4F38089F8CF80E0F7CF81E0809361064B
:109DB00010925D0610925E0610925F061092600689
:109DC0000895A6E0B0E0E7EEFEEC0C947CF31C01F5
:109DD0007A8369832B833C834D835E83270138011B
:109DE00081E080935C060E947E1F83E08093620185
:109DF00030925B0620925A0689819A819093590687
:109E0000809358068B819C81AD81BE8180935406DE
:109E100090935506A0935606B0935706409250066D
:109E2000509251066092520670925306A0924C06D0
:109E3000B0924D06C0924E06D0924F069092AD1150
:109E40008092AC118B8D9C8D90934B0680934A062B
:109E5000109249062696E2E10C9498F3109261065E
:109E600080914C0690914D06A0914E06B0914F0600
:109E7000B7FF08C010924C0610924D0610924E0685
:109E800010924F0680914806882331F080914C064D
:109E90008093470610925C06809146061816D4F40B
:109EA000082E000C990B019720914706022E000CFA
:109EB000330B2817390774F080934706092E000CDE
:109EC000AA0BBB0B80934C0690934D06A0934E06B5
:109ED000B0934F068091470690914506891714F478
:109EE0008093450620914506022E000C330B2C5F13
:109EF0003F4F482F082E000C550B241735071CF434
:109F00008450809345060895A6E0B0E0EAE8FFECAF
:109F10000C947CF31C017E836D83E982FA820B83AF
:109F20001C83CA01B9010E9493F42B013C01ED810D
:109F3000FE8160817181828193810E9493F45B0133
:109F40006C01A418B508C608D708C801B7010E945B
:109F500093F47B018C01E418F508060917091F9298
:109F60001F928DE0882E88E3982EA30192016D81C7
:109F70007E81C10126DF0F900F902696E2E10C94BE
:109F800098F3B0E0A0E0E7ECFFEC0C947CF31C014C
:109F9000EB014801CA01B9010E94EDEE2AE037ED5C
:109FA00043E25DE30E944EEF0E9493F42B013C01DB
:109FB000688179818A819B810E94EDEE2AE037EDEC
:109FC00043E25DE30E944EEF0E9493F45B016C015B
:109FD000A418B508C608D70888E79FE0A0E0B0E05D
:109FE0007C018D01E418F508060917099F928F92EC
:109FF00083E0882E88E3982EA3019201BE01C1015F
:10A00000E0DE0F900F90CDB7DEB7E2E10C9498F34D
:10A010008F929F92AF92BF92CF92DF92EF92FF9278
:10A020000F931F937901F8019A01550F440B550BBB
:10A03000DB01AD90BC900B2C000CCC08DD08A21A03
:10A04000B30AC40AD50A0F2C000C000B110BE21A3C
:10A05000F30A040B150BFF93EF93E7E18E2EE8E371
:10A060009E2EAFDE0F900F901F910F91FF90EF90FB
:10A07000DF90CF90BF90AF909F908F900895B0E009
:10A08000A0E0E5E4F0ED0C9482F3EC018B0160912B
:10A09000410670E090E080E00E94EFEE29EC38ECA1
:10A0A00048EC5EE30E944EEF20E030E040E05FE3EA
:10A0B0000E94B4F30E9493F41F930F932AEF822E11
:10A0C00029E7922E5B016C0114E6E12EF12C00E0F1
:10A0D00010E020E030E0A90161E476E0CE0171DE1D
:10A0E0000F900F90CDB7DEB7ECE00C949EF3CF92BB
:10A0F000DF92EF92FF920F931F9329E738E241E03E
:10A10000F901C590D590E590F490C616D706E806FB
:10A11000F90658F49695879577956795440F2C5FC7
:10A120003F4F58E22539350759F740932D066132E4
:10A1300071058105910568F4E9E7F4E26591749190
:10A1400090E080E01F910F91FF90EF90DF90CF9013
:10A150000895DC01CB018097A109B109811528E0A0
:10A160009207A105B105C8F044E0949F9001112425
:10A1700027583F4DF901329645915491F9012591A7
:10A1800034916627859FF001849F000CE11DF61F26
:10A1900011242E1B3F0BB901D3CF8C019D013695A5
:10A1A0002795179507950C7F07581B4DF8012591AA
:10A1B0003491F801329645915491682F6770649FED
:10A1C000C001659F900D112443E0969587954A95AF
:10A1D000E1F7281B390BDFCF90E0FC01E75AFF4D78
:10A1E0002491FC01EF57F54D34918F59954DFC01A9
:10A1F0008491882359F12223C1F021502A30A8F4F8
:10A20000E22FF0E0EA5FFE420C9461F32BD12FD1F4
:10A2100010D127D115D115D132D138D13CD142D16D
:10A22000909180009F7790938000E82FF0E0EE0FF0
:10A23000FF1FE35BF54DA591B4918FB7F894EC91B6
:10A24000611124C030953E233C938FBF08959091B7
:10A2500080009F7DE8CF94B59F7794BDE6CF94B5FD
:10A260009F7DFBCF9091B0009F779093B000DDCFA2
:10A270009091B0009F7DF9CF909190009F7790933F
:10A280009000D3CF909190009F7DF9CF3E2BDCCFF3
:10A290008F929F92AF92BF92CF92DF92EF92FF92F6
:10A2A0006B017C010E94E2B54B015C01C114D10439
:10A2B000E104F104B9F00E94E2B5681979098A094C
:10A2C0009B09683E73408105910580F321E0C21A25
:10A2D000D108E108F10888EE880E83E0981EA11CE1
:10A2E000B11CE4CFFF90EF90DF90CF90BF90AF9084
:10A2F0009F908F900895A1E0B0E0E1E8F1ED0C941B
:10A3000083F38C016C01C60ED71EF12CE12CC01614
:10A31000D10609F444C0A0901C10B0901D10F801A3
:10A3200091908F019982C5010E949FF2981649F180
:10A33000692DC5010E94A7F2FFEFEF1AFF0AC701BE
:10A340008F779927892BB1F062E070E080E090E090
:10A350009FDFC5010E949FF29981891791F00E94A9
:10A36000754381EA9AE20E944A4381E02196EBE03C
:10A370000C949FF362E070E080E090E00E94BD29C1
:10A38000E8CFCE0101960E94C6B580911C10909135
:10A390001D10019690931D1080931C10B8CF80E083
:10A3A000E5CF2FB7F89460914D1370914E138091C3
:10A3B0004F13909150132FBF0895CF92DF92EF92D9
:10A3C000FF92EFDF6B017C0128E5C20E22E0D21E76
:10A3D000E11CF11C0E94074B8F3F69F0E2DF6C1912
:10A3E0007D098E099F0997FDF5CF80E0FF90EF90E2
:10A3F000DF90CF90089581E0F9CF1F920F920FB6B2
:10A400000F9211242F933F938F939F93AF93BF93FA
:10A4100080914D1390914E13A0914F13B091501312
:10A4200030914C1323E0230F2D3758F50196A11DD1
:10A43000B11D20934C1380934D1390934E13A09312
:10A440004F13B09350138091511390915213A091D8
:10A450005313B09154130196A11DB11D8093511354
:10A4600090935213A0935313B0935413BF91AF9191
:10A470009F918F913F912F910F900FBE0F901F9042
:10A48000189526E8230F0296A11DB11DD2CFFC011D
:10A49000DB0111968C9111972281821770F19381C3
:10A4A000981758F14C919581491738F514965C919D
:10A4B0000680F781E02D821B883018F0E90FF11D2E
:10A4C0008770969596959695642F677020E830E092
:10A4D00002C0359527956A95E2F7989F802D112443
:10A4E000469546954695840F9927991FE80FF91FC1
:10A4F0008081552319F0282B208308952095282347
:10A50000FBCFDB01ED91FC91099508950F931F930B
:10A51000CF93DF938C01CEEAD1E1EDA9FEA982E0D1
:10A520000995EDA9FEA981E0099530E020E044E11C
:10A53000B80182EB91E1E5DF25EE31E147E1B801B9
:10A5400082EB91E1DEDFEDA9FEA980E00995DF91C4
:10A55000CF911F910F910895A1E0B0E0E2EBF2EDF1
:10A560000C948AF30091B4111091B511E091E311AC
:10A57000F091E41182E0099530E020E04AE0B80172
:10A5800082EB91E1BEDF182FE091E311F091E4112D
:10A5900083E00995E091E311F091E41180E00995E1
:10A5A000112399F16091B4117091B5119E012F5F43
:10A5B0003F4F46E482EB91E1A4DF89818093B211A1
:10A5C0006091B4117091B5119E012F5F3F4F47E428
:10A5D00082EB91E196DF89818093B3116091B41190
:10A5E0007091B51130E020E048E482EB91E189DF21
:10A5F0008093BD116091B4117091B51125EE31E1D8
:10A6000047E182EB91E17DDF11E0812F2196E4E0CB
:10A610000C94A6F3FF920F931F93CF93DF93182F01
:10A62000C42FD62FD40F01E0FF24FA948D2F8C1B5A
:10A63000C83020F5CC23E9F097E0C9276091B41128
:10A640007091B5111093CE118093CF1181E080935A
:10A65000D111CF5FC7708FEF90E001C0880FCA950E
:10A66000EAF78093D0112EEC31E14BE382EB91E1DC
:10A6700048DFCDB7DEB7E5E00C94A5F36091B411E7
:10A680007091B5111093CE118093CF110093D11119
:10A69000F092D0112EEC31E14BE382EB91E131DF0E
:10A6A000C850C4CFB0E0A0E0E8E5F3ED0C9482F32D
:10A6B000A82EC62FB42ED22F7801242F220F220FBE
:10A6C000220F0D2F462F682F82EB91E10E94D3B607
:10A6D000882331F1DC0F8B2C912CCB2CDA2C8701C9
:10A6E000F80184916091B4117091B511D092CE119E
:10A6F000C093CF111092D1118093D0112EEC31E183
:10A700004BE382EB91E1FDDE0F5F1F4FCA94F8E04F
:10A71000DF0EC110E5CFE80CF91CCF5FDC13DDCFF5
:10A72000CDB7DEB7ECE00C949EF3B0E0A0E0EBE92F
:10A73000F3ED0C9486F3EC01F42E122F062F020F8A
:10A74000EE24EA946C018CE1C80ED11C802F811B91
:10A750001830F0F41123B9F097E019276A817B8152
:10A760008C8FFD8E1F8E1F5F17708FEF90E0012E74
:10A7700001C0880F0A94EAF78E8F9E01245E3F4F36
:10A780004BE3CE01BEDECDB7DEB7E8E00C94A2F31A
:10A790006A817B818C8FFD8E1F8EEE8E96014BE33E
:10A7A000CE01AFDE1850D2CF0F93CF93C82F01E068
:10A7B00020E8482F60E082EB91E10E94D3B6882325
:10A7C00031F020E84C2F60E082EB91E1AEDFCF91D9
:10A7D0000F910895FF920F931F93CF93DF93D82F7C
:10A7E000162FF42EC22F022F242F462F682F82EB14
:10A7F00091E10E94D3B68823C1F02F2D412F6D2FF8
:10A8000082EB91E192DF4C2F612F8D2F03DF8FEFD1
:10A810008F0D4C2F612F8D0FFDDE4FEF4C0F410F31
:10A820002F2D6D2F82EB91E180DFCDB7DEB7E5E014
:10A830000C94A5F3B0E0A0E0E0E2F4ED0C9487F313
:10A840007C01162FC42FD22ED02F0E94D3B688237E
:10A8500049F0DC0F2D2D4C2F612FC70166DFCF5F34
:10A86000DC13F8CFCDB7DEB7E7E00C94A3F3EF929B
:10A87000FF920F931F93CF93DF93C82F7B01142F69
:10A88000CB010E9493A126E0C29FE0011124112375
:10A8900081F091E09093D211829F900111242E5F5C
:10A8A0000CE042E36C2F615082EB91E1C3DF109228
:10A8B000D211C093E9118CE38093EA11C7010E9481
:10A8C0006022112319F081E08093D211CDB7DEB759
:10A8D000E6E00C94A4F3EF92FF921F93CF93DF93E3
:10A8E000EC01EE85FF85309709F00995EA80FB8041
:10A8F000E9A9FAA982E00995E9A9FAA981E00995EF
:10A9000030E020E045E1B701CE01FBDD182F8823C0
:10A9100039F09E012D5C3F4F47E1B701CE01F1DDDB
:10A92000E9A9FAA980E00995812FDF91CF911F91C4
:10A93000FF90EF900895DC0114968D919C911597EE
:10A940008617970709F43CC015967C936E9314976D
:10A950006115710579F157968C915797FB0181111B
:10A9600030C03596E4915896EC935897645F7F4FCA
:10A97000FB01649159966C93599758968C9158970E
:10A98000082E000C990B59962C915997821B91090E
:10A9900027FD93955A962C915A97203441F0829F27
:10A9A000C001112426E0969587952A95E1F75B96DC
:10A9B0008C935B978BE296EB56969C938E93559770
:10A9C0000895813041F43F96E4915896EC9358975E
:10A9D000605F7F4FCDCF3D96E4915896EC935897AA
:10A9E000625F7F4FC5CFB0E0A0E0E9EFF4ED0C94DB
:10A9F0007FF3EC01E62E142F622F0E9437B66C0114
:10AA000080E0C114D104B1F08C819D810E942DB6EB
:10AA1000A82EFB88BC888989E80E1B198A89181B17
:10AA20000B2D2F2D412F6E2DCE010E94D3B68111FB
:10AA300006C08889CDB7DEB7EFE00C949BF387E0C2
:10AA4000F80EF694F694F6948F2C912CCA0CD11C27
:10AA5000012F0B0D3E01ECE16E0E711C560110171B
:10AA600041F35E2C11C0F50184916A817B815C8E7B
:10AA70001D8F1F8E8E8F93014BE3CE0142DDFFEFC2
:10AA8000AF1ABF0A88E0580E8A2D8C198F1558F31B
:10AA90001F5FC80CD91CE2CFFF920F931F93CF9377
:10AAA000DF93D82FF62E8A01E091C711F091C811DB
:10AAB00082EB91E10995F80EC0E0F8012491222380
:10AAC00051F04F2D6D2F82EB91E18DDFD80FC80F24
:10AAD0000F5F1F4FF2CF8C2FCDB7DEB7E5E00C94A0
:10AAE000A5F38DE00E9443438AE00C944343CF9347
:10AAF000DF93EC018991882319F00E944343FACF38
:10AB0000DF91CF910895809106138F77809306137C
:10AB10000E94EE3A882321F086EA90E10C94067AAE
:10AB200008958091061384FF04C08460877F80931A
:10AB300006130895B0E0A0E0E0EAF5ED0C9486F38A
:10AB4000EDB6FEB6FC0101900020E9F79F01281B3D
:10AB5000390B285F3F4F4DB75EB7421B530B0FB603
:10AB6000F8945EBF0FBE4DBF0DB71EB70F5F1F4FEE
:10AB70009F938F938AE29DE19F938F931F930F93EF
:10AB80000E9482EE680154E0C50ED11C0F900F9018
:10AB90000F900F900F900F90F60181916F01882315
:10ABA00049F0082E000C990B0E94EFF6F601319740
:10ABB0008083F2CF65E27DE1C8010E941BEE4FE386
:10ABC00050E0B8018BE093E10E9447F70FB6F8948C
:10ABD000FEBE0FBEEDBEE8E00C94A2F3CF938091D1
:10ABE0000910C1E08823C9F080910A1090910B10E0
:10ABF0004091051050910610609107107091081057
:10AC0000DC01ED91FC910288F389E02D25E03EE026
:10AC10000995C82F811104C0C0E08C2FCF910895F1
:10AC20004091AB135091AC136091AD137091AE1382
:10AC30004115510561057105B9F080910A10909197
:10AC40000B10DC01ED91FC910288F389E02D25E0E9
:10AC50003EE00995882301F31092AB131092AC13D8
:10AC60001092AD131092AE1310920910D6CFCF925E
:10AC7000DF92EF92FF92CF936B017C01C42F809102
:10AC8000051090910610A0910710B09108108C1536
:10AC90009D05AE05BF0519F1A1DF811107C080E058
:10ACA000CF91FF90EF90DF90CF90089580910A10A0
:10ACB00090910B10DC01ED91FC910088F189E02D61
:10ACC00025E03EE0B701A6010995882341F3C09233
:10ACD0000510D0920610E0920710F092081081E063
:10ACE000CC23F1F280930910DBCF8F929F92AF9229
:10ACF000BF92CF92DF92EF92FF920F931F93CF9369
:10AD000090930B1080930A101092C61382E090E08B
:10AD1000A0E0B0E08093AF139093B013A093B11371
:10AD2000B093B213109209101092AB131092AC139F
:10AD30001092AD131092AE138FEF9FEFDC01809352
:10AD4000051090930610A0930710B0930810662387
:10AD500009F46FC040E060E070E0CB0188DF811152
:10AD60000EC0C0E08C2FCF911F910F91FF90EF90FC
:10AD7000DF90CF90BF90AF909F908F90089580917B
:10AD8000C30F8F7771F78091CF0F9091D00FA09163
:10AD9000D10FB091D20F84369105A105B10508F30A
:10ADA000C090CB0FD090CC0FE090CD0FF090CE0F95
:10ADB000C114D104E104F104A1F240E0C701B601DD
:10ADC00056DFC82F882369F28091100E9091110EE2
:10ADD0008115924031F6A091150EAA2309F4C1CF36
:10ADE0006091130E7091140E6115710509F4B9CFBD
:10ADF0008091120E882309F4B4CFA093C1138093DD
:10AE0000B313F0E0E0E090E041E050E09A010E2E54
:10AE100002C0220F331F0A94E2F78217930769F0EA
:10AE200021E02E0F3196E930F10581F72093BC1314
:10AE300098CFC12CD12C7601C0CFE093BC132091C8
:10AE40001B0E30911C0E50E040E02115310541F4FD
:10AE50002091290E30912A0E40912B0E50912C0EEC
:10AE60002093B4133093B5134093B6135093B71394
:10AE700046015701860E971EA11CB11C8092C21379
:10AE80009092C313A092C413B092C5130091160EF2
:10AE90001091170E1093C8130093C713B0E00E94CF
:10AEA00002F3DC01CB01880D991DAA1DBB1D809307
:10AEB000C9139093CA13A093CB13B093CC1325E07E
:10AEC000000F111F2A95E1F701501E4F012F112786
:10AED0000695800F911FA11DB11D8093BD13909306
:10AEE000BE13A093BF13B093C0130091180E10911E
:10AEF000190E30E020E00115110541F40091250EF6
:10AF00001091260E2091270E3091280EC81AD90ACA
:10AF1000EA0AFB0AC00ED11EE21EF31E04C0F6941C
:10AF2000E794D794C794EA95D2F7C092B813D09219
:10AF3000B913E092BA13F092BB1385EFC8168FE0F5
:10AF4000D806E104F10420F48CE08093C61309CF05
:10AF500080E125EFC2162FEFD206E104F10488F05C
:10AF60008091310E9091320EA091330EB091340E3B
:10AF70008093C9139093CA13A093CB13B093CC13AF
:10AF800080E28093C613EECEB0E0A0E0EAECF7EDED
:10AF90000C947EF3EC01423051056105710530F4EB
:10AFA00080E0CDB7DEB7E0E10C949AF389859A850D
:10AFB000AB85BC850196A11DB11D84179507A60719
:10AFC000B70770F38F898031B9F5852E962EA72E9D
:10AFD000BB248B899C89AD89BE89880E991EAA1EC7
:10AFE000BB1E280139016A017B0141E0C501B401A2
:10AFF0003EDE8823A9F29F89903179F5DD24EE2485
:10B00000FF24F601EE0FFF1FEB5FF14F118300836A
:10B010009A89923030F24D815E816F817885840EFD
:10B02000951EA61EB71E8092AB139092AC13A092F1
:10B03000AD13B092AE13B5CF803209F0B1CF8B898A
:10B040009C89AD89BE894A015B01E7E0B694A7946B
:10B0500097948794EA95D1F7C0CFE894C7F8DD2498
:10B06000EE24FF24F601EE0FFF1FEE0FFF1FEB5F34
:10B07000F14F4082518262827382CACFB0E0A0E079
:10B08000E4E4F8ED0C9486F3FC0181859285A385B8
:10B09000B4850196A11DB11D84179507A607B707B2
:10B0A00030F480E0CDB7DEB7E8E00C94A2F38789F6
:10B0B0008031A9F5BB27A72F962F852FC388D48869
:10B0C000E588F6888C0D9D1DAE1DBF1DE9016A0146
:10B0D0007B018F014091051050910610609107107F
:10B0E0007091081084179507A607B70749F5F8016E
:10B0F0008789803161F5B701A60155276627772733
:10B10000440F551F4B5F514FFA0180819181B0E090
:10B11000A0E088839983AA83BB8381E0C3CF803278
:10B1200009F0BFCFC388D488E588F688DB01CA015F
:10B13000C7E0B695A79597958795CA95D1F7C2CFE1
:10B1400040E0BC01CD0193DD8111D1CFAACFB70181
:10B15000A6014F77552766277727440F551F440FC1
:10B16000551F4B5F514FFA0180819181A281B381BC
:10B17000BF70CFCF4F925F926F927F92AF92BF928C
:10B18000CF92DF92EF92FF920F931F93CF93DF93B3
:10B1900000D000D0CDB7DEB78C0149835A836B83D2
:10B1A0007C835901C12CD12C7601412C82E0582E90
:10B1B000612C712C49815A816B817C819E012F5FAA
:10B1C0003F4FC8015BDF882319F1F8018585A30192
:10B1D000920104C0220F331F441F551F8A95D2F7D6
:10B1E000DA01C901C80ED91EEA1EFB1E49815A8127
:10B1F0006B817C8187898031F1F481E0483F5F4F2A
:10B2000061057105B8F2F501C082D182E282F38254
:10B210000F900F900F900F90DF91CF911F910F9192
:10B22000FF90EF90DF90CF90BF90AF907F906F90A6
:10B230005F904F90089581E0483F5F4F6F4F7F4090
:10B2400008F4B8CFE0CFCF93DF93EC018B81882354
:10B2500049F1898187FF22C061E0CE010E940F7A07
:10B26000FC01892BF9F08081853EE1F08B818230F1
:10B2700040F489899A89AB89BC89848F958FA68F80
:10B28000B78F8D899E89938F828F8D899E89AF8993
:10B29000B88DB58BA48B89818F7789839FDCDF91F3
:10B2A000CF91089581E0888380E0F9CF86EA90E12C
:10B2B000CADF86EA90E10E94067A809106138D7FAC
:10B2C0008E7F809306131092021310920313109234
:10B2D0000413109205130895B0E0A0E0E2E7F9ED41
:10B2E0000C9482F3EC018B81811106C080E0CDB714
:10B2F000DEB7ECE00C949EF309891A892B893C890E
:10B30000041715072607370788F34A015B018230C7
:10B3100031F488869986AA86BB8681E0E8CF8114BD
:10B320009104A104B10449F4188619861A861B8673
:10B330001C821D821E821F82F0CF088519852A85F6
:10B340003B85E98DFA8D858590E00996B901A801C4
:10B350004150510961097109082E04C0769567951D
:10B36000579547950A94D2F775016401E1E0CE1A2A
:10B37000D108E108F10804C0F694E794D794C79483
:10B380008A95D2F7C416D506E606F70620F0012BFB
:10B39000022B032B09F58D899E89AF89B88D8C838B
:10B3A0009D83AE83BF838E010C5F1F4FC114D104F8
:10B3B000E104F10409F4ADCF4C815D816E817F81A0
:10B3C0009801898D9A8D5ADE91E0C91AD108E10859
:10B3D000F1088111EBCF8ACFC41AD50AE60AF70A21
:10B3E000E2CFA4E0B0E0E7EFF9ED0C9482F3FC01CA
:10B3F0008381813029F080E02496ECE00C949EF368
:10B40000818181FFF8CF81899289A389B489892BB1
:10B410008A2B8B2B09F459C07F0140E050E0BA0120
:10B42000CF015ADF882339F3F701C18CD28C85888C
:10B430009688A788B08C82E090E0A0E0B0E0F601AA
:10B4400080839183A283B3839E012F5F3F4FB50119
:10B45000A401C60113DE882371F200E010E0980118
:10B46000B501A401C60190DD882329F289809A8064
:10B47000AB80BC80F60187898031F1F4F8EF8F163C
:10B48000FFEF9F06A104B104F8F2F701158A168AAE
:10B49000178A108E118A128A138A148A8181806811
:10B4A0008183C701D0DE882309F4A5CF40E050E0B6
:10B4B000BA01C70111DFA0CF88EF88168FEF980679
:10B4C000A8068FE0B80608F7BFCF81E095CFB0E0BF
:10B4D000A0E0EDE6FAED0C947CF3EC014B018A015F
:10B4E0008B81811107C08FEF9FEFCDB7DEB7E2E10F
:10B4F0000C9498F3898180FFF6CF89899A89AB896A
:10B50000BC89488559856A857B85841B950BA60B6C
:10B51000B70BA80170E060E084179507A607B7078E
:10B5200008F48C0168011E0124E0220E311CC114B4
:10B53000D10409F4A8C0488559856A857B855A01DC
:10B5400081E0B822898D9A8D2A013B0139E07694F9
:10B550006794579447943A95D1F72B81FC01223098
:10B5600081F5628D738D848D958D640D751D861D9D
:10B57000971DE12C22E0F22EEA18FB08CE14DF041E
:10B5800008F47601E114E2E0FE0671F44090051043
:10B5900050900610609007107090081064157505A3
:10B5A0008605970509F04CC040E061DB882309F46B
:10B5B0009ACFB5016B5F714FA701C4010E9404F7D8
:10B5C00051C0F480FA94F420A114B10471F4F11084
:10B5D0000CC0452B462B472B51F58D899E89AF8991
:10B5E000B88D8C839D83AE83BF83E98DFA8D4C80AB
:10B5F0005D806E807F8022E0421A510861087108E8
:10B60000858504C0440C551C661C771C8A95D2F7AE
:10B6100086859785A089B189480E591E6A1E7B1EB2
:10B62000C301B2016F0D711D811D911DA2CF4C810F
:10B630005D816E817F81910121DD8111D6CF53CF54
:10B64000A0910A10B0910B10ED91FC911197008818
:10B65000F189E02D9401AB01BC01CD01099588234E
:10B6600009F441CF8E0C9F1C88859985AA85BB85DE
:10B670008E0D9F1DA11DB11D88879987AA87BB8745
:10B68000CE18DF0854CFC80130CFB0E0A0E0EBE423
:10B69000FBED0C9485F3EB01FC012381223008F4CF
:10B6A00097C040855185628573854F715527662700
:10B6B0007727452B462B472B09F08AC08C01109227
:10B6C0002C1010922B10C12CDD24DA947E01FBE0AB
:10B6D000EF0EF11C8DE0B82E40E250E0BE01C80133
:10B6E000F6DE8032910559F021E0892B09F420E043
:10B6F000822F8195CDB7DEB7E9E00C94A1F32881C4
:10B70000222309F467C0253E11F02E3229F410924D
:10B710002C1010922B10E0CF3B853F733F3009F087
:10B7200042C04A8D5B8D452B61F52F713FEF320F83
:10B73000323038F58D85213041F1C81229C02150B1
:10B74000330BB29EC001B39E900D1124DC01A55DA8
:10B75000BF4EFE0120E02B30F0F0468157814F3F75
:10B76000510519F010F04FE550E04D932F5F3296E0
:10B770002D3089F7288126FF04C0FC01E85CFF4ECC
:10B7800010822B8523FDA8CFB5CFC82ED12CD7CFC3
:10B79000DD24D394D4CF253018F044815581DFCFF8
:10B7A00041815281DCCFD1100EC0FE0120E020FB90
:10B7B000279527F93191230FEE16FF06C1F7C21620
:10B7C00001F3DD24D39410922C1010922B10D9CFBA
:10B7D0008FEF90CF80E08ECFABE3B0E0E2EFFBEDF8
:10B7E0000C948AF3809155019091560197FF26C0E1
:10B7F0008BE1E1ECF0E1DE01919601900D928A95EA
:10B80000E1F7CE0181960E94357B10E000E0BE0199
:10B810006F5F7F4FCE01819638DF18163CF4CE0162
:10B8200001960E94F5B6080F111DF1CF1093560135
:10B8300000935501CE0181960E943A7B809155017B
:10B8400090915601EB96E4E00C94A6F3ABE3B0E0E4
:10B85000ECE2FCED0C948AF38C0181EC90E10E9407
:10B86000357B8BE1E1ECF0E1DE01919601900D92E8
:10B870008A95E1F7BE016F5F7F4FCE01819605DFAC
:10B880001816A4F4CE0101960E94F5B6882391F310
:10B89000BE016F5F7F4F8EE190E10E9412B76EE1B3
:10B8A00070E1C8010E9414F7892B21F7CE0181961F
:10B8B0000E943A7BEB96E4E00C94A6F3ABE3B0E095
:10B8C000E4E6FCED0C9488F37C0181EC90E10E94AD
:10B8D000357B8BE1E1ECF0E1DE01919601900D9278
:10B8E0008A95E1F710E000E0BE016F5F7F4FCE0167
:10B8F0008196CBDE181684F4CE0101960E94F5B62F
:10B90000882391F3E016F10679F4BE016F5F7F4F53
:10B910008EE190E10E9412B7CE0181960E943A7B9F
:10B92000EB96E6E00C94A4F30F5F1F4FDDCFABE185
:10B93000B0E0EDE9FCED0C947CF38091071390915D
:10B9400008131816190624F41092081310920713FE
:10B950008091061384FF7DC03FDF181619060CF096
:10B9600078C08932910544F48130910539F4109200
:10B97000F90501E010E069C088E290E0E9EFF5E048
:10B9800010E000E001930F5F1F4F08171907D1F770
:10B99000580181E0A81AB10809F457C0C090F90510
:10B9A000D12CC6018BDF80912B106EE170E18823D2
:10B9B00011F06BE270E1CE0101960E9432F75090D7
:10B9C000061355FA552450F829EFE22E25E0F22E01
:10B9D000312CF7012180622C712CC3016FDF409064
:10B9E000061345FA442440F880912B109EE1892EDD
:10B9F00090E1992E882321F08BE2882E80E1982E09
:10BA0000451011C0B401CE0101960E9414F721E047
:10BA1000181619065CF0B401CE0101960E9432F7A7
:10BA2000542C630107C021E02525A9F3F7012082EA
:10BA3000C182322EEFEFEE1AFE0AC701895F9540F0
:10BA40008A159B0534F23110A4CF1093081300938C
:10BA500007136B96E2E10C9498F38BE1ECEDF0E1C7
:10BA6000A1ECB0E101900D928A95E1F78091061367
:10BA70008064809306131092FB128FEF9FEF9093D8
:10BA800056018093550153CF0F931F93CF93DF93AC
:10BA9000FC012381222331F080E0DF91CF911F91BF
:10BAA0000F9108958B01EC01FB018789803139F5F5
:10BAB00082E08B831D8A1E8A1F8A188E808D918D4D
:10BAC000B0E0A0E025E0880F991FAA1FBB1F2A95B0
:10BAD000D1F7898B9A8BAB8BBC8B1A8F098F81E046
:10BAE0008983188619861A861B861C821D821E82EF
:10BAF0001F82188A1C861D861E861F86CECF803226
:10BB000059F683E08B83428D538D648D758D4D8BFB
:10BB10005E8B6F8B788F9E012F5E3F4FC8012ADBB3
:10BB20008111DBCFB9CFCF93DF93809106138F7E46
:10BB3000809306138FEF9FEF9093560180935501EA
:10BB40008091DF10882321F08CED90E10E94067A2D
:10BB50008091D9139091DA13DC01ED91FC91019061
:10BB6000F081E02D4FE160E00995811110C00E9445
:10BB7000754389E19DE10E944A438091061384FD4B
:10BB80006CDF83E080936201DF91CF910895C091D3
:10BB9000D913D091DA1361E0CE01A7D881110AC080
:10BBA00060E0CE01A2D8811105C00E94724385E0F9
:10BBB0009DE1E1CF6FEA73E18CED90E165DF8111EA
:10BBC00005C00E94724384EF9CE1D5CF809106139B
:10BBD0008061809306130E94754388EE9CE1CBCF71
:10BBE000BC0184E39DE10E941F4B81E39DE10C9425
:10BBF0004A43A2E0B0E0EFEFFDED0C947CF3382E69
:10BC00007B012DB73EB73A8329838091A31381111D
:10BC100007C01092881310928B1381E08093A313B6
:10BC200080918013811107C01092651310926813E0
:10BC300081E080938013DA018C918F3209F072C019
:10BC40008CED90E1F701918380834F5F5F4F31105E
:10BC50001092FB12F701408051808A0128E8C22E21
:10BC600023E1D22E3BE1232E01151105B9F16DB66A
:10BC70007EB66FE270E0C8010E9427F75C010817EA
:10BC8000190738F5AC01401B510B5527CA01019625
:10BC90002DB73EB7281B390B0FB6F8943EBF0FBE29
:10BCA0002DBF8DB79EB701964C01B8010E9447F792
:10BCB000C6010E94067AD7016D917C9121E0A40112
:10BCC000C6010E943F7B811133C0C40189DF10E0AF
:10BCD00000E00FB6F8947EBE0FBE6DBE3320B1F00B
:10BCE000D701ED91FC918BE1A1ECB0E101900D92B7
:10BCF0008A95E1F791E08091FB12811190E08091AB
:10BD0000061390FB86F98093061311DEC801E981C2
:10BD1000FA810FB6F894FEBF0FBEEDBF2296E2E1A6
:10BD20000C9498F381EC90E1D7018D939C9392CF82
:10BD3000F701808191814816590611F00E94067A18
:10BD4000D701CD92DC92332099F0A091FB12AA305A
:10BD500078F481E08A0F8093FB122A9ED00111248F
:10BD6000A351BE4EF601822D01900D928A95E1F706
:10BD7000B8E8CB16B3E1DB0669F495E6C92E93E18A
:10BD8000D92E85010F5F1F4F0FB6F8947EBE0FBEF0
:10BD90006DBE6ACF88E8C82E83E1D82EF2CFA7E225
:10BDA000B0E0E5EDFEED0C9488F38091061384FF7E
:10BDB000BADE8091061384FF4DC08091FC1290E0A2
:10BDC0008F969F938F9382E09EE19F938F938E0136
:10BDD000045E1F4F1F930F930E9482EE8091061303
:10BDE0000F900F900F900F900F900F9084FBFF24F7
:10BDF000F0F884FF2FC01FA21EA2A801BE016A5D39
:10BE00007F4F80E0F6DE009729F119821C826EA137
:10BE10007FA121E0AC01CE0101960E943F7BE82E7C
:10BE2000882321F0CE0101960E94067ACE01019668
:10BE30000E943A7BEE2071F010DEC8010E949AD574
:10BE40008091FC128F5F8093FC128F2DA796E6E005
:10BE50000C94A4F31092FC12F12CF7CF0E947543BE
:10BE600060916B0670916C0684E499E20E941F4B0E
:10BE700081E499E20C944A430E941F4B8AE00C949F
:10BE800043431F93CF93DF93182FEB010E94754319
:10BE90008DEF9DE10E944A4389EE9DE1113011F43E
:10BEA0008FEE9DE10E944A43BE0185EF9DE1E4DFF4
:10BEB000DF91CF911F910895A2E0B0E0E2E6FFED9F
:10BEC0000C9488F32091061324FF31C07C01BC013F
:10BED00082E0D7DF1092FD1280910613877F8B7F5F
:10BEE000809306130E9483D5A701BE016F5F7F4F29
:10BEF00080E07FDE8C01C70101151105E9F0698141
:10BF00007A8126E5A80186EA90E10E943F7B88239A
:10BF100091F080910613816080930613C80196DC2E
:10BF2000B80187ED9DE1A8DFC8010E9406C72296EF
:10BF3000E6E00C94A4F3C80153DEF9CFA6E5B0E027
:10BF4000E4EAFFED0C9480F35C017B016DB67EB6F4
:10BF5000BE016F5F7F4FC50198DB18160CF069C0FA
:10BF60008C858871803109F06EC08DB69EB610E068
:10BF700000E0E114F10439F0F70101900020E9F745
:10BF80008F010E191F09C8010D962DB73EB7281B4A
:10BF9000390B0FB6F8943EBF0FBE2DBF8DB79EB7BD
:10BFA00001966C01080F191FE114F10439F0B70173
:10BFB0000E9432F78FE2F80131978083BE016F5FF4
:10BFC0007F4FC8010E9412B71CAE1FAE21E0A8012E
:10BFD000B501CE01CC960E943F7B8823D9F08BE13E
:10BFE000FE01FC96DE01919601900D928A95E1F793
:10BFF000B601CE018196A2DFCE0181960E943A7BE6
:10C00000CE01CC960E943A7B0FB6F8949EBE0FBE2E
:10C010008DBE9ECF0E947543B8018DE299E22CDF60
:10C02000CE01CC960E943A7B0FB6F8949EBE0FBE0E
:10C030008DBE0FB6F8947EBE0FBE6DBECA5ADF4FDE
:10C04000EEE00C949CF3CE0101960E94F5B6882395
:10C0500009F47ECFE114F10431F0C7010E9477D5D5
:10C060008FE20E944343BE016F5F7F4F8EE190E1FC
:10C070000E9412B70E9477D580E20E9443436D8DE3
:10C080007E8D8F8D98A10E9457C78AE00E944343FE
:10C090005FCFA7E0B0E0EFE4F0EE0C9482F37C0118
:10C0A000062F8091061384FD03C0C70199DD63C08C
:10C0B000613009F46AC008F462C0623009F4F3C068
:10C0C00080910613877F8B7F809306130E9483D510
:10C0D000A701BE016F5F7F4F81E08BDD8C01009770
:10C0E00021F369817A8121E0AC0186EA90E10E9426
:10C0F0003F7B882309F4DEC08091B7109091B8107F
:10C10000A091B910B091BA108093FE129093FF12D3
:10C11000A0930013B0930113109202131092031313
:10C120001092041310920513B8018FE59DE10E944F
:10C130001F4BC090FE12D090FF12E0900013F090C1
:10C14000011387E59DE10E944A43C701B6010E94A1
:10C1500057C78AE00E94434388E49DE10E944A4316
:10C16000C80174DB80912B10882311F00BE210E1E1
:10C17000C8010E9406C72796ECE00C949EF3B70115
:10C1800082E07FDE1092FD129BCF0E94EE3A811179
:10C1900004C0B70181E075DE93CF1091FD12112329
:10C1A00091F00E94724361E070E088EB9DE10E9493
:10C1B000E3498AE00E94434340E070E060E087EAA0
:10C1C0009DE10E942D4A81E995E09E838D838FE257
:10C1D000809390050F83CE0105969A8389830296FA
:10C1E0009C838B830BE18091FB12181758F4109FEE
:10C1F000B001112463517E4ECE0101960E942AB7F0
:10C200001F5FF1CF8F818B3558F466EA70E1CE0164
:10C2100001960E942AB78D819E8101979E838D830E
:10C22000ED81FE811082E091FD1284E0E89FF00133
:10C230001124E457FA4F8091021390910313A091B7
:10C240000413B091051380839183A283B3830E946A
:10C250007543B7018EE89DE10E941F4B6091FD126E
:10C2600089E6689FB001112460577A4F83E89DE109
:10C270000E941F4B8090021390900313A090041310
:10C28000B09005138DE79DE10E944A43C501B401BA
:10C290000E9457C78AE00E9443438091FD128F5F3E
:10C2A0008093FD120DCF0E9475438DE69DE10E94A3
:10C2B0004A4306CFC801FACEB0E0A0E0E2E6F1EED4
:10C2C0000C9482F3F82E7093400660933F060E9410
:10C2D0002ECFC091450685E0982E9C0ED1E002EA53
:10C2E00018E285E0E82EEC1A84E0D82EDC1A83E010
:10C2F000C82ECC1A82E0B82EBC1A8D2E8C1AAC2E09
:10C30000A19483E0F81609F44EC0C11196C0F092D2
:10C3100063061092670610926606109265061092E8
:10C320006406DD23D9F0809147061816BCF04091D1
:10C330004C0650914D0660914E0670914F064F5F2E
:10C340005F4F6F4F7F4F40934C0650934D06609365
:10C350004E0670934F068F5F80934706809162016F
:10C36000882331F043E067ED78E28A2D0E94BACD50
:10C3700082E0F8125BC0C530A1F4109263061093FE
:10C380006706009366061092650610926406809117
:10C390004706853009F4D6C0809162018111E3C05F
:10C3A000D0E086E044C08091181090911910A091BF
:10C3B0001A10B0911B1080933B0690933C06A093FB
:10C3C0003D06B0933E06C11138C01092630610922C
:10C3D0006706109266061092650610926406DD23C9
:10C3E000D9F0809147061816BCF040914C06509148
:10C3F0004D0660914E0670914F064F5F5F4F6F4F35
:10C400007F4F40934C0650934D0660934E067093B9
:10C410004F068F5F8093470680916201882331F039
:10C4200043E060ED78E28A2D0E94BACD85E0CF5FCF
:10C430009C1267CF8093460624C0C13039F58091A5
:10C440004706813091F080916201882361F081E09C
:10C4500090914706913009F080E024E046EC58E2E4
:10C46000682D0E941ACED0E083CF80913A061092B8
:10C470003A06882341F30E94412B80915C06882371
:10C4800011F3CDB7DEB7ECE00C949EF3C23009F0A7
:10C4900077C080914706823079F0809162018823CD
:10C4A00011F381E090914706923009F080E023E09B
:10C4B0004CEB58E26B2DD5CF80913A0610923A069C
:10C4C000882359F386EA96E70E9456A280915C067B
:10C4D000882319F3D6CF80913A0610923A06882322
:10C4E00009F456C081E996E70E9456A280915C0645
:10C4F000882309F44DC0C5CFC43009F039CF8091ED
:10C500004706843081F080916201882309F4ABCF23
:10C5100081E090914706943009F080E023E048EAFA
:10C5200058E26D2D9ECF80913A0610923A068823EC
:10C5300051F38CE796E70E9456A280915C0688230F
:10C5400011F39FCF80913A0610923A06882309F49E
:10C5500023CF87E696E70E9456A280915C06882347
:10C5600009F41ACF8ECF81E090914706953009F0FB
:10C5700080E023E049E958E26E2D0E941ACE10CFE8
:10C58000C33009F0B9CF80914706833009F4A3CFB7
:10C5900080916201882309F466CF81E0909147067B
:10C5A000933009F080E023E043EB58E26C2D59CF43
:10C5B000CF93DF93C82FD62F87FD2AC026E08202B3
:10C5C000F0011124E25DF94F80819181181619065E
:10C5D00044F4853021E0920714F084E091E00E9459
:10C5E0006F87D7FF17C086E0C802F0011124E25D13
:10C5F000F94F848195818F3F910519F010F08FEFED
:10C6000090E0809389060E94302BDF91CF910895AE
:10C6100067FDF9CF26E0D202F0011124E25DF94F67
:10C6200082819381181619065CF48E36910514F0F8
:10C630008EE690E090931211809311110E94EB1AF4
:10C64000C7FFD1CFE0CFEF92FF921F93CF93DF933D
:10C65000182F83EE95E00E944A43D0E0C0E0E12E1F
:10C66000F12CC7010C2E02C0959587950A94E2F72C
:10C6700080FF09C0FE01EE0FFF1FE552FA4F8591C2
:10C6800094910E944A432196C330D10551F713FF7C
:10C6900009C080E20E94434385E40E94434380E353
:10C6A0000E94434388ED95E00E944A43DF91CF9179
:10C6B0001F91FF90EF9008951092DC101092DF1000
:10C6C0001092C1101092C410EDEEF1E18BEF92E1E7
:10C6D000108213827B968E179F07D1F780E492E039
:10C6E0009093D2138093D1131092D31389E1809346
:10C6F000D5131092D8131092C6131092A610109250
:10C70000A91081E0809340111092411110924211C2
:10C71000109243111092441110924511109246113B
:10C7200010924711109248111092491110924A111B
:10C7300010924B1110924C1110924D1110924E11FB
:10C7400010924F11109250111092511110925211DB
:10C7500010925311109254111092551110925611BB
:10C7600010925711109258111092591110925A119B
:10C7700010925B1110925C1110925D1110925E117B
:10C7800010925F1110926011809314111092151184
:10C79000109216111092171110921811109219116F
:10C7A00010921A1110921B1110921C1110921D114F
:10C7B00010921E1110921F1110922011109221112F
:10C7C000109222111092231110922411109225110F
:10C7D00010922611109227111092281110922911EF
:10C7E00010922A1110922B1110922C1110922D11CF
:10C7F00010922E1110922F111092301110923111AF
:10C800001092321110923311109234111092F710CD
:10C810001092F8101092F9101092FA101092FB106A
:10C820001092001110920111109202111092031136
:10C8300010920411809185118C3008F092C091E023
:10C84000980F909385118093861190E0FC01EE0F74
:10C85000FF1FE80FF91FEF59FE4E88EB9BE0928314
:10C86000818389E891E190939611809395111092BC
:10C87000A8111092A9111092AA111092AB11109246
:10C88000A4111092A5111092A6111092A711109246
:10C89000A0111092A1111092A2111092A311109246
:10C8A0009C1110929D1110929E1110929F11109246
:10C8B000CD131092CE131092CF131092D01310926A
:10C8C0009B1110929A111092991110929811109236
:10C8D000971180E19BE39093AD118093AC1110927E
:10C8E000B1111092B0118EE592E09093AF11809348
:10C8F000AE1180E08E7F8D7F8B7F877F8093EC11E0
:10C9000081ED93E19093DA138093D9131092081379
:10C910001092071380910613847E8B7F80930613F9
:10C920001092021310920313109204131092051325
:10C930001092FE121092FF12109200131092011327
:10C940001092FD121092FC121092FB12EDEEF1E12A
:10C950008EE091E0DF019C011D9221503040E1F713
:10C9600008958FEF809386117CCFA4E0B0E0EBEBCD
:10C97000F4EE0C947CF3789484B5826084BD84B525
:10C98000816084BD85B5826085BD85B5816085BDCA
:10C9900080916E00816080936E0010928100809182
:10C9A000810082608093810080918100816080930A
:10C9B0008100809180008160809380008091B1002F
:10C9C00084608093B1008091B00081608093B0005A
:10C9D00080919100826080939100809191008160AC
:10C9E000809391008091900081608093900080916D
:10C9F0007A00846080937A0080917A0082608093CC
:10CA00007A0080917A00816080937A0080917A0028
:10CA1000806880937A001092C1001091E11314BED7
:10CA20001092C0008091C00082608093C00010927C
:10CA3000C50080E18093C4008091C1008061809333
:10CA4000C1008091C10088608093C1008091C100C5
:10CA500080688093C1000E94D1D16B017C0128EED7
:10CA6000C20E23E0D21EE11CF11C88E296E00E9477
:10CA7000D740811108C00E94D1D16C197D098E095F
:10CA80009F0997FDF8CF8EEE9FE10E944A430C9AD2
:10CA9000149810FF04C085EE9FE10E944A4311FFE5
:10CAA00004C084ED9FE10E944A4312FF04C082EC5F
:10CAB0009FE10E944A4313FF04C081EB9FE10E9463
:10CAC0004A4315FF04C080EA9FE10E944A4380E97F
:10CAD0009FE10E944A430E9475438AE59FE10E94BC
:10CAE0004A430E94754382E49FE10E944A430E94A8
:10CAF00075438091DB139091DC138E010F5F1F4F04
:10CB0000B801009709F466C0681B790B83E39FE1C5
:10CB10000E94E34960EB74E08CE19FE10E94F049E0
:10CB20000E94952080910A13811107C00E941AAFBC
:10CB3000882319F081E080930A130E947596559A14
:10CB40005D98549A5C98249A87ED80937A001092AD
:10CB50007E0080917E00806880937E0080917E00C0
:10CB6000806480937E0080E887BD80916E00826043
:10CB700080936E00EAE1FFE1C590D49035E0C316E2
:10CB8000D1041CF495E0C92ED12CD0925E01C09244
:10CB90005D010D2C000CEE08FF08A0905901B0902B
:10CBA0005A01C5010E94CFC72B013C01C701B60144
:10CBB0000E94EFEE9B01AC01C301B2010E94E9EEBD
:10CBC00087FF0BC040E1A41AB108B0925A01A092AD
:10CBD0005901E3CF615E734199CFEEE0FEE1C5906C
:10CBE000D49051E0C51AD10884E1C81681E0D80676
:10CBF00024F083E1C82EDD24D394D0926001C0924A
:10CC00005F010D2C000CEE08FF08A0905B01B090B6
:10CC10005C01C5010E94CFC72B013C01C701B601D1
:10CC20000E94EFEE9B01AC01C301B2010E9417F517
:10CC3000181644F490E1A90EB11CB0925C01A092C8
:10CC40005B01E3CF80915701909158010E94067FCC
:10CC500020E030E040EA50E40E94E9EE87FF0AC09D
:10CC6000809157019091580140979093580180937B
:10CC70005701E8CF80912206909123060E94067FFB
:10CC800020E030E040EF52E40E9417F5181654F40B
:10CC900080912206909123064096909323068093DC
:10CCA0002206E8CF0E94C79A3A983B983C98109287
:10CCB0002506109224060E94A8973D9A3F9A229A30
:10CCC000209A569A5E9A569A5E9A0D9A159A569A94
:10CCD0005E9A579A5F985E9A809168068E7F8093DD
:10CCE00068063E9A46985E9A809168068D7F80938A
:10CCF0006806239A2B98159A809168068B7F8093FB
:10CD00006806219A29985E9A809180008C7F809392
:10CD1000800080918100877E88608093810080916F
:10CD200080008F738093800080918100887F826073
:10CD30008093810080E090E4909389008093880044
:10CD400010928500109284000E94268A789483E0D5
:10CD5000809326060E94B482809186118C3008F060
:10CD600042C090E0FC01EE0FFF1FE80FF91FEF59E2
:10CD7000FE4E808180788B6180838BE10E947FC82A
:10CD80001092871110928811809186112CE0622FE9
:10CD90000E9421F3829FB001112430E020E0AB011A
:10CDA000420F531FFA01EE0FFF1FE40FF51FEF595B
:10CDB000FE4E908197FD09C02F5F3F4F2C3031050B
:10CDC00071F7811102C00E94E840E09186118E2F18
:10CDD00090E0FC01EE0FFF1FE80FF91FEF59FE4E28
:10CDE00080818068808386E891E10E94D9406AE56D
:10CDF00070E086E891E10E94F840109269060E9476
:10CE0000A8970E942F420E94EA4180912706811133
:10CE100024C00E94014266E9C62ED12CE12CF12CDF
:10CE2000C982DA82EB82FC82B8018CE80E94C2419E
:10CE3000C982DA82EB82FC82B80182E80E94C24198
:10CE4000C982DA82EB82FC82B8018CE80E94C2417E
:10CE50000E94EA4181E08093270688E198E20FB6BC
:10CE6000F894A895809360000FBE9093600083E0D3
:10CE700080932C06212C52E0352E41E6942E8824F6
:10CE8000839480E00E94294B8091061387FF1EC087
:10CE90001092FC12877F8B7F809306130E9483D5AC
:10CEA0001092800C10927F0C10927E0C0E948E9635
:10CEB0000E94049B0E94EA7E1092890610926101F2
:10CEC000A5EFBFE1B0932A06A093290680912C0616
:10CED000CDB6DEB610E000E0843009F441C0ADB656
:10CEE000BEB66091290670912A0610E000E0611537
:10CEF000710509F082C080910B13882309F4F2C0F8
:10CF0000EBE0F3E18F010B501341F190FF2019F09A
:10CF10005AE0F512F7CF0115110559F0F801E55F58
:10CF2000FC4E10828BE093E10E94952480E00E94E9
:10CF30007C5981E0F11001C080E0080F802FE82FBC
:10CF4000F0E0E55FFC4E9081E82FE01BF0E0E55F4C
:10CF5000FC4E9083992309F48CC08F5FF0CF8C0135
:10CF6000F801E550F04EE491C8010196EE2311F06E
:10CF7000EA30A9F7EDB7FEB7E81BF90B0FB6F89446
:10CF8000FEBF0FBEEDBF2DB73EB72F5F3F4F7901FC
:10CF9000A8016BEF7FE1C90145D6F701E00FF11F52
:10CFA0001082D7018C918B3309F180917E0C8430F3
:10CFB000E8F48091800C899DC0011124B7018F573E
:10CFC000934F0E9432F7E091800C9E9EF001112455
:10CFD000EF51F34F80820E94DFC80FB6F894DEBE97
:10CFE0000FBECDBEB3E0B0932C0679CF0FB6F89448
:10CFF000DEBE0FBECDBE73CF8601FB01E00FF11F79
:10D0000074906801EFEFCE1ADE0A772019F0FAE08B
:10D010007F12F2CF2DB73EB72C193D090FB6F89409
:10D020003EBF0FBE2DBF4DB75EB74F5F5F4F7A015A
:10D03000A801C701F7D5F701E00FF11F1082772093
:10D0400009F44DC08091290690912A06C80ED91E78
:10D05000D0922A06C0922906012B31F0C7010E9406
:10D06000952480E00E947C590FB6F894BEBE0FBE96
:10D07000ADBE90912B0680914B13981709F401CF08
:10D0800080912B0680934B1380912B06882309F403
:10D09000F6CE0E9475438AE490E20E944A438AE0F9
:10D0A0000E9443431F9280E28F931F928F931F929F
:10D0B0008F931F928F9382E390E29F938F938BE3E2
:10D0C00090E29F938F931F920E94AE1FEDB7FEB721
:10D0D0003D960FB6F894FEBF0FBEEDBFCECED12C5D
:10D0E000C12CB6CF80917E0C882319F28091061353
:10D0F00080FFEFC100917F0C099D800111240F5723
:10D10000134F6EE270E2C801E3D5009739F0DC01FD
:10D1100013968C9180538A3008F0C3C1F8010190B6
:10D120000020E9F731977F01E01AF10A1092A6106A
:10D130006EE470E0C8010E9427F76C01009709F0C7
:10D1400084C0B1E0EB1AF108F801EE0DFF1D2DE0EF
:10D1500021833AE032831382F80101900020E9F73D
:10D1600031976F01C01AD10A8091A910813009F05E
:10D1700069C08091A71081FF65C082FF1CC04091EB
:10D18000B7105091B8106091B9107091BA10809199
:10D19000AE109091AF10A091B010B091B110841763
:10D1A0009507A607B70739F086EA90E10E946CD987
:10D1B000882309F447C04091AE105091AF106091A0
:10D1C000B0107091B110C114D10409F425C180913F
:10D1D000BF109091C010DC0114967C902FEF270DAA
:10D1E0002A013B0139E076946794579447943A9525
:10D1F000D1F742227A01B1E0FB22411056C0E1147E
:10D20000F10409F052C04091AA105091AB10609106
:10D21000AC107091AD10411551056105710521F5F6
:10D220008091BB109091BC10A091BD10B091BE1028
:10D230000097A105B10589F586EA90E10E94627A1E
:10D24000811133C08092A6100CC160E270E00E9490
:10D2500027F78C010F5F1F4F6AE270E0C6010E9442
:10D2600027F7FC01319773CF9E012F5F3F4F0E943C
:10D270003ED8882339F389819A81AB81BC81E091C2
:10D28000BF10F091C0102789203109F085C0883F78
:10D29000EFEF9E07A105B10578F68093AA10909351
:10D2A000AB10A093AC10B093AD105101AE18BF08F5
:10D2B000CA14DB0408F45601E091BF10F091C010CD
:10D2C0008091AA109091AB10A091AC10B091AD10CC
:10D2D0000297A109B109258504C0880F991FAA1FCB
:10D2E000BB1F2A95D2F74685578560897189840FBF
:10D2F000951FA61FB71F9C01AD01240D311D411DB7
:10D30000511D29013A01A11432E0B30609F04DC0C4
:10D310008091051090910610A0910710B09108100F
:10D32000481659066A067B0669F4109209108FEFB9
:10D330009FEFDC018093051090930610A0930710D7
:10D34000B093081080910A1090910B10DC01ED91C0
:10D35000FC910288F389E02D9801B301A20109959F
:10D36000882309F46FCF8091AE109091AF10A091F7
:10D37000B010B091B1108A0D9B1DA11DB11D8093FD
:10D38000AE109093AF10A093B010B093B1100A0DEF
:10D390001B1DCA18DB080FCF883FFFEF9F07AF07A1
:10D3A000FFE0BF0708F479CF47CFE114F10461F53E
:10D3B0004091AE105091AF106091B0107091B110CB
:10D3C0008091B7109091B810A091B910B091BA1097
:10D3D000481759076A077B07B8F00E94EED58823E3
:10D3E00009F430CF80920910409205105092061037
:10D3F0006092071070920810A501B801C7018B5FF9
:10D40000914F0E9404F7AFCF41E0C301B2010E94E7
:10D4100037D68111F1CF16CF8091B7109091B81007
:10D42000A091B910B091BA1084179507A607B70755
:10D4300068F48091A7104093B7105093B810609390
:10D44000B9107093BA1080688093A7108091A710CC
:10D4500083FF07C086EA90E10E9423D9882309F45C
:10D46000F1CE8091A610882331F00E94724384E0AF
:10D4700090E20E944A438091061381FD2AC0E09108
:10D480007F0C9E9EF0011124EF51F34F808181119A
:10D4900010C081E090E20E944A438AE00E94434328
:10D4A00008C00E9456D98BE190E20E944A430E9434
:10D4B000574380917E0C882309F4DBCD90917F0C3B
:10D4C0009F5F943048F490937F0C815080937E0C42
:10D4D000D0CD0E943A6FEDCF10927F0CF6CFCF9354
:10D4E000DF9386EA90E10E943A7BCBEFD2E16B9723
:10D4F000CE010E943A7B81E1CD3ED807C1F781EC95
:10D5000090E10E943A7B8CED90E10E943A7BDF91A2
:10D51000CF9108958F929F92AF92BF92CF92DF9258
:10D52000EF92FF920F931F93CF93DF935C017B01E8
:10D530006115710519F0DB018D939C9385010F5FD7
:10D540001F4FF501D0818D2F90E064D36C01892BA2
:10D55000A9F5DD32A9F50F5F1F4FD5011196DC91BA
:10D56000C1E05801F1E0AF1AB10843E050E066E1D4
:10D5700071E0C50186D3892B61F5680182E0C80E90
:10D58000D11C45E050E061E171E0C6017AD3892BFE
:10D5900021F4680197E0C90ED11CE114F10419F0DF
:10D5A000D701CD92DC9260E070E080E89FEFC1117E
:10D5B000F9C060E070E080E89FE7F4C05801BECF9A
:10D5C000DB3229F485010E5F1F4FF501D181C0E0E8
:10D5D000C8CF43E050E06EE071E0C50152D3892B23
:10D5E000E9F0F80110E000E020E030E0A9015F017F
:10D5F000B0ED8B2E8D0E89E08815C0F19C2E6894BD
:10D6000091F88C2F8870C2FF16C0811102C00F5F85
:10D610001F4F3196D501DC91C92DE9CFE114F104FA
:10D6200029F00E5F1F4FF7011183008360E070E067
:10D6300080EC9FE7B7C0882311F001501109A5E0E5
:10D64000B0E0E0D79B01AC01220F331F441F551FF0
:10D65000280D311D411D511D283999E93907490708
:10D6600099E15907B0F2C6609C2ED3CFAEEF8A1273
:10D6700006C0C3FD3CC09C2E689493F8CACFDF7DE2
:10D68000D534A9F580818D3239F4C061DF0112965D
:10D69000818162E070E006C0DF018B32C1F3119638
:10D6A00061E070E080535D01A61AB70A8A30F8F491
:10D6B000E0E8CE16ECE0DE065CF4B601660F771FFC
:10D6C000660F771FC60ED71ECC0CDD1CC80ED11CF2
:10D6D0005D01FFEFAF1ABF0A8C9180538A3098F139
:10D6E000C4FF03C0D194C194D1080C0D1D1DC1FF0E
:10D6F00009C0E114F10431F081E0A81AB108D701A2
:10D70000AD92BC92CA01B90168D3C370C33009F4A9
:10D7100090584B015C0120E030E0A9015AD38823E6
:10D7200009F43EC0C5E4D1E017FF05C0119501958D
:10D730001109CDE2D1E06E01B8E1CB1AD10880E247
:10D74000E82EF12C0EC0D501B3CFFE012591359105
:10D75000459154910E191F09C501B4019FD34B0186
:10D760005C01D501C4010E151F057CF72497F594C3
:10D77000E794CC16DD06A9F78A2F880F8B2F881F18
:10D780008F3F41F020E030E0A901C501B40121D371
:10D79000811106C082E290E09093E0138093DF1342
:10D7A000C501B401DF91CF911F910F91FF90EF90D0
:10D7B000DF90CF90BF90AF909F908F9008953F9251
:10D7C0004F925F926F927F928F929F92AF92BF9291
:10D7D000CF92DF92EF92FF920F931F93CF93DF933D
:10D7E0005C016B017A016115710519F0FB019183F0
:10D7F0008083E114F10451F0C7010297839730F060
:10D8000040E030E020E090E06AC05E01E501219652
:10D81000F5011081812F90E0FDD1892BB1F71D32E8
:10D8200001F52196F501118101E0E114F10409F4FB
:10D83000E4C0F0E1EF16F10409F088C0103359F4A8
:10D8400088818F7D883509F07CC01981229602601D
:10D85000F0E1EF2EF12C812C912CA12C88E0B82E38
:10D8600091C01B3221F4E5012296F501118100E0FF
:10D87000DCCFEAE0EE16F10409F4C5C0F0E1EF16E2
:10D88000F10409F073C0E7CF78E0E72EF12C812C8A
:10D89000912CA12C60E1B62E75C021E0ABC0302FD9
:10D8A0003170C114D10431F0222371F12197F601B6
:10D8B000D183C08327FF2EC060E070E080E090E855
:10D8C000311104C06FEF7FEF8FEF9FE722E230E06E
:10D8D0003093E0132093DF13462F372F282F642F28
:10D8E000732F822FDF91CF911F910F91FF90EF90B7
:10D8F000DF90CF90BF90AF909F908F907F906F9070
:10D900005F904F903F90089501FF04C02297F60169
:10D91000D183C083332341F09095809570956195B4
:10D920007F4F8F4F9F4FD8CF97FFD6CF82E290E0A7
:10D930009093E0138093DF136FEF7FEF8FEF9FE7FC
:10D94000CBCF10E3E114F10409F49ECF28E0E216F6
:10D95000F10409F49CCF0CF08CCF812C912CA12CDC
:10D96000E0E4BE2E82E0E816F10461F060E070E0D1
:10D9700080E090E897010F2C000C440B550B04D667
:10D9800049015A0120E060E070E0CB0127010F2C33
:10D99000000C66087708FE0150ED352E310E39E097
:10D9A000331570F43FEB310F49EC342E3A3138F037
:10D9B0003FE9310F3A3108F072CF39EA332E310E98
:10D9C0003E141F040CF06BCF27FD14C0861697067B
:10D9D000A806B90670F0A3019201C7D5630D711DA9
:10D9E000811D911D61307105810520E8920708F4C1
:10D9F00054CF2FEF21961081CECF103309F420CFD2
:10DA00002AE0E22EF12C9CEC892E982CA82C9CE08C
:10DA1000B92EB8CF3F924F925F926F927F928F92C2
:10DA20009F92AF92BF92CF92DF92EF92FF920F93AD
:10DA30001F93CF93DF935C016B017A016115710530
:10DA400019F0FB0191838083E114F10449F0C701CF
:10DA50000297839728F060E070E0CB0199C05E01E7
:10DA6000E5012196F5011081812F90E0D3D0892B1B
:10DA7000B1F71D3209F05BC02196F501118101E07B
:10DA8000E114F10409F4B9C0F0E1EF16F10409F072
:10DA90009AC0103341F488818F7D883509F08EC09B
:10DAA000198122960260E0E1EE2EF12C88248A94FE
:10DAB000982CA82CFFE0BF2E20E060E070E0CB01A6
:10DAC00027010F2C000C66087708FE0150ED352E5B
:10DAD000310E39E0331568F43FEB310F49EC342E49
:10DAE0003A3130F03FE9310F3A31A8F539EA332EB7
:10DAF000310E3E141F047CF52F3FB1F086169706B9
:10DB0000A806B90630F1A30192012FD5232D30E0EC
:10DB100050E040E0620F731F841F951F6217730768
:10DB200084079507B0F021E021961081CECF1B32FB
:10DB300021F4E5012296F501118100E0A1CF78E002
:10DB4000E72EF12C88248A94982CA82C6FE1B62E0D
:10DB5000B3CF2FEFE9CFC114D10431F0222351F11B
:10DB60002197F601D183C08300FF07C0909580956F
:10DB7000709561957F4F8F4F9F4F2F3F49F482E201
:10DB800090E09093E0138093DF136FEF7FEFCB0172
:10DB9000DF91CF911F910F91FF90EF90DF90CF9089
:10DBA000BF90AF909F908F907F906F905F904F90BD
:10DBB0003F90089501FFD8CF2297D3CF10E3E1140F
:10DBC000F10409F4BCCF3AE0E316F104E1F080E19E
:10DBD000E816F10409F467CFE8E0EE16F10409F461
:10DBE000B1CF6FEF7FEFCB0197010F2C000C440BEF
:10DBF000550BCAD449015A015FCF103309F44BCFFA
:10DC00009AE0E92EF12C89E9882E982CA82C89E13C
:10DC1000B82E52CF91119BC3803219F08950855094
:10DC2000D0F70895FB01DC0102C005900D92415030
:10DC30005040D8F70895FB01DC010D900020E9F772
:10DC4000119705900D920020E1F70895FC010590D1
:10DC5000061621F00020D9F7C00108953197CF01B1
:10DC60000895FB01DC0105900D920020E1F7089575
:10DC7000FC0105900020E9F7809590958E0F9F1F7D
:10DC80000895FB01DC014150504088F08D918134B2
:10DC90001CF08B350CF4805E659161341CF06B35A3
:10DCA0000CF4605E861B611171F3990B0895881B5B
:10DCB000FCCFFB01DC014150504048F005900D9233
:10DCC0000020C9F701C01D9241505040E0F708956F
:10DCD000FB0155915523A9F0BF01DC014D9145177A
:10DCE0004111E1F759F4CD010590002049F04D9123
:10DCF00040154111C9F3FB014111EFCF81E090E0E4
:10DD0000019708950F931F93CF93DF93CDB7DEB79D
:10DD10002E970FB6F894DEBF0FBECDBF0D891E89BA
:10DD20008EE08C831A8309838FEF9FE79E838D8318
:10DD3000AE01475E5F4F6F89788DCE01019611D19C
:10DD40002F813885020F131FF80110822E960FB60F
:10DD5000F894DEBF0FBECDBFDF91CF911F910F9121
:10DD600008950F931F93CF93DF93CDB7DEB72E9710
:10DD70000FB6F894DEBF0FBECDBF8C01FA018EE066
:10DD80008C831A83098377FF02C060E070E86150DA
:10DD900071097E836D83A901BF01CE010196E1D097
:10DDA0004D815E8157FD0AC02F8138854217530788
:10DDB0000CF49A01020F131FF80110822E960FB671
:10DDC000F894DEBF0FBECDBFDF91CF911F910F91B1
:10DDD000089540D008F481E00895E89409C097FBC5
:10DDE0003EF490958095709561957F4F8F4F9F4F32
:10DDF0009923A9F0F92F96E9BB279395F695879576
:10DE000077956795B795F111F8CFFAF4BB0F11F438
:10DE100060FF1BC06F5F7F4F8F4F9F4F16C08823DF
:10DE200011F096E911C0772321F09EE8872F762F15
:10DE300005C0662371F096E8862F70E060E02AF056
:10DE40009A95660F771F881FDAF7880F9695879542
:10DE500097F90895990F0008550FAA0BE0E8FEEF17
:10DE600016161706E807F907C0F012161306E4079E
:10DE7000F50798F0621B730B840B950B39F40A2697
:10DE800061F0232B242B252B21F408950A2609F475
:10DE9000A140A6958FEF811D811D08950BD015C35C
:10DEA00006D328F00BD318F0952309F0F7C2FCC273
:10DEB00011243FC31BD3A0F3959FD1F3950F50E0DE
:10DEC000551F629FF001729FBB27F00DB11D639F2C
:10DED000AA27F00DB11DAA1F649F6627B00DA11DD2
:10DEE000661F829F2227B00DA11D621F739FB00D78
:10DEF000A11D621F839FA00D611D221F749F3327E8
:10DF0000A00D611D231F849F600D211D822F762F80
:10DF10006A2F11249F5750408AF0E1F088234AF07D
:10DF2000EE0FFF1FBB1F661F771F881F91505040C9
:10DF3000A9F79E3F510570F0B1C2FBC25F3FECF301
:10DF4000983EDCF3869577956795B795F795E795B5
:10DF50009F5FC1F7FE2B880F911D9695879597F9C6
:10DF600008952F923F924F925F926F927F928F927D
:10DF70009F92AF92BF92CF92DF92EF92FF920F9358
:10DF80001F93CF93DF93CDB7DEB72B970FB6F894DF
:10DF9000DEBF0FBECDBF7C013B018A01FC011782B1
:10DFA0001682838181FFD0C1CE0101965C01F70109
:10DFB0009381F30193FD859193FF81913F01882324
:10DFC00009F449C1853239F493FD859193FF81911C
:10DFD0003F01853221F4B70190E0D2D1E8CF912CF6
:10DFE000212C312CFFE1F31538F08B3211F190F434
:10DFF000803209F1833229F137FC3CC020ED280F33
:10E000002A3050F536FE20C08AE0989E200D11245B
:10E01000922E06C08D3291F0803371F7689430F8FB
:10E02000F30193FD859193FF81913F018111DACF37
:10E0300021C0689431F8689432F8F2CF689433F8CC
:10E04000EFCF689434F8ECCFEAE02E9E200D112437
:10E05000222E689435F8E4CF8E3229F436FCFBC0CA
:10E06000689436F8DDCF8C3619F4689437F8D8CF39
:10E070008836B1F2982F9F7D95549330D8F083362F
:10E0800091F18337B1F1833509F05EC02801F2E0E8
:10E090004F0E511CF801C080D180692D70E036FC14
:10E0A00002C06FEF7FEFC60155D14C01689437F87D
:10E0B00082010AC00C5F1F4FFFE3F9838824839419
:10E0C000912C6501E89437F833FE2AC0522C811454
:10E0D000910459F5552009F46ACFB70180E290E028
:10E0E0004FD15A94F7CFF801808189830E5F1F4F7B
:10E0F000E5CF2801F2E04F0E511CF801C080D1801D
:10E10000692D70E036FC02C06FEF7FEFC6012DD1A4
:10E110004C018201D7CFB70180E290E031D12A943F
:10E120002814190409F0B8F7D1CFF60137FC85910E
:10E1300037FE81916F01B70190E022D151105A94BE
:10E14000F1E08F1A9108C3CF843619F0893609F0AF
:10E1500073C0F80137FE67C060817181828193814D
:10E160000C5F1F4FF32DFF763F2E97FF09C0909550
:10E170008095709561957F4F8F4F9F4F689437F8CA
:10E180002AE030E0A5012CD1C82ECA188C2C432CD3
:10E1900036FE0CC0E89440F8C91440F434FE05C0C3
:10E1A00032FC03C0F32DFE7E4F2E892C44FEA6C008
:10E1B000FE01EC0DF11D8081803309F098C0242D03
:10E1C000297E422E842D8870582E43FCA5C040FE27
:10E1D0009FC09C2C821418F42C0C922C981844FE8E
:10E1E000A1C0B70180E390E0CBD042FE08C088E731
:10E1F00090E041FE02C088E590E0B701C1D0C914AB
:10E2000008F49CC0CA94D12C9FEFC91AD90ACA0C31
:10E21000DB1CF60182916F01B70190E0B1D0AC1424
:10E22000BD04B9F757CF60817181072E000C880BB0
:10E23000990B0E5F1F4F96CFD32CE894D4F82AE0A9
:10E2400030E08537E1F1232D297FD22E8F36A9F1D9
:10E25000F0F4883551F1F701868197812B960FB63E
:10E26000F894DEBF0FBECDBFDF91CF911F910F910C
:10E27000FF90EF90DF90CF90BF90AF909F908F90E6
:10E280007F906F905F904F903F902F9008958037D0
:10E2900049F0883701F7D4FE02C06894D2F820E133
:10E2A00030E00DC06894D4F8F6CF34FE03C0822F5E
:10E2B0008660D82E20E132E002C028E030E0F8018C
:10E2C000D7FE0EC060817181828193810C5F1F4FE8
:10E2D000A50186D0C82ECA183D2CE89437F856CF31
:10E2E0006081718190E080E00E5F1F4FF1CF42FCB2
:10E2F00002C0839467CF8394839464CF842D8678FF
:10E3000009F460CFF6CFB70180E290E039D0839472
:10E310008214C8F3512C63CF522C5818821408F47D
:10E320005ECFF8CF842D867809F469CF8BE241FE69
:10E3300080E247FC8DE2B70190E060CFB70180E357
:10E3400090E01ED09A945BCF8FEF9FEF87CF9927F5
:10E3500088270895FC010590615070400110D8F79E
:10E36000809590958E0F9F1F0895FC01615070401D
:10E3700001900110D8F7809590958E0F9F1F0895FA
:10E380000F931F93CF93DF93182F092FEB018B81EE
:10E3900081FD09C01FEF0FEF812F902FDF91CF91EB
:10E3A0001F910F91089582FF14C02E813F818C81AF
:10E3B0009D81281739073CF4E881F981CF01019646
:10E3C0009983888310838E819F8101969F838E839A
:10E3D000E3CFE885F985812F0995892BA1F3DACF61
:10E3E000FA01AA27283051F1203181F1E8946F9386
:10E3F0006E7F6E5F7F4F8F4F9F4FAF4FB1E03ED02C
:10E40000B4E03CD0670F781F891F9A1FA11D680FC9
:10E41000791F8A1F911DA11D6A0F711D811D911DFC
:10E42000A11D20D009F468943F912AE0269F112471
:10E430003019305D3193DEF6CF010895462F4770D5
:10E44000405D4193B3E00FD0C9F7F6CF462F4F7030
:10E45000405D4A3318F0495D31FD4052419302D08E
:10E46000A9F7EACFB4E0A695979587957795679534
:10E47000BA95C9F700976105710508959B01AC0134
:10E480000A2E06945795479537952795BA95C9F75B
:10E49000620F731F841F951FA01D089597F99F6732
:10E4A00080E870E060E008959FEF80EC089500241C
:10E4B0000A941616170618060906089500240A94E9
:10E4C00012161306140605060895092E0394000C6F
:10E4D00011F4882352F0BB0F40F4BF2B11F460FFFE
:10E4E00004C06F5F7F4F8F4F9F4F089557FD905827
:10E4F000440F551F59F05F3F71F04795880F97FB08
:10E50000991F61F09F3F79F08795089512161306C1
:10E510001406551FF2CF4695F1DF08C016161706F0
:10E520001806991FF1CF8695710561050894089525
:10E53000E894BB2766277727CB0197F90895F999C7
:10E54000FECF92BD81BDF89A992780B50895262FF8
:10E55000F999FECF1FBA92BD81BD20BD0FB6F894C8
:10E56000FA9AF99A0FBE01960895DB018F939F9353
:10E5700049D0BF91AF91A29F800D911DA39F900D97
:10E58000B29F900D11240895A1E21A2EAA1BBB1B65
:10E59000FD010DC0AA1FBB1FEE1FFF1FA217B3076F
:10E5A000E407F50720F0A21BB30BE40BF50B661F85
:10E5B000771F881F991F1A9469F760957095809549
:10E5C00090959B01AC01BD01CF010895052E97FBED
:10E5D00016F400940FD057FD05D0D6DF07FC02D00B
:10E5E00046F408C050954095309521953F4F4F4FC8
:10E5F0005F4F089590958095709561957F4F8F4FEF
:10E600009F4F08950FD0A59F900DB49F900DA49F8C
:10E61000800D911D11240895B7FFF4CFF3DF821B05
:10E62000930B0895A29FB001B39FC001A39F700DEB
:10E63000811D1124911DB29F700D811D1124911D0A
:10E640000895991B79E004C0991F961708F0961B4E
:10E65000881F7A95C9F78095089587FB082E0626AE
:10E6600087FD819567FD6195ECDF0EF4919507FCC0
:10E6700081950895AA1BBB1B51E107C0AA1FBB1FB0
:10E68000A617B70710F0A61BB70B881F991F5A953E
:10E69000A9F780959095BC01CD01089597FB072EB1
:10E6A00016F4009406D077FD08D0E4DF07FC05D00F
:10E6B0003EF4909581959F4F0895709561957F4F99
:10E6C0000895EE0FFF1F0024001C0BBE0790F6916B
:10E6D000E02D0994AA27992329F4A85F982B11F417
:10E6E00080E10895903118F4AD5F9295A395990F4C
:10E6F000E8F78A2F992708952F923F924F925F92C1
:10E700006F927F928F929F92AF92BF92CF92DF9241
:10E71000EF92FF920F931F93CF93DF93CDB7DEB7A6
:10E72000CA1BDB0B0FB6F894DEBF0FBECDBF09943A
:10E730002A88398848885F846E847D848C849B8491
:10E74000AA84B984C884DF80EE80FD800C811B819F
:10E75000AA81B981CE0FD11D0FB6F894DEBF0FBECE
:10E76000CDBFED0108955058BB27AA270ED0ADCEDE
:10E770009EDE30F0A3DE20F031F49F3F11F41EF452
:10E7800093CE0EF4E095E7FB89CEE92FAFDE80F360
:10E79000BA17620773078407950718F071F49EF59E
:10E7A000C7CE0EF4E0950B2EBA2FA02D0B01B901A8
:10E7B00090010C01CA01A0011124FF27591B99F0F7
:10E7C000593F50F4503E68F11A16F040A22F232F03
:10E7D000342F4427585FF3CF469537952795A79553
:10E7E000F0405395C9F77EF41F16BA0B620B730BFA
:10E7F000840BBAF09150A1F0FF0FBB1F661F771F6B
:10E80000881FC2F70EC0BA0F621F731F841F48F41F
:10E81000879577956795B795F7959E3F08F0B3CFA5
:10E820009395880F08F09927EE0F9795879508958F
:10E83000E7D080F09F3740F491110EF47ACE60E07B
:10E8400070E080E89FE3089526F01B16611D711D9E
:10E85000811DADC0C7C00CD038CE30DE40F027DE01
:10E8600030F021F45F3F19F019CE511162CE1CCE69
:10E870003DDE98F39923C9F35523B1F3951B550B4E
:10E88000BB27AA2762177307840738F09F5F5F4F83
:10E89000220F331F441FAA1FA9F333D00E2E3AF0C4
:10E8A000E0E830D091505040E695001CCAF729D0DE
:10E8B000FE2F27D0660F771F881FBB1F261737072D
:10E8C0004807AB07B0E809F0BB0B802DBF01FF275D
:10E8D00093585F4F2AF09E3F510568F0DFCD29CE57
:10E8E0005F3FECF3983EDCF3869577956795B79597
:10E8F000F7959F5FC9F7880F911D9695879597F9B2
:10E900000895E1E0660F771F881FBB1F621773072A
:10E910008407BA0720F0621B730B840BBA0BEE1F3F
:10E9200088F7E095089504D06894B11102CE089557
:10E93000E5DD88F09F5790F0B92F9927B751A0F0E7
:10E94000D1F0660F771F881F991F1AF0BA95C9F783
:10E9500012C0B13081F0ECDDB1E00895E9CD672F50
:10E96000782F8827B85F39F0B93FCCF38695779533
:10E970006795B395D9F73EF490958095709561951C
:10E980007F4F8F4F9F4F08953BD080F09F3740F4CB
:10E9900091110EF0CECD60E070E080E89FEB08951D
:10E9A00026F41B16611D711D811D01C01BC088232B
:10E9B00071F4772321F09850872B762F07C06623B8
:10E9C00011F499270DC09051862B70E060E02AF079
:10E9D0009A95660F771F881FDAF7880F96958795A7
:10E9E00097F908959F3F31F0915020F487957795DE
:10E9F0006795B795880F911D9695879597F9089516
:10EA00007DDDA0F0BEE7B91788F4BB279F3860F41E
:10EA10001616B11D672F782F8827985FF7CF869538
:10EA200077956795B11D93959639C8F3089512DAD5
:10EA300008F48FEF089562DD58F19E5758F1985110
:10EA4000A0F0E9F0983020F5092E9927660F771F7E
:10EA5000881F991F0A94D1F712C0062E672F782FAE
:10EA60008827985F11F4000C07C0993FB4F386958E
:10EA7000779567959395D9F7611D711D811D3EF4BA
:10EA800090958095709561957F4F8F4F9F4F08951A
:10EA900068944FCD4DCDFA01EE0FFF1F3096210542
:10EAA000310599F16115710561F48038BFE39B0769
:10EAB00049F168949038810561F08038BFEF9B0779
:10EAC00041F0992342F5FF3FE1053105210511F1A0
:10EAD000E8940894E795D901AA2329F4AB2FBE2F17
:10EAE000F85FD0F310C0FF5F70F4A695E0F7F73938
:10EAF00050F019F0FF3A38F49F779F930CD00F90A5
:10EB000007FC905808953EF0CFCC60E070E080E8BC
:10EB10009FE308954FE79F775F934F933F932F9322
:10EB2000EBD02F913F914F915F91B8D94BC011F429
:10EB30000EF4BACC57CFE2DCD0F39923D9F3CEF35D
:10EB40009F57550B87FF6AD00024A0E640EA90014A
:10EB500080585695979528F4805C660F771F881F1C
:10EB600020F026173707480730F4621B730B840B1D
:10EB7000202931294A2BA695179407942025312561
:10EB80004A2758F7660F771F881F20F02617370788
:10EB9000480730F4620B730B840B200D311D411DAF
:10EBA000A09581F7B901842F9158880F9695879584
:10EBB000089550D9880B990B089519F40EF06ECC76
:10EBC000B7CC72CC9BDCC8F39638C0F707F80F922D
:10EBD000E8942BE33AEA48EB5FE76ED90F920F9285
:10EBE0000F924DB75EB70F92C7D0ECE8F0E01DD0A2
:10EBF0004F915F91EF91FF91E595EE1FFF1F49F057
:10EC0000FE57E0684427EE0F441FFA95E1F741955F
:10EC1000550B39D00F9007FE2DC0089591505040EC
:10EC2000660F771F881FD2F70895DF93CF931F9346
:10EC30000F93FF92EF92DF927B018C01689405C0E5
:10EC4000DA2EEF0137D9FE01E894A591259135918F
:10EC500045915591AEF3EF0198DDFE019701A801B2
:10EC6000DA9479F7DF90EF90FF900F911F91CF9199
:10EC7000DF9108959B01AC0160E070E080E89FE3C4
:10EC8000EACD0CCCAFCE3ADCE8F39923D9F3940F5C
:10EC9000511DBBF39150504094F059F0882332F04D
:10ECA000660F771F881F91505040C1F79E3F510556
:10ECB00044F7880F911D9695879597F908955F3FC2
:10ECC000ACF0983E9CF0BB27869577956795B795F5
:10ECD00008F4B1609395C1F7BB0F58F711F460FFCA
:10ECE000E8CF6F5F7F4F8F4F9F4FE3CF22CC0EF067
:10ECF00079CEDACB6894D2CB01DCC8F39923D1F377
:10ED0000C6F3DF93CF931F930F93FF92C92FDD2795
:10ED100088232AF02197660F771F881FDAF720E0F3
:10ED200030E040E85FEB9FE3883920F0803E30F030
:10ED300021968F7719DDE4EBF0E003C015DDE1EEFD
:10ED4000F0E073DF8B01BE01EC01FB2E6F57710900
:10ED50007595771F880B990B42D828E132E741E37C
:10ED60005FE3A8D8AF2D9801AE01FF900F911F91DE
:10ED7000CF91DF910ADDA9CBFA01DC01AA0FBB1FFD
:10ED80009B01AC01BF5728F4222733274427507832
:10ED90001FC0B75188F4AB2F0024469537952795AF
:10EDA000011CA395D2F3002069F0220F331F441FEA
:10EDB000B395DAF30DD0D7CC61307105A0E88A079E
:10EDC000B94630F49B01AC016627772788279078F5
:10EDD000309621F02083318342835383089591112B
:10EDE000089581548A5108F4805E855A0895FB0184
:10EDF000DC0104C08D910190801921F441505040F4
:10EE0000C8F7881B990B0895FB01DC0102C0019033
:10EE10000D9241505040D8F70895DC0101C06D9328
:10EE200041505040E0F70895FB01DC018D918134A1
:10EE30001CF08B350CF4805E619161341CF06B35F5
:10EE40000CF4605E861B611189F3990B0895FC0137
:10EE50008191861721F08823D9F799270895319752
:10EE6000CF010895FB01DC0101900D920020E1F734
:10EE70000895FB01DC014150504030F08D9101902C
:10EE8000801919F40020B9F7881B990B0895FB012C
:10EE9000DC014150504048F001900D920020C9F72C
:10EEA00001C01D9241505040E0F70895FC0181E0FF
:10EEB00090E00190061609F4CF010020D1F70197E8
:10EEC000089515E1C2E7D5E103C0FE01FADB219602
:0AEED000C337D107D1F7F894FFCF44
:10EEDA0010400000008071020D0202C0D4010064DB
:10EEEA0000211B0001D1B6FFFF01CDCCCC3DFA00B9
:10EEFA00D2000000803F640055558542640000003E
:10EF0A00803FAA000100000000000000000000008D
:10EF1A0000000000A043000096430000C843FFFF22
:10EF2A00FFFFFF0601FFFFFF3FFF3F00000000FF5A
:10EF3A003F0103000005430000803F003C1C4600DF
:10EF4A003C1C46003C1C46003C1C463C1EF5294421
:10EF5A000000000000470048000000000000010116
:10EF6A000158595A45000100FF0100FF00000048FE
:10EF7A00420000484200008040000000400000209B
:10EF8A004100002041CDCCCC3E0000A0400000C092
:10EF9A007F0000C07F0000C07FFF003C000100002E
:10EFAA004040000034420000000000000000000061
:10EFBA000000000050410000000000000041640011
:10EFCA000000640000000300000064000000640008
:10EFDA0000000300000003000000030000001E0000
:10EFEA000000000030C2000010C1000000000A0941
:10EFFA0000030A005A003A1529151915051556383D
:10F00A00380000000000804000008040000000003E
:10F01A00F874AC754574C0742D746973CF734E73EC
:10F02A00D174ED73586FCE6FCD6F00000000191EBA
:0EF03A0007B6BD16CD6F4552520058595A0008
:00000001FF
